BEGIN BULK
MAT1           12.10E+117.85E+030.30    
GRID*                  1               0-2.816326531E-01 1.928571429E-01*       
*       -6.041034753E-01
GRID*                  2               0-2.816326531E-01 1.836734694E-01*       
*       -6.046231733E-01
GRID*                  3               0-2.816326531E-01 1.744897959E-01*       
*       -6.051428712E-01
GRID*                  4               0-2.816326531E-01 1.653061224E-01*       
*       -6.017176796E-01
GRID*                  5               0-2.816326531E-01 1.561224490E-01*       
*       -5.982924881E-01
GRID*                  6               0-2.816326531E-01 1.469387755E-01*       
*       -5.914828426E-01
GRID*                  7               0-2.816326531E-01 1.377551020E-01*       
*       -5.846731972E-01
GRID*                  8               0-2.816326531E-01 1.285714286E-01*       
*       -5.804794004E-01
GRID*                  9               0-2.816326531E-01 1.193877551E-01*       
*       -5.762856035E-01
GRID*                 10               0-2.693877551E-01 1.193877551E-01*       
*       -5.751707631E-01
GRID*                 11               0-2.571428571E-01 1.193877551E-01*       
*       -5.740559226E-01
GRID*                 12               0-2.448979592E-01 1.193877551E-01*       
*       -5.771600476E-01
GRID*                 13               0-2.326530612E-01 1.193877551E-01*       
*       -5.802641726E-01
GRID*                 14               0-2.204081633E-01 1.193877551E-01*       
*       -5.825045793E-01
GRID*                 15               0-2.081632653E-01 1.193877551E-01*       
*       -5.847449861E-01
GRID*                 16               0-1.959183673E-01 1.193877551E-01*       
*       -5.819826667E-01
GRID*                 17               0-1.836734694E-01 1.193877551E-01*       
*       -5.792203472E-01
GRID*                 18               0-1.714285714E-01 1.193877551E-01*       
*       -5.816112263E-01
GRID*                 19               0-1.591836735E-01 1.193877551E-01*       
*       -5.840021053E-01
GRID*                 20               0-1.469387755E-01 1.193877551E-01*       
*       -5.890918269E-01
GRID*                 21               0-1.346938776E-01 1.193877551E-01*       
*       -5.941815486E-01
GRID*                 22               0-1.224489796E-01 1.193877551E-01*       
*       -5.925309163E-01
GRID*                 23               0-1.102040816E-01 1.193877551E-01*       
*       -5.908802840E-01
GRID*                 24               0-1.102040816E-01 1.285714286E-01*       
*       -5.868149893E-01
GRID*                 25               0-1.102040816E-01 1.377551020E-01*       
*       -5.827496945E-01
GRID*                 26               0-1.102040816E-01 1.469387755E-01*       
*       -5.817967011E-01
GRID*                 27               0-1.102040816E-01 1.561224490E-01*       
*       -5.808437078E-01
GRID*                 28               0-1.102040816E-01 1.653061224E-01*       
*       -5.832252984E-01
GRID*                 29               0-1.102040816E-01 1.744897959E-01*       
*       -5.856068891E-01
GRID*                 30               0-1.102040816E-01 1.836734694E-01*       
*       -5.889926122E-01
GRID*                 31               0-1.102040816E-01 1.928571429E-01*       
*       -5.923783353E-01
GRID*                 32               0-1.102040816E-01 2.020408163E-01*       
*       -5.927709821E-01
GRID*                 33               0-1.102040816E-01 2.112244898E-01*       
*       -5.931636288E-01
GRID*                 34               0-1.102040816E-01 2.204081633E-01*       
*       -5.906049683E-01
GRID*                 35               0-1.102040816E-01 2.295918367E-01*       
*       -5.880463078E-01
GRID*                 36               0-1.102040816E-01 2.387755102E-01*       
*       -5.893008597E-01
GRID*                 37               0-1.102040816E-01 2.479591837E-01*       
*       -5.905554117E-01
GRID*                 38               0-1.102040816E-01 2.571428571E-01*       
*       -5.928265705E-01
GRID*                 39               0-1.102040816E-01 2.663265306E-01*       
*       -5.950977292E-01
GRID*                 40               0-1.102040816E-01 2.755102041E-01*       
*       -5.966931116E-01
GRID*                 41               0-1.102040816E-01 2.846938776E-01*       
*       -5.982884939E-01
GRID*                 42               0-1.224489796E-01 2.846938776E-01*       
*       -6.000810217E-01
GRID*                 43               0-1.346938776E-01 2.846938776E-01*       
*       -6.018735495E-01
GRID*                 44               0-1.469387755E-01 2.846938776E-01*       
*       -6.011901563E-01
GRID*                 45               0-1.591836735E-01 2.846938776E-01*       
*       -6.005067632E-01
GRID*                 46               0-1.714285714E-01 2.846938776E-01*       
*       -5.944160238E-01
GRID*                 47               0-1.836734694E-01 2.846938776E-01*       
*       -5.883252845E-01
GRID*                 48               0-1.959183673E-01 2.846938776E-01*       
*       -5.900580780E-01
GRID*                 49               0-2.081632653E-01 2.846938776E-01*       
*       -5.917908714E-01
GRID*                 50               0-2.204081633E-01 2.846938776E-01*       
*       -5.951929198E-01
GRID*                 51               0-2.326530612E-01 2.846938776E-01*       
*       -5.985949681E-01
GRID*                 52               0-2.448979592E-01 2.846938776E-01*       
*       -6.003124502E-01
GRID*                 53               0-2.571428571E-01 2.846938776E-01*       
*       -6.020299323E-01
GRID*                 54               0-2.693877551E-01 2.846938776E-01*       
*       -6.001944506E-01
GRID*                 55               0-2.816326531E-01 2.846938776E-01*       
*       -5.983589689E-01
GRID*                 56               0-2.816326531E-01 2.755102041E-01*       
*       -5.974548644E-01
GRID*                 57               0-2.816326531E-01 2.663265306E-01*       
*       -5.965507599E-01
GRID*                 58               0-2.816326531E-01 2.571428571E-01*       
*       -5.984801265E-01
GRID*                 59               0-2.816326531E-01 2.479591837E-01*       
*       -6.004094931E-01
GRID*                 60               0-2.816326531E-01 2.387755102E-01*       
*       -6.044022344E-01
GRID*                 61               0-2.816326531E-01 2.295918367E-01*       
*       -6.083949758E-01
GRID*                 62               0-2.816326531E-01 2.204081633E-01*       
*       -6.077489914E-01
GRID*                 63               0-2.816326531E-01 2.112244898E-01*       
*       -6.071030070E-01
GRID*                 64               0-2.816326531E-01 2.020408163E-01*       
*       -6.056032411E-01
GRID*                 65               0-2.800600747E-01 1.929947435E-01*       
*       -6.034240618E-01
GRID*                 66               0-2.799156358E-01 1.840168728E-01*       
*       -6.040264217E-01
GRID*                 67               0-2.796741740E-01 1.751018206E-01*       
*       -6.046697391E-01
GRID*                 68               0-2.793582553E-01 1.662727415E-01*       
*       -6.015540132E-01
GRID*                 69               0-2.789927739E-01 1.575413840E-01*       
*       -5.981732151E-01
GRID*                 70               0-2.786007023E-01 1.489095435E-01*       
*       -5.922273989E-01
GRID*                 71               0-2.782006806E-01 1.403719810E-01*       
*       -5.858498664E-01
GRID*                 72               0-2.778063331E-01 1.319194585E-01*       
*       -5.813277626E-01
GRID*                 73               0-2.774266951E-01 1.235411386E-01*       
*       -5.776783307E-01
GRID*                 74               0-2.662526871E-01 1.230299665E-01*       
*       -5.761605186E-01
GRID*                 75               0-2.549408696E-01 1.224941304E-01*       
*       -5.754757244E-01
GRID*                 76               0-2.434657138E-01 1.219592866E-01*       
*       -5.781071323E-01
GRID*                 77               0-2.318108393E-01 1.214669905E-01*       
*       -5.807960601E-01
GRID*                 78               0-2.199814687E-01 1.210731985E-01*       
*       -5.829350082E-01
GRID*                 79               0-2.080164722E-01 1.208373368E-01*       
*       -5.850563223E-01
GRID*                 80               0-1.959899798E-01 1.208021001E-01*       
*       -5.824767215E-01
GRID*                 81               0-1.839948065E-01 1.209743569E-01*       
*       -5.799876221E-01
GRID*                 82               0-1.721140391E-01 1.213217532E-01*       
*       -5.824231996E-01
GRID*                 83               0-1.603989551E-01 1.217879363E-01*       
*       -5.850564928E-01
GRID*                 84               0-1.488649314E-01 1.223140303E-01*       
*       -5.890381888E-01
GRID*                 85               0-1.375012686E-01 1.228531285E-01*       
*       -5.928002019E-01
GRID*                 86               0-1.262843348E-01 1.233745059E-01*       
*       -5.920748368E-01
GRID*                 87               0-1.151873550E-01 1.238613755E-01*       
*       -5.898470324E-01
GRID*                 88               0-1.148314944E-01 1.322523251E-01*       
*       -5.865445317E-01
GRID*                 89               0-1.144683419E-01 1.407110098E-01*       
*       -5.839389444E-01
GRID*                 90               0-1.141068925E-01 1.492449819E-01*       
*       -5.828047539E-01
GRID*                 91               0-1.137595358E-01 1.578597732E-01*       
*       -5.822212625E-01
GRID*                 92               0-1.134419963E-01 1.665571349E-01*       
*       -5.838473000E-01
GRID*                 93               0-1.131724430E-01 1.753330804E-01*       
*       -5.857243719E-01
GRID*                 94               0-1.129695228E-01 1.841762769E-01*       
*       -5.889085259E-01
GRID*                 95               0-1.128494308E-01 1.930675684E-01*       
*       -5.920423117E-01
GRID*                 96               0-1.128226890E-01 2.019813025E-01*       
*       -5.922825451E-01
GRID*                 97               0-1.128917393E-01 2.108885326E-01*       
*       -5.925025015E-01
GRID*                 98               0-1.130503507E-01 2.197612839E-01*       
*       -5.900552839E-01
GRID*                 99               0-1.132851066E-01 2.285764990E-01*       
*       -5.874954110E-01
GRID*                100               0-1.135783194E-01 2.373184530E-01*       
*       -5.881538690E-01
GRID*                101               0-1.139112415E-01 2.459792233E-01*       
*       -5.892073633E-01
GRID*                102               0-1.142666142E-01 2.545576091E-01*       
*       -5.914287360E-01
GRID*                103               0-1.146301427E-01 2.630572809E-01*       
*       -5.940683227E-01
GRID*                104               0-1.149909750E-01 2.714848619E-01*       
*       -5.961999427E-01
GRID*                105               0-1.153415071E-01 2.798483513E-01*       
*       -5.980040597E-01
GRID*                106               0-1.264505676E-01 2.803237223E-01*       
*       -5.993522115E-01
GRID*                107               0-1.376756401E-01 2.808269043E-01*       
*       -6.003063272E-01
GRID*                108               0-1.490397257E-01 2.813404378E-01*       
*       -5.998971057E-01
GRID*                109               0-1.605616204E-01 2.818346377E-01*       
*       -5.988715652E-01
GRID*                110               0-1.722474174E-01 2.822665840E-01*       
*       -5.933683824E-01
GRID*                111               0-1.840800580E-01 2.825846989E-01*       
*       -5.879671131E-01
GRID*                112               0-1.960124715E-01 2.827412173E-01*       
*       -5.896783289E-01
GRID*                113               0-2.079719775E-01 2.827092664E-01*       
*       -5.913559448E-01
GRID*                114               0-2.198781979E-01 2.824945212E-01*       
*       -5.945163756E-01
GRID*                115               0-2.316655914E-01 2.821326277E-01*       
*       -5.976138027E-01
GRID*                116               0-2.432972976E-01 2.816744478E-01*       
*       -5.990846352E-01
GRID*                117               0-2.547650741E-01 2.811696634E-01*       
*       -6.003227794E-01
GRID*                118               0-2.660803847E-01 2.806569402E-01*       
*       -5.995153735E-01
GRID*                119               0-2.772641993E-01 2.801616067E-01*       
*       -5.983224395E-01
GRID*                120               0-2.776353970E-01 2.718127422E-01*       
*       -5.970524725E-01
GRID*                121               0-2.780240806E-01 2.633945655E-01*       
*       -5.966319374E-01
GRID*                122               0-2.784229717E-01 2.548960802E-01*       
*       -5.978190625E-01
GRID*                123               0-2.788205797E-01 2.463070905E-01*       
*       -5.996970015E-01
GRID*                124               0-2.792004914E-01 2.376202334E-01*       
*       -6.038129773E-01
GRID*                125               0-2.795414760E-01 2.288337851E-01*       
*       -6.075294086E-01
GRID*                126               0-2.798190705E-01 2.199547676E-01*       
*       -6.071172022E-01
GRID*                127               0-2.800090556E-01 2.110012452E-01*       
*       -6.066180803E-01
GRID*                128               0-2.800923976E-01 2.020023099E-01*       
*       -6.050405623E-01
GRID*                129               0-2.786582753E-01 1.931174009E-01*       
*       -6.028218778E-01
GRID*                130               0-2.783850834E-01 1.843229833E-01*       
*       -6.034819497E-01
GRID*                131               0-2.779283819E-01 1.756473807E-01*       
*       -6.042225234E-01
GRID*                132               0-2.773308528E-01 1.671343876E-01*       
*       -6.014145645E-01
GRID*                133               0-2.766395806E-01 1.588062254E-01*       
*       -5.980778743E-01
GRID*                134               0-2.758980155E-01 1.506662899E-01*       
*       -5.928747348E-01
GRID*                135               0-2.751414138E-01 1.427046720E-01*       
*       -5.868741576E-01
GRID*                136               0-2.743955441E-01 1.349038989E-01*       
*       -5.819343703E-01
GRID*                137               0-2.736774960E-01 1.272434727E-01*       
*       -5.787157786E-01
GRID*                138               0-2.634580814E-01 1.262766407E-01*       
*       -5.769094232E-01
GRID*                139               0-2.529780136E-01 1.252631594E-01*       
*       -5.766908293E-01
GRID*                140               0-2.421890075E-01 1.242515548E-01*       
*       -5.789241691E-01
GRID*                141               0-2.310600810E-01 1.233204249E-01*       
*       -5.812770152E-01
GRID*                142               0-2.196011124E-01 1.225756060E-01*       
*       -5.833214981E-01
GRID*                143               0-2.078856206E-01 1.221294968E-01*       
*       -5.853368393E-01
GRID*                144               0-1.960538152E-01 1.220628499E-01*       
*       -5.829156991E-01
GRID*                145               0-1.842812469E-01 1.223886567E-01*       
*       -5.806644055E-01
GRID*                146               0-1.727250663E-01 1.230457229E-01*       
*       -5.831376242E-01
GRID*                147               0-1.614822595E-01 1.239274625E-01*       
*       -5.859757592E-01
GRID*                148               0-1.505819104E-01 1.249225177E-01*       
*       -5.892555948E-01
GRID*                149               0-1.400037824E-01 1.259421689E-01*       
*       -5.920266409E-01
GRID*                150               0-1.297031778E-01 1.269283032E-01*       
*       -5.919866576E-01
GRID*                151               0-1.196294545E-01 1.278491694E-01*       
*       -5.893901660E-01
GRID*                152               0-1.189563792E-01 1.355334834E-01*       
*       -5.866580959E-01
GRID*                153               0-1.182695118E-01 1.433459116E-01*       
*       -5.849213196E-01
GRID*                154               0-1.175858656E-01 1.513007388E-01*       
*       -5.836478333E-01
GRID*                155               0-1.169288745E-01 1.594084273E-01*       
*       -5.832470614E-01
GRID*                156               0-1.163282797E-01 1.676722899E-01*       
*       -5.842691857E-01
GRID*                157               0-1.158184460E-01 1.760847858E-01*       
*       -5.858136909E-01
GRID*                158               0-1.154346424E-01 1.846244804E-01*       
*       -5.888250138E-01
GRID*                159               0-1.152075001E-01 1.932551421E-01*       
*       -5.917369753E-01
GRID*                160               0-1.151569206E-01 2.019282518E-01*       
*       -5.918487765E-01
GRID*                161               0-1.152875225E-01 2.105890597E-01*       
*       -5.919225865E-01
GRID*                162               0-1.155875205E-01 2.191846544E-01*       
*       -5.895702850E-01
GRID*                163               0-1.160315382E-01 2.276714249E-01*       
*       -5.870128203E-01
GRID*                164               0-1.165861216E-01 2.360196293E-01*       
*       -5.871407583E-01
GRID*                165               0-1.172158109E-01 2.442142828E-01*       
*       -5.880196231E-01
GRID*                166               0-1.178879636E-01 2.522531141E-01*       
*       -5.898977201E-01
GRID*                167               0-1.185755422E-01 2.601430655E-01*       
*       -5.927580752E-01
GRID*                168               0-1.192580210E-01 2.678966642E-01*       
*       -5.955061870E-01
GRID*                169               0-1.199210181E-01 2.755290398E-01*       
*       -5.974221851E-01
GRID*                170               0-1.300175908E-01 2.764281574E-01*       
*       -5.984718992E-01
GRID*                171               0-1.403335889E-01 2.773798769E-01*       
*       -5.989291899E-01
GRID*                172               0-1.509125167E-01 2.783511752E-01*       
*       -5.987566299E-01
GRID*                173               0-1.617899250E-01 2.792859057E-01*       
*       -5.974528140E-01
GRID*                174               0-1.729773383E-01 2.801028899E-01*       
*       -5.924541205E-01
GRID*                175               0-1.844424920E-01 2.807045730E-01*       
*       -5.876473291E-01
GRID*                176               0-1.960963560E-01 2.810006123E-01*       
*       -5.893397107E-01
GRID*                177               0-2.078014632E-01 2.809401802E-01*       
*       -5.909684757E-01
GRID*                178               0-2.194057857E-01 2.805340107E-01*       
*       -5.939191882E-01
GRID*                179               0-2.307853589E-01 2.798495247E-01*       
*       -5.967519605E-01
GRID*                180               0-2.418704648E-01 2.789829223E-01*       
*       -5.980310088E-01
GRID*                181               0-2.526455137E-01 2.780281721E-01*       
*       -5.988718478E-01
GRID*                182               0-2.631321884E-01 2.770584065E-01*       
*       -5.986313010E-01
GRID*                183               0-2.733701511E-01 2.761215318E-01*       
*       -5.978765338E-01
GRID*                184               0-2.740722351E-01 2.685168175E-01*       
*       -5.963852243E-01
GRID*                185               0-2.748073922E-01 2.607810062E-01*       
*       -5.962743836E-01
GRID*                186               0-2.755618555E-01 2.528932989E-01*       
*       -5.969367596E-01
GRID*                187               0-2.763138920E-01 2.448344115E-01*       
*       -5.991159888E-01
GRID*                188               0-2.770324577E-01 2.365904174E-01*       
*       -6.033204346E-01
GRID*                189               0-2.776773968E-01 2.281580563E-01*       
*       -6.067751893E-01
GRID*                190               0-2.782024396E-01 2.195506099E-01*       
*       -6.065630231E-01
GRID*                191               0-2.785617778E-01 2.108022444E-01*       
*       -6.061800426E-01
GRID*                192               0-2.787194109E-01 2.019679853E-01*       
*       -6.045380445E-01
GRID*                193               0-2.774087086E-01 1.932267380E-01*       
*       -6.022878285E-01
GRID*                194               0-2.770207460E-01 1.845958508E-01*       
*       -6.029866527E-01
GRID*                195               0-2.763721795E-01 1.761336939E-01*       
*       -6.038036402E-01
GRID*                196               0-2.755236223E-01 1.679024605E-01*       
*       -6.012953801E-01
GRID*                197               0-2.745419395E-01 1.599337075E-01*       
*       -5.980016115E-01
GRID*                198               0-2.734888353E-01 1.522322571E-01*       
*       -5.934387694E-01
GRID*                199               0-2.724143774E-01 1.447840372E-01*       
*       -5.877676703E-01
GRID*                200               0-2.713551602E-01 1.375642348E-01*       
*       -5.823562106E-01
GRID*                201               0-2.703354528E-01 1.305437404E-01*       
*       -5.794784384E-01
GRID*                202               0-2.609669645E-01 1.291707324E-01*       
*       -5.774710265E-01
GRID*                203               0-2.512283200E-01 1.277314771E-01*       
*       -5.777338416E-01
GRID*                204               0-2.410509490E-01 1.262948871E-01*       
*       -5.796308670E-01
GRID*                205               0-2.303908537E-01 1.249725800E-01*       
*       -5.817111663E-01
GRID*                206               0-2.192620621E-01 1.239148549E-01*       
*       -5.836682447E-01
GRID*                207               0-2.077689792E-01 1.232813306E-01*       
*       -5.855892695E-01
GRID*                208               0-1.961107182E-01 1.231866848E-01*       
*       -5.833058733E-01
GRID*                209               0-1.845365805E-01 1.236493664E-01*       
*       -5.812619966E-01
GRID*                210               0-1.732697372E-01 1.245824728E-01*       
*       -5.837670181E-01
GRID*                211               0-1.624479191E-01 1.258346403E-01*       
*       -5.867788128E-01
GRID*                212               0-1.521124288E-01 1.272477284E-01*       
*       -5.896601334E-01
GRID*                213               0-1.422345281E-01 1.286957456E-01*       
*       -5.917008332E-01
GRID*                214               0-1.327507410E-01 1.300961650E-01*       
*       -5.921610314E-01
GRID*                215               0-1.235891505E-01 1.314038965E-01*       
*       -5.893517474E-01
GRID*                216               0-1.226333094E-01 1.384583143E-01*       
*       -5.871395403E-01
GRID*                217               0-1.216578820E-01 1.456946682E-01*       
*       -5.857352509E-01
GRID*                218               0-1.206870289E-01 1.531332444E-01*       
*       -5.843552551E-01
GRID*                219               0-1.197540291E-01 1.607889006E-01*       
*       -5.840008279E-01
GRID*                220               0-1.189011182E-01 1.686663411E-01*       
*       -5.845399173E-01
GRID*                221               0-1.181770983E-01 1.767548575E-01*       
*       -5.858810691E-01
GRID*                222               0-1.176320548E-01 1.850240100E-01*       
*       -5.887437711E-01
GRID*                223               0-1.173094877E-01 1.934223456E-01*       
*       -5.914601857E-01
GRID*                224               0-1.172376592E-01 2.018809623E-01*       
*       -5.914634055E-01
GRID*                225               0-1.174231284E-01 2.103221090E-01*       
*       -5.914131306E-01
GRID*                226               0-1.178491586E-01 2.186706458E-01*       
*       -5.891419217E-01
GRID*                227               0-1.184797127E-01 2.268646401E-01*       
*       -5.865893761E-01
GRID*                228               0-1.192672822E-01 2.348618554E-01*       
*       -5.862450741E-01
GRID*                229               0-1.201615106E-01 2.426410114E-01*       
*       -5.869719242E-01
GRID*                230               0-1.211160415E-01 2.501988827E-01*       
*       -5.883065223E-01
GRID*                231               0-1.220924788E-01 2.575453281E-01*       
*       -5.912781332E-01
GRID*                232               0-1.230616741E-01 2.646981377E-01*       
*       -5.943928311E-01
GRID*                233               0-1.240032030E-01 2.716787972E-01*       
*       -5.966426112E-01
GRID*                234               0-1.331972422E-01 2.729556434E-01*       
*       -5.975039136E-01
GRID*                235               0-1.427028897E-01 2.743071899E-01*       
*       -5.977174098E-01
GRID*                236               0-1.525819263E-01 2.756865407E-01*       
*       -5.977496634E-01
GRID*                237               0-1.628848380E-01 2.770139611E-01*       
*       -5.962190203E-01
GRID*                238               0-1.736279913E-01 2.781741688E-01*       
*       -5.916547259E-01
GRID*                239               0-1.847655663E-01 2.790286251E-01*       
*       -5.873618684E-01
GRID*                240               0-1.961711309E-01 2.794490335E-01*       
*       -5.890377791E-01
GRID*                241               0-2.076494664E-01 2.793632134E-01*       
*       -5.906232642E-01
GRID*                242               0-2.189846766E-01 2.787864079E-01*       
*       -5.933915308E-01
GRID*                243               0-2.300007180E-01 2.778143622E-01*       
*       -5.959938603E-01
GRID*                244               0-2.405985833E-01 2.765836913E-01*       
*       -5.971242636E-01
GRID*                245               0-2.507561335E-01 2.752278407E-01*       
*       -5.976347644E-01
GRID*                246               0-2.605041605E-01 2.738506665E-01*       
*       -5.976217495E-01
GRID*                247               0-2.698989890E-01 2.725202011E-01*       
*       -5.971506110E-01
GRID*                248               0-2.708960258E-01 2.655788239E-01*       
*       -5.956818809E-01
GRID*                249               0-2.719400299E-01 2.584512743E-01*       
*       -5.956140495E-01
GRID*                250               0-2.730114510E-01 2.511080157E-01*       
*       -5.959174329E-01
GRID*                251               0-2.740794258E-01 2.435216626E-01*       
*       -5.986410636E-01
GRID*                252               0-2.750998683E-01 2.356724375E-01*       
*       -6.029073822E-01
GRID*                253               0-2.760157529E-01 2.275557104E-01*       
*       -6.061166620E-01
GRID*                254               0-2.767613716E-01 2.191903429E-01*       
*       -6.060761774E-01
GRID*                255               0-2.772716715E-01 2.106248548E-01*       
*       -6.057849876E-01
GRID*                256               0-2.774955279E-01 2.019373882E-01*       
*       -6.040893486E-01
GRID*                257               0-2.762948424E-01 1.933242013E-01*       
*       -6.018139520E-01
GRID*                258               0-2.758045729E-01 1.848390854E-01*       
*       -6.025372349E-01
GRID*                259               0-2.749849776E-01 1.765671945E-01*       
*       -6.034141687E-01
GRID*                260               0-2.739126535E-01 1.685871223E-01*       
*       -6.011932075E-01
GRID*                261               0-2.726720981E-01 1.609387473E-01*       
*       -5.979405630E-01
GRID*                262               0-2.713412874E-01 1.536281632E-01*       
*       -5.939312196E-01
GRID*                263               0-2.699834919E-01 1.466375874E-01*       
*       -5.885486209E-01
GRID*                264               0-2.686449561E-01 1.399356634E-01*       
*       -5.834090636E-01
GRID*                265               0-2.673563489E-01 1.334856054E-01*       
*       -5.800294522E-01
GRID*                266               0-2.587463781E-01 1.317505313E-01*       
*       -5.778874358E-01
GRID*                267               0-2.496686397E-01 1.299317404E-01*       
*       -5.786316940E-01
GRID*                268               0-2.400364814E-01 1.281163174E-01*       
*       -5.802436476E-01
GRID*                269               0-2.297943031E-01 1.264453141E-01*       
*       -5.821024816E-01
GRID*                270               0-2.189598319E-01 1.251086640E-01*       
*       -5.839791061E-01
GRID*                271               0-2.076650048E-01 1.243080776E-01*       
*       -5.858161749E-01
GRID*                272               0-1.961614417E-01 1.241884734E-01*       
*       -5.836527763E-01
GRID*                273               0-1.847641854E-01 1.247731654E-01*       
*       -5.817901654E-01
GRID*                274               0-1.737552578E-01 1.259523346E-01*       
*       -5.843221450E-01
GRID*                275               0-1.633087100E-01 1.275347022E-01*       
*       -5.874816393E-01
GRID*                276               0-1.534767359E-01 1.293204257E-01*       
*       -5.901881953E-01
GRID*                277               0-1.442230191E-01 1.311502892E-01*       
*       -5.916994393E-01
GRID*                278               0-1.354673448E-01 1.329200032E-01*       
*       -5.922545731E-01
GRID*                279               0-1.271188313E-01 1.345725872E-01*       
*       -5.896105748E-01
GRID*                280               0-1.259109321E-01 1.410655141E-01*       
*       -5.878960764E-01
GRID*                281               0-1.246782817E-01 1.477883544E-01*       
*       -5.864117168E-01
GRID*                282               0-1.234514119E-01 1.547667434E-01*       
*       -5.849508098E-01
GRID*                283               0-1.222723774E-01 1.620194572E-01*       
*       -5.845450984E-01
GRID*                284               0-1.211945515E-01 1.695524404E-01*       
*       -5.846975468E-01
GRID*                285               0-1.202796054E-01 1.773521606E-01*       
*       -5.859314035E-01
GRID*                286               0-1.195908324E-01 1.853801513E-01*       
*       -5.886659483E-01
GRID*                287               0-1.191832034E-01 1.935713912E-01*       
*       -5.912097901E-01
GRID*                288               0-1.190924336E-01 2.018388083E-01*       
*       -5.911209111E-01
GRID*                289               0-1.193268115E-01 2.100841486E-01*       
*       -5.909649452E-01
GRID*                290               0-1.198651871E-01 2.182124575E-01*       
*       -5.887632291E-01
GRID*                291               0-1.206620201E-01 2.261454706E-01*       
*       -5.862172710E-01
GRID*                292               0-1.216572739E-01 2.338298135E-01*       
*       -5.854525434E-01
GRID*                293               0-1.227873129E-01 2.412385943E-01*       
*       -5.860467876E-01
GRID*                294               0-1.239935563E-01 2.483677369E-01*       
*       -5.867081911E-01
GRID*                295               0-1.252274830E-01 2.552297001E-01*       
*       -5.897110077E-01
GRID*                296               0-1.264522577E-01 2.618469651E-01*       
*       -5.928624611E-01
GRID*                297               0-1.276420705E-01 2.682466835E-01*       
*       -5.957403953E-01
GRID*                298               0-1.360315896E-01 2.698602376E-01*       
*       -5.964004652E-01
GRID*                299               0-1.448148889E-01 2.715681909E-01*       
*       -5.966497834E-01
GRID*                300               0-1.540700412E-01 2.733112804E-01*       
*       -5.968597242E-01
GRID*                301               0-1.638608456E-01 2.749887453E-01*       
*       -5.951437544E-01
GRID*                302               0-1.742079845E-01 2.764549030E-01*       
*       -5.909545240E-01
GRID*                303               0-1.850535553E-01 2.775346819E-01*       
*       -5.871070867E-01
GRID*                304               0-1.962377854E-01 2.780659532E-01*       
*       -5.887685677E-01
GRID*                305               0-2.075139761E-01 2.779575021E-01*       
*       -5.903156843E-01
GRID*                306               0-2.186092991E-01 2.772285913E-01*       
*       -5.929248920E-01
GRID*                307               0-2.293012875E-01 2.760002145E-01*       
*       -5.953261515E-01
GRID*                308               0-2.394648257E-01 2.744450121E-01*       
*       -5.963417814E-01
GRID*                309               0-2.490719363E-01 2.727316198E-01*       
*       -5.965767455E-01
GRID*                310               0-2.581615314E-01 2.709912809E-01*       
*       -5.965458399E-01
GRID*                311               0-2.668047885E-01 2.693099680E-01*       
*       -5.962425431E-01
GRID*                312               0-2.680647467E-01 2.629598907E-01*       
*       -5.951051498E-01
GRID*                313               0-2.693840577E-01 2.563745468E-01*       
*       -5.947539842E-01
GRID*                314               0-2.707380155E-01 2.495166109E-01*       
*       -5.948237887E-01
GRID*                315               0-2.720876182E-01 2.423514757E-01*       
*       -5.982518747E-01
GRID*                316               0-2.733771544E-01 2.348541484E-01*       
*       -6.025598469E-01
GRID*                317               0-2.745345604E-01 2.270187781E-01*       
*       -6.055406033E-01
GRID*                318               0-2.754768009E-01 2.188692002E-01*       
*       -6.056478841E-01
GRID*                319               0-2.761216682E-01 2.104667294E-01*       
*       -6.054291897E-01
GRID*                320               0-2.764045563E-01 2.019101139E-01*       
*       -6.036887838E-01
GRID*                321               0-2.753019400E-01 1.934110803E-01*       
*       -6.013932667E-01
GRID*                322               0-2.747204740E-01 1.850559052E-01*       
*       -6.021303384E-01
GRID*                323               0-2.737484232E-01 1.769536177E-01*       
*       -6.030542175E-01
GRID*                324               0-2.724766328E-01 1.691974311E-01*       
*       -6.011053636E-01
GRID*                325               0-2.710053179E-01 1.618346416E-01*       
*       -5.978916526E-01
GRID*                326               0-2.694269590E-01 1.548724766E-01*       
*       -5.943619815E-01
GRID*                327               0-2.678165959E-01 1.482898457E-01*       
*       -5.892324230E-01
GRID*                328               0-2.662290750E-01 1.420495594E-01*       
*       -5.843877140E-01
GRID*                329               0-2.647007700E-01 1.361079896E-01*       
*       -5.804182649E-01
GRID*                330               0-2.567669431E-01 1.340501691E-01*       
*       -5.783352783E-01
GRID*                331               0-2.482783377E-01 1.318930593E-01*       
*       -5.794067011E-01
GRID*                332               0-2.391321831E-01 1.297399439E-01*       
*       -5.807762370E-01
GRID*                333               0-2.292625368E-01 1.277581122E-01*       
*       -5.824547272E-01
GRID*                334               0-2.186904234E-01 1.261728277E-01*       
*       -5.842576157E-01
GRID*                335               0-2.075723218E-01 1.252233218E-01*       
*       -5.860199395E-01
GRID*                336               0-1.962066567E-01 1.250814696E-01*       
*       -5.839612920E-01
GRID*                337               0-1.849670728E-01 1.257749220E-01*       
*       -5.822573805E-01
GRID*                338               0-1.741880519E-01 1.271734321E-01*       
*       -5.848122852E-01
GRID*                339               0-1.640760206E-01 1.290501407E-01*       
*       -5.880977968E-01
GRID*                340               0-1.546928819E-01 1.311680321E-01*       
*       -5.907919702E-01
GRID*                341               0-1.459955638E-01 1.333382741E-01*       
*       -5.919278606E-01
GRID*                342               0-1.378889307E-01 1.354371779E-01*       
*       -5.920340521E-01
GRID*                343               0-1.302651955E-01 1.373971641E-01*       
*       -5.900741697E-01
GRID*                344               0-1.288326113E-01 1.433895772E-01*       
*       -5.885177606E-01
GRID*                345               0-1.273706719E-01 1.496546703E-01*       
*       -5.869757255E-01
GRID*                346               0-1.259155883E-01 1.562228476E-01*       
*       -5.854654481E-01
GRID*                347               0-1.245172380E-01 1.631163777E-01*       
*       -5.849288411E-01
GRID*                348               0-1.232389224E-01 1.703423109E-01*       
*       -5.847715492E-01
GRID*                349               0-1.221537844E-01 1.778845978E-01*       
*       -5.859685429E-01
GRID*                350               0-1.213368906E-01 1.856976165E-01*       
*       -5.885922835E-01
GRID*                351               0-1.208534373E-01 1.937042507E-01*       
*       -5.909836749E-01
GRID*                352               0-1.207457831E-01 2.018012322E-01*       
*       -5.908164263E-01
GRID*                353               0-1.210237583E-01 2.098720302E-01*       
*       -5.905701555E-01
GRID*                354               0-1.216622788E-01 2.178040275E-01*       
*       -5.884281656E-01
GRID*                355               0-1.226073332E-01 2.255044016E-01*       
*       -5.858898301E-01
GRID*                356               0-1.237877172E-01 2.329098494E-01*       
*       -5.847507553E-01
GRID*                357               0-1.251279581E-01 2.399884769E-01*       
*       -5.852290990E-01
GRID*                358               0-1.265585786E-01 2.467354500E-01*       
*       -5.856205216E-01
GRID*                359               0-1.280220317E-01 2.531655448E-01*       
*       -5.881170865E-01
GRID*                360               0-1.294746306E-01 2.593054243E-01*       
*       -5.912359738E-01
GRID*                361               0-1.308857641E-01 2.651872907E-01*       
*       -5.944927270E-01
GRID*                362               0-1.385581324E-01 2.671009870E-01*       
*       -5.953007523E-01
GRID*                363               0-1.466975292E-01 2.691266418E-01*       
*       -5.957080769E-01
GRID*                364               0-1.553965497E-01 2.711939687E-01*       
*       -5.960725272E-01
GRID*                365               0-1.647308607E-01 2.731834640E-01*       
*       -5.942047601E-01
GRID*                366               0-1.747249916E-01 2.749223462E-01*       
*       -5.903401998E-01
GRID*                367               0-1.853102693E-01 2.762029780E-01*       
*       -5.868797183E-01
GRID*                368               0-1.962972013E-01 2.768330728E-01*       
*       -5.885285375E-01
GRID*                369               0-2.073931998E-01 2.767044483E-01*       
*       -5.900416201E-01
GRID*                370               0-2.182746869E-01 2.758399507E-01*       
*       -5.925118819E-01
GRID*                371               0-2.286778138E-01 2.743830796E-01*       
*       -5.947373615E-01
GRID*                372               0-2.384541919E-01 2.725385893E-01*       
*       -5.956647698E-01
GRID*                373               0-2.475706396E-01 2.705064837E-01*       
*       -5.956691596E-01
GRID*                374               0-2.560733072E-01 2.684424191E-01*       
*       -5.954389568E-01
GRID*                375               0-2.640466121E-01 2.664483601E-01*       
*       -5.952257166E-01
GRID*                376               0-2.655409390E-01 2.606253686E-01*       
*       -5.942897527E-01
GRID*                377               0-2.671056590E-01 2.545233480E-01*       
*       -5.937716329E-01
GRID*                378               0-2.687114707E-01 2.480980295E-01*       
*       -5.937019004E-01
GRID*                379               0-2.703121172E-01 2.413083688E-01*       
*       -5.979320945E-01
GRID*                380               0-2.718415239E-01 2.341247239E-01*       
*       -6.022664699E-01
GRID*                381               0-2.732142225E-01 2.265401557E-01*       
*       -6.050358073E-01
GRID*                382               0-2.743317320E-01 2.185829330E-01*       
*       -6.052706173E-01
GRID*                383               0-2.750965531E-01 2.103257761E-01*       
*       -6.051091344E-01
GRID*                384               0-2.754320620E-01 2.018858016E-01*       
*       -6.033312456E-01
GRID*                385               0-2.744168648E-01 1.934885243E-01*       
*       -6.010196410E-01
GRID*                386               0-2.737541060E-01 1.852491788E-01*       
*       -6.017626365E-01
GRID*                387               0-2.726461562E-01 1.772980762E-01*       
*       -6.027232047E-01
GRID*                388               0-2.711965611E-01 1.697414615E-01*       
*       -6.010296283E-01
GRID*                389               0-2.695195469E-01 1.626332436E-01*       
*       -5.978524306E-01
GRID*                390               0-2.677205230E-01 1.559816600E-01*       
*       -5.947394404E-01
GRID*                391               0-2.658850206E-01 1.497626718E-01*       
*       -5.898321612E-01
GRID*                392               0-2.640755539E-01 1.439338904E-01*       
*       -5.852460998E-01
GRID*                393               0-2.623335818E-01 1.384455879E-01*       
*       -5.809508618E-01
GRID*                394               0-2.550024708E-01 1.361000706E-01*       
*       -5.792383868E-01
GRID*                395               0-2.470390199E-01 1.336413827E-01*       
*       -5.800774085E-01
GRID*                396               0-2.383260899E-01 1.311872478E-01*       
*       -5.812401464E-01
GRID*                397               0-2.287885193E-01 1.289283430E-01*       
*       -5.827714422E-01
GRID*                398               0-2.184502721E-01 1.271214253E-01*       
*       -5.845069978E-01
GRID*                399               0-2.074897041E-01 1.260391722E-01*       
*       -5.862027682E-01
GRID*                400               0-1.962469614E-01 1.258774882E-01*       
*       -5.842357359E-01
GRID*                401               0-1.851479270E-01 1.266678898E-01*       
*       -5.826709998E-01
GRID*                402               0-1.745738453E-01 1.282619207E-01*       
*       -5.852454618E-01
GRID*                403               0-1.647600028E-01 1.304010056E-01*       
*       -5.886388219E-01
GRID*                404               0-1.557769568E-01 1.328149920E-01*       
*       -5.914359052E-01
GRID*                405               0-1.475756136E-01 1.352886480E-01*       
*       -5.923139661E-01
GRID*                406               0-1.400475370E-01 1.376809924E-01*       
*       -5.921243006E-01
GRID*                407               0-1.330698706E-01 1.399149975E-01*       
*       -5.906138948E-01
GRID*                408               0-1.314370018E-01 1.454612514E-01*       
*       -5.890300610E-01
GRID*                409               0-1.297706737E-01 1.513183079E-01*       
*       -5.874474994E-01
GRID*                410               0-1.281121599E-01 1.575208217E-01*       
*       -5.859933603E-01
GRID*                411               0-1.265183110E-01 1.640941747E-01*       
*       -5.851903213E-01
GRID*                412               0-1.250612785E-01 1.710464031E-01*       
*       -5.847846673E-01
GRID*                413               0-1.238244311E-01 1.783592134E-01*       
*       -5.859955078E-01
GRID*                414               0-1.228933302E-01 1.859806055E-01*       
*       -5.885232073E-01
GRID*                415               0-1.223422870E-01 1.938226819E-01*       
*       -5.907798015E-01
GRID*                416               0-1.222195821E-01 2.017677368E-01*       
*       -5.905456557E-01
GRID*                417               0-1.225364200E-01 2.096829475E-01*       
*       -5.902219925E-01
GRID*                418               0-1.232642099E-01 2.174399523E-01*       
*       -5.881314790E-01
GRID*                419               0-1.243413890E-01 2.249329513E-01*       
*       -5.856013290E-01
GRID*                420               0-1.256867984E-01 2.320897916E-01*       
*       -5.841288950E-01
GRID*                421               0-1.272144138E-01 2.388741199E-01*       
*       -5.845057561E-01
GRID*                422               0-1.288450444E-01 2.452804263E-01*       
*       -5.847856897E-01
GRID*                423               0-1.305130979E-01 2.513255527E-01*       
*       -5.865397402E-01
GRID*                424               0-1.321687796E-01 2.570398899E-01*       
*       -5.895776872E-01
GRID*                425               0-1.337771988E-01 2.624601421E-01*       
*       -5.927384580E-01
GRID*                426               0-1.408102975E-01 2.646413856E-01*       
*       -5.938999892E-01
GRID*                427               0-1.483757183E-01 2.669502403E-01*       
*       -5.948765659E-01
GRID*                428               0-1.565790020E-01 2.693065930E-01*       
*       -5.953756626E-01
GRID*                429               0-1.655063938E-01 2.715742328E-01*       
*       -5.933832330E-01
GRID*                430               0-1.751858528E-01 2.735562221E-01*       
*       -5.898004066E-01
GRID*                431               0-1.855391046E-01 2.750158947E-01*       
*       -5.866768386E-01
GRID*                432               0-1.963501648E-01 2.757340808E-01*       
*       -5.883145306E-01
GRID*                433               0-2.072855396E-01 2.755874738E-01*       
*       -5.897974086E-01
GRID*                434               0-2.179764129E-01 2.746021137E-01*       
*       -5.921460702E-01
GRID*                435               0-2.281220482E-01 2.729415626E-01*       
*       -5.942176040E-01
GRID*                436               0-2.375533111E-01 2.708392004E-01*       
*       -5.950775651E-01
GRID*                437               0-2.462323809E-01 2.685229931E-01*       
*       -5.948883711E-01
GRID*                438               0-2.542118602E-01 2.661703587E-01*       
*       -5.944493690E-01
GRID*                439               0-2.615879684E-01 2.638975172E-01*       
*       -5.943334211E-01
GRID*                440               0-2.632912119E-01 2.585443710E-01*       
*       -5.933234955E-01
GRID*                441               0-2.650746901E-01 2.528731857E-01*       
*       -5.927245784E-01
GRID*                442               0-2.669050048E-01 2.468335034E-01*       
*       -5.933520198E-01
GRID*                443               0-2.687294321E-01 2.403785414E-01*       
*       -5.976686101E-01
GRID*                444               0-2.704726599E-01 2.334745135E-01*       
*       -6.020179978E-01
GRID*                445               0-2.720372708E-01 2.261135107E-01*       
*       -6.045927473E-01
GRID*                446               0-2.733110154E-01 2.183277539E-01*       
*       -6.049379085E-01
GRID*                447               0-2.741827635E-01 2.102001300E-01*       
*       -6.048215351E-01
GRID*                448               0-2.745651788E-01 2.018641295E-01*       
*       -6.030121588E-01
GRID*                449               0-2.736279071E-01 1.935575581E-01*       
*       -6.006876821E-01
GRID*                450               0-2.728926838E-01 1.854214632E-01*       
*       -6.014308983E-01
GRID*                451               0-2.716635933E-01 1.776051271E-01*       
*       -6.024200730E-01
GRID*                452               0-2.700555028E-01 1.702264113E-01*       
*       -6.009641588E-01
GRID*                453               0-2.681951277E-01 1.633451189E-01*       
*       -5.978209460E-01
GRID*                454               0-2.661994027E-01 1.569703883E-01*       
*       -5.948022404E-01
GRID*                455               0-2.641632106E-01 1.510755519E-01*       
*       -5.903589785E-01
GRID*                456               0-2.621559010E-01 1.456135867E-01*       
*       -5.860001541E-01
GRID*                457               0-2.602234657E-01 1.405293276E-01*       
*       -5.819605137E-01
GRID*                458               0-2.534296169E-01 1.379273568E-01*       
*       -5.800697105E-01
GRID*                459               0-2.459342895E-01 1.351998416E-01*       
*       -5.806592788E-01
GRID*                460               0-2.376075368E-01 1.324773772E-01*       
*       -5.816450614E-01
GRID*                461               0-2.283659791E-01 1.299714890E-01*       
*       -5.830559260E-01
GRID*                462               0-2.182362008E-01 1.279670070E-01*       
*       -5.847301859E-01
GRID*                463               0-2.074160584E-01 1.267664229E-01*       
*       -5.863666895E-01
GRID*                464               0-1.962828891E-01 1.265870607E-01*       
*       -5.844799247E-01
GRID*                465               0-1.853091409E-01 1.274638830E-01*       
*       -5.830374306E-01
GRID*                466               0-1.749177423E-01 1.292322016E-01*       
*       -5.856286281E-01
GRID*                467               0-1.653697059E-01 1.316051691E-01*       
*       -5.891145620E-01
GRID*                468               0-1.567433032E-01 1.342830952E-01*       
*       -5.920939220E-01
GRID*                469               0-1.489840730E-01 1.370272151E-01*       
*       -5.928031476E-01
GRID*                470               0-1.419717228E-01 1.396811330E-01*       
*       -5.922020170E-01
GRID*                471               0-1.355699635E-01 1.421593990E-01*       
*       -5.909117216E-01
GRID*                472               0-1.337585605E-01 1.473079458E-01*       
*       -5.894534566E-01
GRID*                473               0-1.319100399E-01 1.528012777E-01*       
*       -5.878434192E-01
GRID*                474               0-1.300701880E-01 1.586778384E-01*       
*       -5.863706336E-01
GRID*                475               0-1.283020714E-01 1.649657849E-01*       
*       -5.853593694E-01
GRID*                476               0-1.266857303E-01 1.716740322E-01*       
*       -5.847543682E-01
GRID*                477               0-1.253136488E-01 1.787822866E-01*       
*       -5.860146645E-01
GRID*                478               0-1.242807435E-01 1.862328625E-01*       
*       -5.884589218E-01
GRID*                479               0-1.236694505E-01 1.939282517E-01*       
*       -5.905962298E-01
GRID*                480               0-1.235333293E-01 2.017378789E-01*       
*       -5.903048050E-01
GRID*                481               0-1.238848096E-01 2.095143988E-01*       
*       -5.899146218E-01
GRID*                482               0-1.246921743E-01 2.171154149E-01*       
*       -5.878685929E-01
GRID*                483               0-1.258871297E-01 2.244235595E-01*       
*       -5.853468447E-01
GRID*                484               0-1.273796431E-01 2.313587905E-01*       
*       -5.835775194E-01
GRID*                485               0-1.290742845E-01 2.378807799E-01*       
*       -5.838653739E-01
GRID*                486               0-1.308832045E-01 2.439834153E-01*       
*       -5.840478248E-01
GRID*                487               0-1.327336390E-01 2.496853803E-01*       
*       -5.850093188E-01
GRID*                488               0-1.345703492E-01 2.550203882E-01*       
*       -5.879338672E-01
GRID*                489               0-1.363546292E-01 2.600291565E-01*       
*       -5.911070980E-01
GRID*                490               0-1.428178818E-01 2.624488922E-01*       
*       -5.925085209E-01
GRID*                491               0-1.498716594E-01 2.650101918E-01*       
*       -5.938418129E-01
GRID*                492               0-1.576330422E-01 2.676241827E-01*       
*       -5.947583255E-01
GRID*                493               0-1.661977056E-01 2.701397610E-01*       
*       -5.926632340E-01
GRID*                494               0-1.755966653E-01 2.723384565E-01*       
*       -5.893254449E-01
GRID*                495               0-1.857430889E-01 2.739577262E-01*       
*       -5.864958300E-01
GRID*                496               0-1.963973765E-01 2.747544372E-01*       
*       -5.881237299E-01
GRID*                497               0-2.071895711E-01 2.745918005E-01*       
*       -5.895797894E-01
GRID*                498               0-2.177105309E-01 2.734987034E-01*       
*       -5.918218493E-01
GRID*                499               0-2.276266377E-01 2.716565914E-01*       
*       -5.937583365E-01
GRID*                500               0-2.367502641E-01 2.693243619E-01*       
*       -5.945670696E-01
GRID*                501               0-2.450394545E-01 2.667549058E-01*       
*       -5.942148105E-01
GRID*                502               0-2.525525627E-01 2.641450398E-01*       
*       -5.935590282E-01
GRID*                503               0-2.593963286E-01 2.616236909E-01*       
*       -5.932943134E-01
GRID*                504               0-2.612858009E-01 2.566893658E-01*       
*       -5.922719370E-01
GRID*                505               0-2.632642805E-01 2.514022279E-01*       
*       -5.916550503E-01
GRID*                506               0-2.652947176E-01 2.457063023E-01*       
*       -5.931441348E-01
GRID*                507               0-2.673186235E-01 2.395496913E-01*       
*       -5.974508777E-01
GRID*                508               0-2.692524519E-01 2.328949147E-01*       
*       -6.018068745E-01
GRID*                509               0-2.709881337E-01 2.257331985E-01*       
*       -6.042032982E-01
GRID*                510               0-2.724011467E-01 2.181002867E-01*       
*       -6.046441817E-01
GRID*                511               0-2.733682097E-01 2.100881288E-01*       
*       -6.045633398E-01
GRID*                512               0-2.737924374E-01 2.018448109E-01*       
*       -6.027274249E-01
GRID*                513               0-2.729246287E-01 1.936190950E-01*       
*       -6.003926407E-01
GRID*                514               0-2.721248104E-01 1.855750379E-01*       
*       -6.011320333E-01
GRID*                515               0-2.707877348E-01 1.778788329E-01*       
*       -6.021434513E-01
GRID*                516               0-2.690383612E-01 1.706586965E-01*       
*       -6.009074212E-01
GRID*                517               0-2.670145378E-01 1.639796859E-01*       
*       -5.977956440E-01
GRID*                518               0-2.648434731E-01 1.578517425E-01*       
*       -5.948222497E-01
GRID*                519               0-2.626283859E-01 1.522458558E-01*       
*       -5.908223941E-01
GRID*                520               0-2.604447187E-01 1.471108712E-01*       
*       -5.866634897E-01
GRID*                521               0-2.583425041E-01 1.423867772E-01*       
*       -5.828484786E-01
GRID*                522               0-2.520275719E-01 1.395562033E-01*       
*       -5.811706663E-01
GRID*                523               0-2.449495307E-01 1.365890549E-01*       
*       -5.811652460E-01
GRID*                524               0-2.369670171E-01 1.336274011E-01*       
*       -5.819991580E-01
GRID*                525               0-2.279893261E-01 1.309013513E-01*       
*       -5.833112344E-01
GRID*                526               0-2.180453772E-01 1.287207602E-01*       
*       -5.849298423E-01
GRID*                527               0-2.073504106E-01 1.274146955E-01*       
*       -5.865135622E-01
GRID*                528               0-1.963149152E-01 1.272195750E-01*       
*       -5.846972367E-01
GRID*                529               0-1.854528472E-01 1.281734329E-01*       
*       -5.833622638E-01
GRID*                530               0-1.752242928E-01 1.300971118E-01*       
*       -5.859678248E-01
GRID*                531               0-1.659131963E-01 1.326785627E-01*       
*       -5.895334485E-01
GRID*                532               0-1.576047063E-01 1.355917653E-01*       
*       -5.927472350E-01
GRID*                533               0-1.502395764E-01 1.385769772E-01*       
*       -5.931937908E-01
GRID*                534               0-1.436869458E-01 1.414640621E-01*       
*       -5.923862287E-01
GRID*                535               0-1.377985511E-01 1.441600629E-01*       
*       -5.910415211E-01
GRID*                536               0-1.358280024E-01 1.489540928E-01*       
*       -5.897888851E-01
GRID*                537               0-1.338170751E-01 1.541231998E-01*       
*       -5.881767796E-01
GRID*                538               0-1.318155781E-01 1.597092052E-01*       
*       -5.866327929E-01
GRID*                539               0-1.298921188E-01 1.657427399E-01*       
*       -5.854591766E-01
GRID*                540               0-1.281337698E-01 1.722335020E-01*       
*       -5.846939922E-01
GRID*                541               0-1.266411404E-01 1.791594149E-01*       
*       -5.860278633E-01
GRID*                542               0-1.255174864E-01 1.864577248E-01*       
*       -5.883994638E-01
GRID*                543               0-1.248524866E-01 1.940223569E-01*       
*       -5.904311326E-01
GRID*                544               0-1.247044061E-01 2.017112635E-01*       
*       -5.900905192E-01
GRID*                545               0-1.250867666E-01 2.093641542E-01*       
*       -5.896430008E-01
GRID*                546               0-1.259650645E-01 2.168261217E-01*       
*       -5.876355119E-01
GRID*                547               0-1.272650060E-01 2.239694867E-01*       
*       -5.851221313E-01
GRID*                548               0-1.288886481E-01 2.307071747E-01*       
*       -5.830883677E-01
GRID*                549               0-1.307321768E-01 2.369953147E-01*       
*       -5.832980378E-01
GRID*                550               0-1.327000243E-01 2.428272573E-01*       
*       -5.833951013E-01
GRID*                551               0-1.347130337E-01 2.482233274E-01*       
*       -5.835525526E-01
GRID*                552               0-1.367111130E-01 2.532202004E-01*       
*       -5.867936107E-01
GRID*                553               0-1.386521557E-01 2.578621713E-01*       
*       -5.897290490E-01
GRID*                554               0-1.446074464E-01 2.604944994E-01*       
*       -5.912993994E-01
GRID*                555               0-1.512051441E-01 2.632808288E-01*       
*       -5.928107345E-01
GRID*                556               0-1.585726157E-01 2.661244788E-01*       
*       -5.941706655E-01
GRID*                557               0-1.668139422E-01 2.688610700E-01*       
*       -5.920312084E-01
GRID*                558               0-1.759628644E-01 2.712529378E-01*       
*       -5.889069983E-01
GRID*                559               0-1.859249209E-01 2.730144729E-01*       
*       -5.863343504E-01
GRID*                560               0-1.964394612E-01 2.738811810E-01*       
*       -5.879536222E-01
GRID*                561               0-2.071040246E-01 2.737042555E-01*       
*       -5.893858600E-01
GRID*                562               0-2.174735232E-01 2.725151213E-01*       
*       -5.915343194E-01
GRID*                563               0-2.271850277E-01 2.705111657E-01*       
*       -5.933521589E-01
GRID*                564               0-2.360344265E-01 2.679740318E-01*       
*       -5.941222949E-01
GRID*                565               0-2.439760776E-01 2.651788293E-01*       
*       -5.935171734E-01
GRID*                566               0-2.510734617E-01 2.623396665E-01*       
*       -5.927413676E-01
GRID*                567               0-2.574426966E-01 2.595967978E-01*       
*       -5.921655552E-01
GRID*                568               0-2.594981736E-01 2.550358106E-01*       
*       -5.911834155E-01
GRID*                569               0-2.616504778E-01 2.500910132E-01*       
*       -5.905934612E-01
GRID*                570               0-2.638593044E-01 2.447015131E-01*       
*       -5.929799640E-01
GRID*                571               0-2.660610261E-01 2.388108528E-01*       
*       -5.972704086E-01
GRID*                572               0-2.681647561E-01 2.323782592E-01*       
*       -6.016269150E-01
GRID*                573               0-2.700529309E-01 2.253941875E-01*       
*       -6.038605092E-01
GRID*                574               0-2.715900879E-01 2.178975220E-01*       
*       -6.043846182E-01
GRID*                575               0-2.726421149E-01 2.099882908E-01*       
*       -6.043317309E-01
GRID*                576               0-2.731036142E-01 2.018275904E-01*       
*       -6.024733748E-01
GRID*                577               0-2.722977249E-01 1.936739491E-01*       
*       -6.001303296E-01
GRID*                578               0-2.714403265E-01 1.857119347E-01*       
*       -6.008631191E-01
GRID*                579               0-2.700069929E-01 1.781228147E-01*       
*       -6.018917772E-01
GRID*                580               0-2.681316793E-01 1.710440363E-01*       
*       -6.008581340E-01
GRID*                581               0-2.659621578E-01 1.645453402E-01*       
*       -5.977752857E-01
GRID*                582               0-2.636347948E-01 1.586373834E-01*       
*       -5.948435889E-01
GRID*                583               0-2.612602401E-01 1.532890669E-01*       
*       -5.912305648E-01
GRID*                584               0-2.589193674E-01 1.484455535E-01*       
*       -5.872477721E-01
GRID*                585               0-2.566658113E-01 1.440425113E-01*       
*       -5.837224149E-01
GRID*                586               0-2.507777862E-01 1.410081601E-01*       
*       -5.820242148E-01
GRID*                587               0-2.440717148E-01 1.378274023E-01*       
*       -5.816089081E-01
GRID*                588               0-2.363960567E-01 1.346525345E-01*       
*       -5.823093611E-01
GRID*                589               0-2.276535768E-01 1.317302324E-01*       
*       -5.835401827E-01
GRID*                590               0-2.178752766E-01 1.293926573E-01*       
*       -5.851083772E-01
GRID*                591               0-2.072918919E-01 1.279925670E-01*       
*       -5.866450830E-01
GRID*                592               0-1.963434633E-01 1.277833995E-01*       
*       -5.848906643E-01
GRID*                593               0-1.855809472E-01 1.288059270E-01*       
*       -5.836503874E-01
GRID*                594               0-1.754975525E-01 1.308680945E-01*       
*       -5.862683115E-01
GRID*                595               0-1.663976648E-01 1.336353879E-01*       
*       -5.899027213E-01
GRID*                596               0-1.583725626E-01 1.367583163E-01*       
*       -5.933826433E-01
GRID*                597               0-1.513587347E-01 1.399584381E-01*       
*       -5.934841717E-01
GRID*                598               0-1.452158989E-01 1.430533686E-01*       
*       -5.926471234E-01
GRID*                599               0-1.397851184E-01 1.459434585E-01*       
*       -5.912981933E-01
GRID*                600               0-1.376727069E-01 1.504214714E-01*       
*       -5.901534036E-01
GRID*                601               0-1.355170099E-01 1.553015637E-01*       
*       -5.885641936E-01
GRID*                602               0-1.333714221E-01 1.606285676E-01*       
*       -5.868075684E-01
GRID*                603               0-1.313094902E-01 1.664353191E-01*       
*       -5.855077137E-01
GRID*                604               0-1.294245549E-01 1.727322144E-01*       
*       -5.846136594E-01
GRID*                605               0-1.278244689E-01 1.794955878E-01*       
*       -5.860365477E-01
GRID*                606               0-1.266199214E-01 1.866581675E-01*       
*       -5.883447513E-01
GRID*                607               0-1.259070472E-01 1.941062424E-01*       
*       -5.902828038E-01
GRID*                608               0-1.257483062E-01 2.016875385E-01*       
*       -5.898998295E-01
GRID*                609               0-1.261581935E-01 2.092302258E-01*       
*       -5.894027604E-01
GRID*                610               0-1.270997213E-01 2.165682452E-01*       
*       -5.874287413E-01
GRID*                611               0-1.284932475E-01 2.235647252E-01*       
*       -5.849235172E-01
GRID*                612               0-1.302337781E-01 2.301263231E-01*       
*       -5.826542007E-01
GRID*                613               0-1.322100252E-01 2.362060093E-01*       
*       -5.827950958E-01
GRID*                614               0-1.343195410E-01 2.417966558E-01*       
*       -5.828172438E-01
GRID*                615               0-1.364774700E-01 2.469200506E-01*       
*       -5.833259577E-01
GRID*                616               0-1.386193940E-01 2.516155096E-01*       
*       -5.858254344E-01
GRID*                617               0-1.407001753E-01 2.559305165E-01*       
*       -5.885359848E-01
GRID*                618               0-1.462026677E-01 2.587523498E-01*       
*       -5.902464063E-01
GRID*                619               0-1.523938150E-01 2.617392712E-01*       
*       -5.919079943E-01
GRID*                620               0-1.594101533E-01 2.647876399E-01*       
*       -5.933428964E-01
GRID*                621               0-1.673632567E-01 2.677212424E-01*       
*       -5.914755931E-01
GRID*                622               0-1.762892949E-01 2.702853044E-01*       
*       -5.885379158E-01
GRID*                623               0-1.860870063E-01 2.721736550E-01*       
*       -5.861903053E-01
GRID*                624               0-1.964769755E-01 2.731027588E-01*       
*       -5.878019662E-01
GRID*                625               0-2.070277683E-01 2.729130961E-01*       
*       -5.892130360E-01
GRID*                626               0-2.172622541E-01 2.716383544E-01*       
*       -5.912791919E-01
GRID*                627               0-2.267913758E-01 2.694901310E-01*       
*       -5.929926455E-01
GRID*                628               0-2.353963275E-01 2.667703450E-01*       
*       -5.937339919E-01
GRID*                629               0-2.430281814E-01 2.637739117E-01*       
*       -5.928488021E-01
GRID*                630               0-2.497549882E-01 2.607303533E-01*       
*       -5.919934257E-01
GRID*                631               0-2.557012254E-01 2.577900213E-01*       
*       -5.912852428E-01
GRID*                632               0-2.579046792E-01 2.535618283E-01*       
*       -5.900929938E-01
GRID*                633               0-2.602119310E-01 2.489221939E-01*       
*       -5.895611755E-01
GRID*                634               0-2.625797744E-01 2.438058421E-01*       
*       -5.928504183E-01
GRID*                635               0-2.649400013E-01 2.381522508E-01*       
*       -5.971203587E-01
GRID*                636               0-2.671951820E-01 2.319177115E-01*       
*       -6.014730432E-01
GRID*                637               0-2.692192893E-01 2.250919924E-01*       
*       -6.035584162E-01
GRID*                638               0-2.708671086E-01 2.177167771E-01*       
*       -6.041550425E-01
GRID*                639               0-2.719948725E-01 2.098992950E-01*       
*       -6.041241196E-01
GRID*                640               0-2.724895959E-01 2.018122399E-01*       
*       -6.022467252E-01
GRID*                641               0-2.717389017E-01 1.937228461E-01*       
*       -5.998970527E-01
GRID*                642               0-2.708301763E-01 1.858339647E-01*       
*       -6.006214178E-01
GRID*                643               0-2.693110380E-01 1.783403006E-01*       
*       -6.016633876E-01
GRID*                644               0-2.673234612E-01 1.713875290E-01*       
*       -6.008152233E-01
GRID*                645               0-2.650240641E-01 1.650495655E-01*       
*       -5.977588831E-01
GRID*                646               0-2.625573767E-01 1.593377052E-01*       
*       -5.948653940E-01
GRID*                647               0-2.600406724E-01 1.542189873E-01*       
*       -5.915905005E-01
GRID*                648               0-2.575596664E-01 1.496352919E-01*       
*       -5.877630275E-01
GRID*                649               0-2.551712042E-01 1.455184359E-01*       
*       -5.846081090E-01
GRID*                650               0-2.496637249E-01 1.423024373E-01*       
*       -5.826834836E-01
GRID*                651               0-2.432892281E-01 1.389312675E-01*       
*       -5.820092798E-01
GRID*                652               0-2.358871015E-01 1.355663405E-01*       
*       -5.825815548E-01
GRID*                653               0-2.273542892E-01 1.324690986E-01*       
*       -5.837453530E-01
GRID*                654               0-2.177236487E-01 1.299915876E-01*       
*       -5.852679694E-01
GRID*                655               0-2.072397283E-01 1.285076828E-01*       
*       -5.867627963E-01
GRID*                656               0-1.963689111E-01 1.282859937E-01*       
*       -5.850628598E-01
GRID*                657               0-1.856951359E-01 1.293697335E-01*       
*       -5.839060824E-01
GRID*                658               0-1.757411367E-01 1.315553500E-01*       
*       -5.865346767E-01
GRID*                659               0-1.668295209E-01 1.344883038E-01*       
*       -5.902286154E-01
GRID*                660               0-1.590570313E-01 1.377981822E-01*       
*       -5.939792979E-01
GRID*                661               0-1.523563544E-01 1.411898750E-01*       
*       -5.937918998E-01
GRID*                662               0-1.465788106E-01 1.444700795E-01*       
*       -5.929565136E-01
GRID*                663               0-1.415559483E-01 1.475331808E-01*       
*       -5.916390046E-01
GRID*                664               0-1.393170801E-01 1.517294955E-01*       
*       -5.905639192E-01
GRID*                665               0-1.370323351E-01 1.563519596E-01*       
*       -5.890273212E-01
GRID*                666               0-1.347583046E-01 1.614480891E-01*       
*       -5.869262262E-01
GRID*                667               0-1.325729377E-01 1.670526855E-01*       
*       -5.855188532E-01
GRID*                668               0-1.305751633E-01 1.731767676E-01*       
*       -5.845209829E-01
GRID*                669               0-1.288792903E-01 1.797952529E-01*       
*       -5.860418408E-01
GRID*                670               0-1.276026341E-01 1.868368426E-01*       
*       -5.882946205E-01
GRID*                671               0-1.268470847E-01 1.941810181E-01*       
*       -5.901496608E-01
GRID*                672               0-1.266788408E-01 2.016663900E-01*       
*       -5.897301066E-01
GRID*                673               0-1.271132654E-01 2.091108418E-01*       
*       -5.891901058E-01
GRID*                674               0-1.281111566E-01 2.163383735E-01*       
*       -5.872452187E-01
GRID*                675               0-1.295881044E-01 2.232039201E-01*       
*       -5.847478199E-01
GRID*                676               0-1.314328296E-01 2.296085509E-01*       
*       -5.822686643E-01
GRID*                677               0-1.335273821E-01 2.355024209E-01*       
*       -5.823489833E-01
GRID*                678               0-1.357631813E-01 2.408779756E-01*       
*       -5.825920828E-01
GRID*                679               0-1.380502919E-01 2.457583071E-01*       
*       -5.832180380E-01
GRID*                680               0-1.403204393E-01 2.501850851E-01*       
*       -5.849841311E-01
GRID*                681               0-1.425257839E-01 2.542086356E-01*       
*       -5.875005594E-01
GRID*                682               0-1.476246510E-01 2.571993943E-01*       
*       -5.893274881E-01
GRID*                683               0-1.534533985E-01 2.603651239E-01*       
*       -5.911162936E-01
GRID*                684               0-1.601567359E-01 2.635959792E-01*       
*       -5.924257970E-01
GRID*                685               0-1.678529167E-01 2.667051979E-01*       
*       -5.909864932E-01
GRID*                686               0-1.765802757E-01 2.694227541E-01*       
*       -5.882120310E-01
GRID*                687               0-1.862314895E-01 2.714241483E-01*       
*       -5.860618223E-01
GRID*                688               0-1.965104158E-01 2.724088717E-01*       
*       -5.876667623E-01
GRID*                689               0-2.069597933E-01 2.722078551E-01*       
*       -5.890590162E-01
GRID*                690               0-2.170739284E-01 2.708568027E-01*       
*       -5.910527060E-01
GRID*                691               0-2.264404737E-01 2.685799786E-01*       
*       -5.926742041E-01
GRID*                692               0-2.348275248E-01 2.656973763E-01*       
*       -5.932780352E-01
GRID*                693               0-2.421832248E-01 2.625215654E-01*       
*       -5.922435004E-01
GRID*                694               0-2.485796984E-01 2.592958084E-01*       
*       -5.913115498E-01
GRID*                695               0-2.541488745E-01 2.561794573E-01*       
*       -5.905216256E-01
GRID*                696               0-2.564842352E-01 2.522479176E-01*       
*       -5.892290660E-01
GRID*                697               0-2.589296076E-01 2.478803062E-01*       
*       -5.886459222E-01
GRID*                698               0-2.614391988E-01 2.430074392E-01*       
*       -5.927482875E-01
GRID*                699               0-2.639407176E-01 2.375651716E-01*       
*       -5.969952021E-01
GRID*                700               0-2.663309018E-01 2.315071783E-01*       
*       -6.013410818E-01
GRID*                701               0-2.684761796E-01 2.248226151E-01*       
*       -6.032918870E-01
GRID*                702               0-2.702226434E-01 2.175556608E-01*       
*       -6.039518285E-01
GRID*                703               0-2.714179194E-01 2.098199639E-01*       
*       -6.039381371E-01
GRID*                704               0-2.719422588E-01 2.017985565E-01*       
*       -6.020445391E-01
GRID*                705               0-2.712407656E-01 1.937664330E-01*       
*       -5.996895444E-01
GRID*                706               0-2.702862871E-01 1.859427426E-01*       
*       -6.004043829E-01
GRID*                707               0-2.686906625E-01 1.785341680E-01*       
*       -6.014565850E-01
GRID*                708               0-2.666030140E-01 1.716937190E-01*       
*       -6.007777864E-01
GRID*                709               0-2.641878457E-01 1.654990330E-01*       
*       -5.977456482E-01
GRID*                710               0-2.615969640E-01 1.599619734E-01*       
*       -5.948870428E-01
GRID*                711               0-2.589535473E-01 1.550479201E-01*       
*       -5.919082422E-01
GRID*                712               0-2.563476263E-01 1.506958270E-01*       
*       -5.882041260E-01
GRID*                713               0-2.538389084E-01 1.468340779E-01*       
*       -5.852741275E-01
GRID*                714               0-2.486706484E-01 1.434561584E-01*       
*       -5.831904374E-01
GRID*                715               0-2.425917179E-01 1.399152552E-01*       
*       -5.823178173E-01
GRID*                716               0-2.354334178E-01 1.363809089E-01*       
*       -5.828207544E-01
GRID*                717               0-2.270875037E-01 1.331277253E-01*       
*       -5.839291047E-01
GRID*                718               0-2.175884873E-01 1.305254752E-01*       
*       -5.854105843E-01
GRID*                719               0-2.071932296E-01 1.289668580E-01*       
*       -5.868681039E-01
GRID*                720               0-1.963915953E-01 1.287340072E-01*       
*       -5.852161754E-01
GRID*                721               0-1.857969239E-01 1.298723117E-01*       
*       -5.841331043E-01
GRID*                722               0-1.759582681E-01 1.321679708E-01*       
*       -5.867709320E-01
GRID*                723               0-1.672144783E-01 1.352485946E-01*       
*       -5.905165146E-01
GRID*                724               0-1.596671680E-01 1.387251206E-01*       
*       -5.941121435E-01
GRID*                725               0-1.532456346E-01 1.422875803E-01*       
*       -5.941050506E-01
GRID*                726               0-1.477937128E-01 1.457329383E-01*       
*       -5.932933522E-01
GRID*                727               0-1.431344695E-01 1.489502624E-01*       
*       -5.920318100E-01
GRID*                728               0-1.407828775E-01 1.528954708E-01*       
*       -5.909978576E-01
GRID*                729               0-1.383830990E-01 1.572882845E-01*       
*       -5.893504583E-01
GRID*                730               0-1.359945742E-01 1.621786120E-01*       
*       -5.871724100E-01
GRID*                731               0-1.336991773E-01 1.676030071E-01*       
*       -5.855032553E-01
GRID*                732               0-1.316008179E-01 1.735730433E-01*       
*       -5.844216307E-01
GRID*                733               0-1.298195601E-01 1.800623750E-01*       
*       -5.860446137E-01
GRID*                734               0-1.284786261E-01 1.869961138E-01*       
*       -5.882488532E-01
GRID*                735               0-1.276850358E-01 1.942476733E-01*       
*       -5.900302439E-01
GRID*                736               0-1.275083211E-01 2.016475382E-01*       
*       -5.895790204E-01
GRID*                737               0-1.279646184E-01 2.090044227E-01*       
*       -5.890017341E-01
GRID*                738               0-1.290127520E-01 2.161334655E-01*       
*       -5.870822565E-01
GRID*                739               0-1.305640620E-01 2.228822978E-01*       
*       -5.845922737E-01
GRID*                740               0-1.325016664E-01 2.291470077E-01*       
*       -5.821156695E-01
GRID*                741               0-1.347016766E-01 2.348752409E-01*       
*       -5.819547366E-01
GRID*                742               0-1.370500450E-01 2.400590623E-01*       
*       -5.824656688E-01
GRID*                743               0-1.394523084E-01 2.447227268E-01*       
*       -5.830970247E-01
GRID*                744               0-1.418367544E-01 2.489100019E-01*       
*       -5.842514590E-01
GRID*                745               0-1.441531349E-01 2.526737477E-01*       
*       -5.865998868E-01
GRID*                746               0-1.488922097E-01 2.558150868E-01*       
*       -5.885240337E-01
GRID*                747               0-1.543979133E-01 2.591402062E-01*       
*       -5.904209028E-01
GRID*                748               0-1.608222412E-01 2.625337305E-01*       
*       -5.916184090E-01
GRID*                749               0-1.682894006E-01 2.657994939E-01*       
*       -5.904552871E-01
GRID*                750               0-1.768396566E-01 2.686538751E-01*       
*       -5.879240127E-01
GRID*                751               0-1.863602821E-01 2.707560366E-01*       
*       -5.859472280E-01
GRID*                752               0-1.965402246E-01 2.717903393E-01*       
*       -5.875462275E-01
GRID*                753               0-2.068992002E-01 2.715792018E-01*       
*       -5.889217511E-01
GRID*                754               0-2.169060544E-01 2.701601259E-01*       
*       -5.908515592E-01
GRID*                755               0-2.261276789E-01 2.677686671E-01*       
*       -5.923919575E-01
GRID*                756               0-2.343204930E-01 2.647409299E-01*       
*       -5.927961765E-01
GRID*                757               0-2.414300290E-01 2.614052215E-01*       
*       -5.916963734E-01
GRID*                758               0-2.475320428E-01 2.580170523E-01*       
*       -5.906916790E-01
GRID*                759               0-2.527651059E-01 2.547437974E-01*       
*       -5.898230739E-01
GRID*                760               0-2.552180487E-01 2.510766951E-01*       
*       -5.886377430E-01
GRID*                761               0-2.577865421E-01 2.469515654E-01*       
*       -5.886086758E-01
GRID*                762               0-2.604224876E-01 2.422957413E-01*       
*       -5.926678529E-01
GRID*                763               0-2.630499542E-01 2.370418481E-01*       
*       -5.968904693E-01
GRID*                764               0-2.655604807E-01 2.311412283E-01*       
*       -6.012275832E-01
GRID*                765               0-2.678137702E-01 2.245824917E-01*       
*       -6.030564932E-01
GRID*                766               0-2.696481659E-01 2.174120415E-01*       
*       -6.037718194E-01
GRID*                767               0-2.709036224E-01 2.097492481E-01*       
*       -6.037716229E-01
GRID*                768               0-2.714543614E-01 2.017863590E-01*       
*       -6.018641908E-01
GRID*                769               0-2.707967262E-01 1.938052865E-01*       
*       -5.995049170E-01
GRID*                770               0-2.698014633E-01 1.860397073E-01*       
*       -6.002096607E-01
GRID*                771               0-2.681376586E-01 1.787069817E-01*       
*       -6.012696857E-01
GRID*                772               0-2.659608061E-01 1.719666574E-01*       
*       -6.007450617E-01
GRID*                773               0-2.634424389E-01 1.658996891E-01*       
*       -5.977349523E-01
GRID*                774               0-2.607408504E-01 1.605184473E-01*       
*       -5.949080979E-01
GRID*                775               0-2.579844820E-01 1.557868325E-01*       
*       -5.921890101E-01
GRID*                776               0-2.552672114E-01 1.516411900E-01*       
*       -5.885313724E-01
GRID*                777               0-2.526512974E-01 1.480068438E-01*       
*       -5.857696920E-01
GRID*                778               0-2.477854182E-01 1.444845877E-01*       
*       -5.835781971E-01
GRID*                779               0-2.419699559E-01 1.407923836E-01*       
*       -5.825544259E-01
GRID*                780               0-2.350290033E-01 1.371070168E-01*       
*       -5.830312486E-01
GRID*                781               0-2.268496905E-01 1.337148265E-01*       
*       -5.840935865E-01
GRID*                782               0-2.174680041E-01 1.310013837E-01*       
*       -5.855379930E-01
GRID*                783               0-2.071517805E-01 1.293761676E-01*       
*       -5.869622755E-01
GRID*                784               0-1.964118161E-01 1.291333672E-01*       
*       -5.853526983E-01
GRID*                785               0-1.858876579E-01 1.303203109E-01*       
*       -5.843347530E-01
GRID*                786               0-1.761518195E-01 1.327140622E-01*       
*       -5.869805902E-01
GRID*                787               0-1.675576300E-01 1.359263193E-01*       
*       -5.907710798E-01
GRID*                788               0-1.602110450E-01 1.395513953E-01*       
*       -5.942002726E-01
GRID*                789               0-1.540383407E-01 1.432660768E-01*       
*       -5.944150573E-01
GRID*                790               0-1.488766789E-01 1.468586531E-01*       
*       -5.936421188E-01
GRID*                791               0-1.445415663E-01 1.502134516E-01*       
*       -5.924526810E-01
GRID*                792               0-1.420894922E-01 1.539348233E-01*       
*       -5.914387069E-01
GRID*                793               0-1.395871724E-01 1.581229263E-01*       
*       -5.895984099E-01
GRID*                794               0-1.370965874E-01 1.628298016E-01*       
*       -5.873632291E-01
GRID*                795               0-1.347031095E-01 1.680935649E-01*       
*       -5.854704909E-01
GRID*                796               0-1.325150883E-01 1.739262841E-01*       
*       -5.843197662E-01
GRID*                797               0-1.306577184E-01 1.803004882E-01*       
*       -5.860455397E-01
GRID*                798               0-1.292594870E-01 1.871380885E-01*       
*       -5.882071974E-01
GRID*                799               0-1.284319871E-01 1.943070899E-01*       
*       -5.899232130E-01
GRID*                800               0-1.282477215E-01 2.016307336E-01*       
*       -5.894445050E-01
GRID*                801               0-1.287235161E-01 2.089095605E-01*       
*       -5.888347639E-01
GRID*                802               0-1.298164358E-01 2.159508100E-01*       
*       -5.869374925E-01
GRID*                803               0-1.314340324E-01 2.225956029E-01*       
*       -5.844544704E-01
GRID*                804               0-1.334544296E-01 2.287355872E-01*       
*       -5.819869660E-01
GRID*                805               0-1.357484449E-01 2.343161714E-01*       
*       -5.818208678E-01
GRID*                806               0-1.381971579E-01 2.393290814E-01*       
*       -5.823386721E-01
GRID*                807               0-1.407020686E-01 2.437996085E-01*       
*       -5.829694366E-01
GRID*                808               0-1.431884007E-01 2.477733903E-01*       
*       -5.836916299E-01
GRID*                809               0-1.456037588E-01 2.513055457E-01*       
*       -5.858147512E-01
GRID*                810               0-1.500221140E-01 2.545811124E-01*       
*       -5.878202851E-01
GRID*                811               0-1.552398556E-01 2.580483123E-01*       
*       -5.898092404E-01
GRID*                812               0-1.614154738E-01 2.615868399E-01*       
*       -5.909067399E-01
GRID*                813               0-1.686784831E-01 2.649921475E-01*       
*       -5.899220037E-01
GRID*                814               0-1.770708692E-01 2.679684948E-01*       
*       -5.876692400E-01
GRID*                815               0-1.864750881E-01 2.701604805E-01*       
*       -5.858450273E-01
GRID*                816               0-1.965667962E-01 2.712389785E-01*       
*       -5.874387717E-01
GRID*                817               0-2.068451874E-01 2.710188192E-01*       
*       -5.887994154E-01
GRID*                818               0-2.167564113E-01 2.695391069E-01*       
*       -5.906728472E-01
GRID*                819               0-2.258488530E-01 2.670454624E-01*       
*       -5.921416437E-01
GRID*                820               0-2.338685238E-01 2.638883517E-01*       
*       -5.923631820E-01
GRID*                821               0-2.407586287E-01 2.604101104E-01*       
*       -5.912026562E-01
GRID*                822               0-2.465981606E-01 2.568771666E-01*       
*       -5.901295537E-01
GRID*                823               0-2.515316120E-01 2.534640474E-01*       
*       -5.891861906E-01
GRID*                824               0-2.540893676E-01 2.500326650E-01*       
*       -5.881000417E-01
GRID*                825               0-2.567676112E-01 2.461236841E-01*       
*       -5.887034060E-01
GRID*                826               0-2.595161892E-01 2.416613324E-01*       
*       -5.926045800E-01
GRID*                827               0-2.622559260E-01 2.365753565E-01*       
*       -5.968025391E-01
GRID*                828               0-2.648737258E-01 2.308150198E-01*       
*       -6.011296937E-01
GRID*                829               0-2.672232971E-01 2.243684452E-01*       
*       -6.028484034E-01
GRID*                830               0-2.691360755E-01 2.172840189E-01*       
*       -6.036122620E-01
GRID*                831               0-2.704451769E-01 2.096862118E-01*       
*       -6.036226125E-01
GRID*                832               0-2.710194488E-01 2.017754862E-01*       
*       -6.017033331E-01
GRID*                833               0-2.704009085E-01 1.938399205E-01*       
*       -5.993406145E-01
GRID*                834               0-2.693692905E-01 1.861261419E-01*       
*       -6.000350862E-01
GRID*                835               0-2.676447098E-01 1.788610282E-01*       
*       -6.011010529E-01
GRID*                836               0-2.653883406E-01 1.722099552E-01*       
*       -6.007164045E-01
GRID*                837               0-2.627779819E-01 1.662568347E-01*       
*       -5.977262933E-01
GRID*                838               0-2.599777090E-01 1.610144892E-01*       
*       -5.949282629E-01
GRID*                839               0-2.571206552E-01 1.564455004E-01*       
*       -5.923406546E-01
GRID*                840               0-2.543041275E-01 1.524838884E-01*       
*       -5.887659019E-01
GRID*                841               0-2.515926587E-01 1.490522495E-01*       
*       -5.861334689E-01
GRID*                842               0-2.469963222E-01 1.454013315E-01*       
*       -5.838728816E-01
GRID*                843               0-2.414157161E-01 1.415742577E-01*       
*       -5.827348090E-01
GRID*                844               0-2.346685074E-01 1.377542707E-01*       
*       -5.832167152E-01
GRID*                845               0-2.266377035E-01 1.342381696E-01*       
*       -5.842407505E-01
GRID*                846               0-2.173606052E-01 1.314256095E-01*       
*       -5.856517889E-01
GRID*                847               0-2.071148327E-01 1.297410270E-01*       
*       -5.870464586E-01
GRID*                848               0-1.964298409E-01 1.294893576E-01*       
*       -5.854742816E-01
GRID*                849               0-1.859685384E-01 1.307196582E-01*       
*       -5.845139316E-01
GRID*                850               0-1.763243516E-01 1.332008491E-01*       
*       -5.871667329E-01
GRID*                851               0-1.678635161E-01 1.365304444E-01*       
*       -5.909963560E-01
GRID*                852               0-1.606958580E-01 1.402879381E-01*       
*       -5.942879070E-01
GRID*                853               0-1.547449605E-01 1.441383106E-01*       
*       -5.947159217E-01
GRID*                854               0-1.498420370E-01 1.478621174E-01*       
*       -5.939915545E-01
GRID*                855               0-1.457958552E-01 1.513394609E-01*       
*       -5.928840429E-01
GRID*                856               0-1.432542110E-01 1.548613042E-01*       
*       -5.918746176E-01
GRID*                857               0-1.406604859E-01 1.588669277E-01*       
*       -5.897875763E-01
GRID*                858               0-1.380789241E-01 1.634102733E-01*       
*       -5.875105766E-01
GRID*                859               0-1.355980166E-01 1.685308490E-01*       
*       -5.855621516E-01
GRID*                860               0-1.333300707E-01 1.742411637E-01*       
*       -5.842183944E-01
GRID*                861               0-1.314048543E-01 1.805127427E-01*       
*       -5.860451369E-01
GRID*                862               0-1.299555480E-01 1.872646451E-01*       
*       -5.881693832E-01
GRID*                863               0-1.290978209E-01 1.943600539E-01*       
*       -5.898273427E-01
GRID*                864               0-1.289068244E-01 2.016157540E-01*       
*       -5.893247272E-01
GRID*                865               0-1.293999990E-01 2.088250001E-01*       
*       -5.886866770E-01
GRID*                866               0-1.305328412E-01 2.157879906E-01*       
*       -5.868088474E-01
GRID*                867               0-1.322095258E-01 2.223400426E-01*       
*       -5.843323083E-01
GRID*                868               0-1.343037245E-01 2.283688462E-01*       
*       -5.818733021E-01
GRID*                869               0-1.366815363E-01 2.338178158E-01*       
*       -5.816935897E-01
GRID*                870               0-1.392196965E-01 2.386783750E-01*       
*       -5.822140957E-01
GRID*                871               0-1.418161072E-01 2.429767390E-01*       
*       -5.828400375E-01
GRID*                872               0-1.443932607E-01 2.467602126E-01*       
*       -5.835487047E-01
GRID*                873               0-1.468968477E-01 2.500859277E-01*       
*       -5.851289646E-01
GRID*                874               0-1.510293128E-01 2.534811452E-01*       
*       -5.872028567E-01
GRID*                875               0-1.559903646E-01 2.570749960E-01*       
*       -5.892705272E-01
GRID*                876               0-1.619442825E-01 2.607427798E-01*       
*       -5.902787439E-01
GRID*                877               0-1.690253121E-01 2.642724774E-01*       
*       -5.894502055E-01
GRID*                878               0-1.772769726E-01 2.673575456E-01*       
*       -5.874436984E-01
GRID*                879               0-1.865774264E-01 2.696296007E-01*       
*       -5.857538848E-01
GRID*                880               0-1.965904822E-01 2.707474943E-01*       
*       -5.873429766E-01
GRID*                881               0-2.067970403E-01 2.705192930E-01*       
*       -5.886903831E-01
GRID*                882               0-2.166230191E-01 2.689855294E-01*       
*       -5.905140121E-01
GRID*                883               0-2.256003070E-01 2.664007964E-01*       
*       -5.919195316E-01
GRID*                884               0-2.334656376E-01 2.631283619E-01*       
*       -5.919744569E-01
GRID*                885               0-2.401601412E-01 2.595230664E-01*       
*       -5.907577825E-01
GRID*                886               0-2.457656962E-01 2.558610703E-01*       
*       -5.896208690E-01
GRID*                887               0-2.504320731E-01 2.523232758E-01*       
*       -5.886071938E-01
GRID*                888               0-2.530832591E-01 2.491020146E-01*       
*       -5.876123150E-01
GRID*                889               0-2.558593343E-01 2.453857091E-01*       
*       -5.889298964E-01
GRID*                890               0-2.587083131E-01 2.410958191E-01*       
*       -5.925548743E-01
GRID*                891               0-2.615481277E-01 2.361595250E-01*       
*       -5.967284715E-01
GRID*                892               0-2.642615513E-01 2.305242368E-01*       
*       -6.010450438E-01
GRID*                893               0-2.666969483E-01 2.241776438E-01*       
*       -6.026642949E-01
GRID*                894               0-2.686795972E-01 2.171698993E-01*       
*       -6.034707497E-01
GRID*                895               0-2.700365178E-01 2.096300212E-01*       
*       -6.034893241E-01
GRID*                896               0-2.706317668E-01 2.017657942E-01*       
*       -6.015598690E-01
GRID*                897               0-2.700480759E-01 1.938707934E-01*       
*       -5.991943733E-01
GRID*                898               0-2.689840507E-01 1.862031899E-01*       
*       -5.998786766E-01
GRID*                899               0-2.672052943E-01 1.789983455E-01*       
*       -6.009491201E-01
GRID*                900               0-2.648780438E-01 1.724268314E-01*       
*       -6.006912677E-01
GRID*                901               0-2.621856836E-01 1.665751951E-01*       
*       -5.977192703E-01
GRID*                902               0-2.592974433E-01 1.614566619E-01*       
*       -5.949473476E-01
GRID*                903               0-2.563506384E-01 1.570326382E-01*       
*       -5.922438930E-01
GRID*                904               0-2.534456326E-01 1.532350715E-01*       
*       -5.889295280E-01
GRID*                905               0-2.506489861E-01 1.499841263E-01*       
*       -5.863957853E-01
GRID*                906               0-2.462929206E-01 1.462185188E-01*       
*       -5.840950670E-01
GRID*                907               0-2.409216657E-01 1.422712217E-01*       
*       -5.828713435E-01
GRID*                908               0-2.343471607E-01 1.383312341E-01*       
*       -5.832406911E-01
GRID*                909               0-2.264487378E-01 1.347046787E-01*       
*       -5.843723654E-01
GRID*                910               0-2.172648696E-01 1.318037651E-01*       
*       -5.857534045E-01
GRID*                911               0-2.070818974E-01 1.300662634E-01*       
*       -5.871216892E-01
GRID*                912               0-1.964459083E-01 1.298066881E-01*       
*       -5.855825710E-01
GRID*                913               0-1.860406354E-01 1.310756372E-01*       
*       -5.846731977E-01
GRID*                914               0-1.764781470E-01 1.336347719E-01*       
*       -5.873320672E-01
GRID*                915               0-1.681361836E-01 1.370689627E-01*       
*       -5.911958615E-01
GRID*                916               0-1.611280213E-01 1.409444939E-01*       
*       -5.943732364E-01
GRID*                917               0-1.553748427E-01 1.449158214E-01*       
*       -5.950035995E-01
GRID*                918               0-1.507025590E-01 1.487566074E-01*       
*       -5.943336695E-01
GRID*                919               0-1.469139307E-01 1.523431878E-01*       
*       -5.933132135E-01
GRID*                920               0-1.442924436E-01 1.556871711E-01*       
*       -5.922973067E-01
GRID*                921               0-1.416172395E-01 1.595301319E-01*       
*       -5.899308851E-01
GRID*                922               0-1.389545809E-01 1.639277069E-01*       
*       -5.876238462E-01
GRID*                923               0-1.363957385E-01 1.689206449E-01*       
*       -5.856314527E-01
GRID*                924               0-1.340565477E-01 1.745218480E-01*       
*       -5.841351870E-01
GRID*                925               0-1.320708527E-01 1.807019468E-01*       
*       -5.860438019E-01
GRID*                926               0-1.305760181E-01 1.873774578E-01*       
*       -5.881351333E-01
GRID*                927               0-1.296913465E-01 1.944072662E-01*       
*       -5.897415160E-01
GRID*                928               0-1.294943500E-01 2.016024011E-01*       
*       -5.892180601E-01
GRID*                929               0-1.300030171E-01 2.087496229E-01*       
*       -5.885552685E-01
GRID*                930               0-1.311714463E-01 2.156428531E-01*       
*       -5.866944892E-01
GRID*                931               0-1.329008021E-01 2.221122357E-01*       
*       -5.842239501E-01
GRID*                932               0-1.350607877E-01 2.280419326E-01*       
*       -5.818327843E-01
GRID*                933               0-1.375132957E-01 2.333735807E-01*       
*       -5.815738189E-01
GRID*                934               0-1.401311893E-01 2.380983341E-01*       
*       -5.820940124E-01
GRID*                935               0-1.428091634E-01 2.422432316E-01*       
*       -5.827122421E-01
GRID*                936               0-1.454672753E-01 2.458570639E-01*       
*       -5.834047233E-01
GRID*                937               0-1.480495097E-01 2.489987579E-01*       
*       -5.845288448E-01
GRID*                938               0-1.519271318E-01 2.525006324E-01*       
*       -5.866603419E-01
GRID*                939               0-1.566593697E-01 2.562073799E-01*       
*       -5.887955012E-01
GRID*                940               0-1.624156636E-01 2.599903830E-01*       
*       -5.897240221E-01
GRID*                941               0-1.693344761E-01 2.636309621E-01*       
*       -5.890324819E-01
GRID*                942               0-1.774606935E-01 2.668129442E-01*       
*       -5.872438925E-01
GRID*                943               0-1.866686509E-01 2.691563734E-01*       
*       -5.856726079E-01
GRID*                944               0-1.966115959E-01 2.703093844E-01*       
*       -5.872575778E-01
GRID*                945               0-2.067541219E-01 2.700740143E-01*       
*       -5.885932057E-01
GRID*                946               0-2.165041131E-01 2.684920693E-01*       
*       -5.903727991E-01
GRID*                947               0-2.253787527E-01 2.658261398E-01*       
*       -5.916395337E-01
GRID*                948               0-2.331065041E-01 2.624509055E-01*       
*       -5.916257592E-01
GRID*                949               0-2.396266483E-01 2.587323537E-01*       
*       -5.903574285E-01
GRID*                950               0-2.450236358E-01 2.549553201E-01*       
*       -5.891613833E-01
GRID*                951               0-2.494519420E-01 2.513063898E-01*       
*       -5.880821138E-01
GRID*                952               0-2.521864120E-01 2.482724311E-01*       
*       -5.871708651E-01
GRID*                953               0-2.550496945E-01 2.447278768E-01*       
*       -5.890865165E-01
GRID*                954               0-2.579881707E-01 2.405917195E-01*       
*       -5.925158871E-01
GRID*                955               0-2.609171949E-01 2.357888520E-01*       
*       -5.966658752E-01
GRID*                956               0-2.637158576E-01 2.302650324E-01*       
*       -6.009716597E-01
GRID*                957               0-2.662277600E-01 2.240075630E-01*       
*       -6.025012794E-01
GRID*                958               0-2.682726915E-01 2.170681729E-01*       
*       -6.033451754E-01
GRID*                959               0-2.696722383E-01 2.095799328E-01*       
*       -6.033701448E-01
GRID*                960               0-2.702861863E-01 2.017571547E-01*       
*       -6.014319249E-01
GRID*                961               0-2.697335602E-01 1.938983135E-01*       
*       -5.990641871E-01
GRID*                962               0-2.686406473E-01 1.862718705E-01*       
*       -5.997386222E-01
GRID*                963               0-2.668135985E-01 1.791207505E-01*       
*       -6.008124050E-01
GRID*                964               0-2.644231643E-01 1.726201552E-01*       
*       -6.006691852E-01
GRID*                965               0-2.616577078E-01 1.668589821E-01*       
*       -5.977135626E-01
GRID*                966               0-2.586910531E-01 1.618508155E-01*       
*       -5.949652413E-01
GRID*                967               0-2.556642439E-01 1.575560140E-01*       
*       -5.921529469E-01
GRID*                968               0-2.526803686E-01 1.539046774E-01*       
*       -5.890392829E-01
GRID*                969               0-2.498077945E-01 1.508148029E-01*       
*       -5.865803853E-01
GRID*                970               0-2.456659069E-01 1.469469610E-01*       
*       -5.842609448E-01
GRID*                971               0-2.404812681E-01 1.428924967E-01*       
*       -5.829737742E-01
GRID*                972               0-2.340607116E-01 1.388455405E-01*       
*       -5.832515113E-01
GRID*                973               0-2.262802934E-01 1.351205257E-01*       
*       -5.844900310E-01
GRID*                974               0-2.171795307E-01 1.321408538E-01*       
*       -5.858441261E-01
GRID*                975               0-2.070525388E-01 1.303561798E-01*       
*       -5.871889004E-01
GRID*                976               0-1.964602307E-01 1.300895570E-01*       
*       -5.856790286E-01
GRID*                977               0-1.861049028E-01 1.313929576E-01*       
*       -5.848148070E-01
GRID*                978               0-1.766152405E-01 1.340215715E-01*       
*       -5.874789749E-01
GRID*                979               0-1.683792400E-01 1.375489989E-01*       
*       -5.913726632E-01
GRID*                980               0-1.615132524E-01 1.415297489E-01*       
*       -5.944550297E-01
GRID*                981               0-1.559363209E-01 1.456088961E-01*       
*       -5.952755201E-01
GRID*                982               0-1.514696301E-01 1.495539576E-01*       
*       -5.946629678E-01
GRID*                983               0-1.479105854E-01 1.532379119E-01*       
*       -5.937312588E-01
GRID*                984               0-1.452179262E-01 1.564233504E-01*       
*       -5.925754435E-01
GRID*                985               0-1.424700916E-01 1.601213135E-01*       
*       -5.900385162E-01
GRID*                986               0-1.397351430E-01 1.643889482E-01*       
*       -5.877104516E-01
GRID*                987               0-1.371068293E-01 1.692681098E-01*       
*       -5.856833706E-01
GRID*                988               0-1.347041306E-01 1.747720505E-01*       
*       -5.841663561E-01
GRID*                989               0-1.326645250E-01 1.808706037E-01*       
*       -5.860418364E-01
GRID*                990               0-1.311291063E-01 1.874780193E-01*       
*       -5.881041722E-01
GRID*                991               0-1.302204163E-01 1.944493513E-01*       
*       -5.896647177E-01
GRID*                992               0-1.300180715E-01 2.015904984E-01*       
*       -5.891230586E-01
GRID*                993               0-1.305405486E-01 2.086824314E-01*       
*       -5.884386047E-01
GRID*                994               0-1.317407001E-01 2.155134773E-01*       
*       -5.865928013E-01
GRID*                995               0-1.335170070E-01 2.219091681E-01*       
*       -5.841277862E-01
GRID*                996               0-1.357356353E-01 2.277505211E-01*       
*       -5.818539380E-01
GRID*                997               0-1.382547277E-01 2.329775886E-01*       
*       -5.814620373E-01
GRID*                998               0-1.409436959E-01 2.375812845E-01*       
*       -5.819797901E-01
GRID*                999               0-1.436943756E-01 2.415893816E-01*       
*       -5.825884333E-01
GRID*               1000               0-1.464246540E-01 2.450519955E-01*       
*       -5.832632057E-01
GRID*               1001               0-1.490769948E-01 2.480296527E-01*       
*       -5.840027897E-01
GRID*               1002               0-1.527274494E-01 2.516266013E-01*       
*       -5.861829904E-01
GRID*               1003               0-1.572557222E-01 2.554339852E-01*       
*       -5.883761811E-01
GRID*               1004               0-1.628358537E-01 2.593196951E-01*       
*       -5.892335749E-01
GRID*               1005               0-1.696100655E-01 2.630591142E-01*       
*       -5.886623774E-01
GRID*               1006               0-1.776244627E-01 2.663274855E-01*       
*       -5.870667721E-01
GRID*               1007               0-1.867499686E-01 2.687345377E-01*       
*       -5.856001320E-01
GRID*               1008               0-1.966304168E-01 2.699188523E-01*       
*       -5.871814476E-01
GRID*               1009               0-2.067158643E-01 2.696770921E-01*       
*       -5.885065930E-01
GRID*               1010               0-2.163981200E-01 2.680521981E-01*       
*       -5.902472179E-01
GRID*               1011               0-2.251812587E-01 2.653138899E-01*       
*       -5.913807151E-01
GRID*               1012               0-2.327863718E-01 2.618470195E-01*       
*       -5.913131911E-01
GRID*               1013               0-2.391510917E-01 2.580275109E-01*       
*       -5.899975383E-01
GRID*               1014               0-2.443621617E-01 2.541479326E-01*       
*       -5.887469951E-01
GRID*               1015               0-2.485782512E-01 2.503999356E-01*       
*       -5.876069358E-01
GRID*               1016               0-2.513869608E-01 2.475329387E-01*       
*       -5.871035989E-01
GRID*               1017               0-2.543279800E-01 2.441414838E-01*       
*       -5.891901534E-01
GRID*               1018               0-2.573462344E-01 2.401423641E-01*       
*       -5.924853615E-01
GRID*               1019               0-2.603547803E-01 2.354584334E-01*       
*       -5.966128002E-01
GRID*               1020               0-2.632294253E-01 2.300339770E-01*       
*       -6.009078922E-01
GRID*               1021               0-2.658095246E-01 2.238559527E-01*       
*       -6.023568404E-01
GRID*               1022               0-2.679099750E-01 2.169774938E-01*       
*       -6.032336913E-01
GRID*               1023               0-2.693475188E-01 2.095352838E-01*       
*       -6.032636175E-01
GRID*               1024               0-2.699781352E-01 2.017494534E-01*       
*       -6.013178278E-01
GRID*               1025               0 1.102040816E-01-2.112244898E-01*       
*       -5.784951747E-01
GRID*               1026               0 1.102040816E-01-2.204081633E-01*       
*       -5.792103000E-01
GRID*               1027               0 1.102040816E-01-2.295918367E-01*       
*       -5.799254254E-01
GRID*               1028               0 1.102040816E-01-2.387755102E-01*       
*       -5.818585248E-01
GRID*               1029               0 1.102040816E-01-2.479591837E-01*       
*       -5.837916242E-01
GRID*               1030               0 1.102040816E-01-2.571428571E-01*       
*       -5.886183496E-01
GRID*               1031               0 1.102040816E-01-2.663265306E-01*       
*       -5.934450750E-01
GRID*               1032               0 1.102040816E-01-2.755102041E-01*       
*       -5.956450734E-01
GRID*               1033               0 1.102040816E-01-2.846938776E-01*       
*       -5.978450718E-01
GRID*               1034               0 1.224489796E-01-2.846938776E-01*       
*       -5.958724697E-01
GRID*               1035               0 1.346938776E-01-2.846938776E-01*       
*       -5.938998676E-01
GRID*               1036               0 1.469387755E-01-2.846938776E-01*       
*       -5.961715151E-01
GRID*               1037               0 1.591836735E-01-2.846938776E-01*       
*       -5.984431626E-01
GRID*               1038               0 1.714285714E-01-2.846938776E-01*       
*       -6.087071215E-01
GRID*               1039               0 1.836734694E-01-2.846938776E-01*       
*       -6.189710805E-01
GRID*               1040               0 1.959183673E-01-2.846938776E-01*       
*       -6.253759711E-01
GRID*               1041               0 2.081632653E-01-2.846938776E-01*       
*       -6.317808616E-01
GRID*               1042               0 2.204081633E-01-2.846938776E-01*       
*       -6.279337787E-01
GRID*               1043               0 2.326530612E-01-2.846938776E-01*       
*       -6.240866957E-01
GRID*               1044               0 2.448979592E-01-2.846938776E-01*       
*       -6.196948984E-01
GRID*               1045               0 2.571428571E-01-2.846938776E-01*       
*       -6.153031012E-01
GRID*               1046               0 2.693877551E-01-2.846938776E-01*       
*       -6.111579267E-01
GRID*               1047               0 2.816326531E-01-2.846938776E-01*       
*       -6.070127522E-01
GRID*               1048               0 2.816326531E-01-2.755102041E-01*       
*       -6.036167110E-01
GRID*               1049               0 2.816326531E-01-2.663265306E-01*       
*       -6.002206699E-01
GRID*               1050               0 2.816326531E-01-2.571428571E-01*       
*       -5.952313124E-01
GRID*               1051               0 2.816326531E-01-2.479591837E-01*       
*       -5.902419550E-01
GRID*               1052               0 2.816326531E-01-2.387755102E-01*       
*       -5.845576008E-01
GRID*               1053               0 2.816326531E-01-2.295918367E-01*       
*       -5.788732467E-01
GRID*               1054               0 2.816326531E-01-2.204081633E-01*       
*       -5.749825520E-01
GRID*               1055               0 2.816326531E-01-2.112244898E-01*       
*       -5.710918574E-01
GRID*               1056               0 2.816326531E-01-2.020408163E-01*       
*       -5.686439568E-01
GRID*               1057               0 2.816326531E-01-1.928571429E-01*       
*       -5.661960562E-01
GRID*               1058               0 2.816326531E-01-1.836734694E-01*       
*       -5.655420931E-01
GRID*               1059               0 2.816326531E-01-1.744897959E-01*       
*       -5.648881300E-01
GRID*               1060               0 2.816326531E-01-1.653061224E-01*       
*       -5.673902278E-01
GRID*               1061               0 2.816326531E-01-1.561224490E-01*       
*       -5.698923255E-01
GRID*               1062               0 2.816326531E-01-1.469387755E-01*       
*       -5.751688369E-01
GRID*               1063               0 2.816326531E-01-1.377551020E-01*       
*       -5.804453482E-01
GRID*               1064               0 2.816326531E-01-1.285714286E-01*       
*       -5.844990480E-01
GRID*               1065               0 2.816326531E-01-1.193877551E-01*       
*       -5.885527477E-01
GRID*               1066               0 2.693877551E-01-1.193877551E-01*       
*       -5.839757500E-01
GRID*               1067               0 2.571428571E-01-1.193877551E-01*       
*       -5.793987523E-01
GRID*               1068               0 2.448979592E-01-1.193877551E-01*       
*       -5.768037535E-01
GRID*               1069               0 2.326530612E-01-1.193877551E-01*       
*       -5.742087547E-01
GRID*               1070               0 2.204081633E-01-1.193877551E-01*       
*       -5.738266607E-01
GRID*               1071               0 2.081632653E-01-1.193877551E-01*       
*       -5.734445668E-01
GRID*               1072               0 1.959183673E-01-1.193877551E-01*       
*       -5.700520926E-01
GRID*               1073               0 1.836734694E-01-1.193877551E-01*       
*       -5.666596184E-01
GRID*               1074               0 1.714285714E-01-1.193877551E-01*       
*       -5.714274647E-01
GRID*               1075               0 1.591836735E-01-1.193877551E-01*       
*       -5.761953110E-01
GRID*               1076               0 1.469387755E-01-1.193877551E-01*       
*       -5.841291894E-01
GRID*               1077               0 1.346938776E-01-1.193877551E-01*       
*       -5.920630678E-01
GRID*               1078               0 1.224489796E-01-1.193877551E-01*       
*       -5.925683508E-01
GRID*               1079               0 1.102040816E-01-1.193877551E-01*       
*       -5.930736338E-01
GRID*               1080               0 1.102040816E-01-1.285714286E-01*       
*       -5.926439941E-01
GRID*               1081               0 1.102040816E-01-1.377551020E-01*       
*       -5.922143545E-01
GRID*               1082               0 1.102040816E-01-1.469387755E-01*       
*       -5.894958224E-01
GRID*               1083               0 1.102040816E-01-1.561224490E-01*       
*       -5.867772903E-01
GRID*               1084               0 1.102040816E-01-1.653061224E-01*       
*       -5.844080265E-01
GRID*               1085               0 1.102040816E-01-1.744897959E-01*       
*       -5.820387628E-01
GRID*               1086               0 1.102040816E-01-1.836734694E-01*       
*       -5.797983176E-01
GRID*               1087               0 1.102040816E-01-1.928571429E-01*       
*       -5.775578725E-01
GRID*               1088               0 1.102040816E-01-2.020408163E-01*       
*       -5.780265236E-01
GRID*               1089               0 1.128917393E-01-2.108885326E-01*       
*       -5.760691438E-01
GRID*               1090               0 1.130503507E-01-2.197612839E-01*       
*       -5.768666431E-01
GRID*               1091               0 1.132851066E-01-2.285764990E-01*       
*       -5.776361787E-01
GRID*               1092               0 1.135783194E-01-2.373184530E-01*       
*       -5.796076522E-01
GRID*               1093               0 1.139112415E-01-2.459792233E-01*       
*       -5.817831895E-01
GRID*               1094               0 1.142666142E-01-2.545576091E-01*       
*       -5.859808188E-01
GRID*               1095               0 1.146301427E-01-2.630572809E-01*       
*       -5.907954677E-01
GRID*               1096               0 1.149909750E-01-2.714848619E-01*       
*       -5.938779737E-01
GRID*               1097               0 1.153415071E-01-2.798483513E-01*       
*       -5.958442181E-01
GRID*               1098               0 1.264505676E-01-2.803237223E-01*       
*       -5.941453874E-01
GRID*               1099               0 1.376756401E-01-2.808269043E-01*       
*       -5.933136462E-01
GRID*               1100               0 1.490397257E-01-2.813404378E-01*       
*       -5.950258079E-01
GRID*               1101               0 1.605616204E-01-2.818346377E-01*       
*       -5.978427452E-01
GRID*               1102               0 1.722474174E-01-2.822665840E-01*       
*       -6.076898035E-01
GRID*               1103               0 1.840800580E-01-2.825846989E-01*       
*       -6.175256276E-01
GRID*               1104               0 1.960124715E-01-2.827412173E-01*       
*       -6.239888867E-01
GRID*               1105               0 2.079719775E-01-2.827092664E-01*       
*       -6.303216125E-01
GRID*               1106               0 2.198781979E-01-2.824945212E-01*       
*       -6.266730506E-01
GRID*               1107               0 2.316655914E-01-2.821326277E-01*       
*       -6.228253786E-01
GRID*               1108               0 2.432972976E-01-2.816744478E-01*       
*       -6.186634933E-01
GRID*               1109               0 2.547650741E-01-2.811696634E-01*       
*       -6.145816107E-01
GRID*               1110               0 2.660803847E-01-2.806569402E-01*       
*       -6.106327079E-01
GRID*               1111               0 2.772641993E-01-2.801616067E-01*       
*       -6.067676404E-01
GRID*               1112               0 2.776353970E-01-2.718127422E-01*       
*       -6.034779155E-01
GRID*               1113               0 2.780240806E-01-2.633945655E-01*       
*       -5.994628479E-01
GRID*               1114               0 2.784229717E-01-2.548960802E-01*       
*       -5.941706923E-01
GRID*               1115               0 2.788205797E-01-2.463070905E-01*       
*       -5.888651165E-01
GRID*               1116               0 2.792004914E-01-2.376202334E-01*       
*       -5.831827179E-01
GRID*               1117               0 2.795414760E-01-2.288337851E-01*       
*       -5.776978409E-01
GRID*               1118               0 2.798190705E-01-2.199547676E-01*       
*       -5.739874936E-01
GRID*               1119               0 2.800090556E-01-2.110012452E-01*       
*       -5.702534641E-01
GRID*               1120               0 2.800923976E-01-2.020023099E-01*       
*       -5.676902607E-01
GRID*               1121               0 2.800600747E-01-1.929947435E-01*       
*       -5.650604845E-01
GRID*               1122               0 2.799156358E-01-1.840168728E-01*       
*       -5.642551179E-01
GRID*               1123               0 2.796741740E-01-1.751018206E-01*       
*       -5.634036230E-01
GRID*               1124               0 2.793582553E-01-1.662727415E-01*       
*       -5.654433727E-01
GRID*               1125               0 2.789927739E-01-1.575413840E-01*       
*       -5.676672149E-01
GRID*               1126               0 2.786007023E-01-1.489095435E-01*       
*       -5.721077242E-01
GRID*               1127               0 2.782006806E-01-1.403719810E-01*       
*       -5.769745329E-01
GRID*               1128               0 2.778063331E-01-1.319194585E-01*       
*       -5.811207023E-01
GRID*               1129               0 2.774266951E-01-1.235411386E-01*       
*       -5.849759647E-01
GRID*               1130               0 2.662526871E-01-1.230299665E-01*       
*       -5.806468170E-01
GRID*               1131               0 2.549408696E-01-1.224941304E-01*       
*       -5.767152214E-01
GRID*               1132               0 2.434657138E-01-1.219592866E-01*       
*       -5.742353868E-01
GRID*               1133               0 2.318108393E-01-1.214669905E-01*       
*       -5.720033178E-01
GRID*               1134               0 2.199814687E-01-1.210731985E-01*       
*       -5.718128877E-01
GRID*               1135               0 2.080164722E-01-1.208373368E-01*       
*       -5.714821186E-01
GRID*               1136               0 1.959899798E-01-1.208021001E-01*       
*       -5.681820333E-01
GRID*               1137               0 1.839948065E-01-1.209743569E-01*       
*       -5.646119707E-01
GRID*               1138               0 1.721140391E-01-1.213217532E-01*       
*       -5.690711624E-01
GRID*               1139               0 1.603989551E-01-1.217879363E-01*       
*       -5.737776415E-01
GRID*               1140               0 1.488649314E-01-1.223140303E-01*       
*       -5.811551455E-01
GRID*               1141               0 1.375012686E-01-1.228531285E-01*       
*       -5.889338102E-01
GRID*               1142               0 1.262843348E-01-1.233745059E-01*       
*       -5.914932061E-01
GRID*               1143               0 1.151873550E-01-1.238613755E-01*       
*       -5.924047286E-01
GRID*               1144               0 1.148314944E-01-1.322523251E-01*       
*       -5.916026335E-01
GRID*               1145               0 1.144683419E-01-1.407110098E-01*       
*       -5.901303808E-01
GRID*               1146               0 1.141068925E-01-1.492449819E-01*       
*       -5.873348913E-01
GRID*               1147               0 1.137595358E-01-1.578597732E-01*       
*       -5.845745581E-01
GRID*               1148               0 1.134419963E-01-1.665571349E-01*       
*       -5.818723924E-01
GRID*               1149               0 1.131724430E-01-1.753330804E-01*       
*       -5.792481957E-01
GRID*               1150               0 1.129695228E-01-1.841762769E-01*       
*       -5.768582710E-01
GRID*               1151               0 1.128494308E-01-1.930675684E-01*       
*       -5.744975562E-01
GRID*               1152               0 1.128226890E-01-2.019813025E-01*       
*       -5.753301092E-01
GRID*               1153               0 1.152875225E-01-2.105890597E-01*       
*       -5.738839676E-01
GRID*               1154               0 1.155875205E-01-2.191846544E-01*       
*       -5.747463860E-01
GRID*               1155               0 1.160315382E-01-2.276714249E-01*       
*       -5.755426709E-01
GRID*               1156               0 1.165861216E-01-2.360196293E-01*       
*       -5.774606888E-01
GRID*               1157               0 1.172158109E-01-2.442142828E-01*       
*       -5.797830606E-01
GRID*               1158               0 1.178879636E-01-2.522531141E-01*       
*       -5.834123302E-01
GRID*               1159               0 1.185755422E-01-2.601430655E-01*       
*       -5.881340983E-01
GRID*               1160               0 1.192580210E-01-2.678966642E-01*       
*       -5.922865115E-01
GRID*               1161               0 1.199210181E-01-2.755290398E-01*       
*       -5.940396390E-01
GRID*               1162               0 1.300175908E-01-2.764281574E-01*       
*       -5.925911007E-01
GRID*               1163               0 1.403335889E-01-2.773798769E-01*       
*       -5.925118497E-01
GRID*               1164               0 1.509125167E-01-2.783511752E-01*       
*       -5.938339001E-01
GRID*               1165               0 1.617899250E-01-2.792859057E-01*       
*       -5.972575464E-01
GRID*               1166               0 1.729773383E-01-2.801028899E-01*       
*       -6.067577475E-01
GRID*               1167               0 1.844424920E-01-2.807045730E-01*       
*       -6.162432773E-01
GRID*               1168               0 1.960963560E-01-2.810006123E-01*       
*       -6.227537502E-01
GRID*               1169               0 2.078014632E-01-2.809401802E-01*       
*       -6.290181217E-01
GRID*               1170               0 2.194057857E-01-2.805340107E-01*       
*       -6.255433433E-01
GRID*               1171               0 2.307853589E-01-2.798495247E-01*       
*       -6.216882533E-01
GRID*               1172               0 2.418704648E-01-2.789829223E-01*       
*       -6.176836913E-01
GRID*               1173               0 2.526455137E-01-2.780281721E-01*       
*       -6.138337390E-01
GRID*               1174               0 2.631321884E-01-2.770584065E-01*       
*       -6.101100223E-01
GRID*               1175               0 2.733701511E-01-2.761215318E-01*       
*       -6.064683233E-01
GRID*               1176               0 2.740722351E-01-2.685168175E-01*       
*       -6.032938589E-01
GRID*               1177               0 2.748073922E-01-2.607810062E-01*       
*       -5.984062365E-01
GRID*               1178               0 2.755618555E-01-2.528932989E-01*       
*       -5.929655055E-01
GRID*               1179               0 2.763138920E-01-2.448344115E-01*       
*       -5.875067767E-01
GRID*               1180               0 2.770324577E-01-2.365904174E-01*       
*       -5.818779006E-01
GRID*               1181               0 2.776773968E-01-2.281580563E-01*       
*       -5.766397715E-01
GRID*               1182               0 2.782024396E-01-2.195506099E-01*       
*       -5.730951486E-01
GRID*               1183               0 2.785617778E-01-2.108022444E-01*       
*       -5.694971012E-01
GRID*               1184               0 2.787194109E-01-2.019679853E-01*       
*       -5.668386587E-01
GRID*               1185               0 2.786582753E-01-1.931174009E-01*       
*       -5.640536171E-01
GRID*               1186               0 2.783850834E-01-1.843229833E-01*       
*       -5.631097411E-01
GRID*               1187               0 2.779283819E-01-1.756473807E-01*       
*       -5.620840618E-01
GRID*               1188               0 2.773308528E-01-1.671343876E-01*       
*       -5.636893678E-01
GRID*               1189               0 2.766395806E-01-1.588062254E-01*       
*       -5.656520993E-01
GRID*               1190               0 2.758980155E-01-1.506662899E-01*       
*       -5.693047764E-01
GRID*               1191               0 2.751414138E-01-1.427046720E-01*       
*       -5.737690167E-01
GRID*               1192               0 2.743955441E-01-1.349038989E-01*       
*       -5.778974044E-01
GRID*               1193               0 2.736774960E-01-1.272434727E-01*       
*       -5.814987504E-01
GRID*               1194               0 2.634580814E-01-1.262766407E-01*       
*       -5.774905843E-01
GRID*               1195               0 2.529780136E-01-1.252631594E-01*       
*       -5.741551988E-01
GRID*               1196               0 2.421890075E-01-1.242515548E-01*       
*       -5.718555253E-01
GRID*               1197               0 2.310600810E-01-1.233204249E-01*       
*       -5.700027325E-01
GRID*               1198               0 2.196011124E-01-1.225756060E-01*       
*       -5.700035746E-01
GRID*               1199               0 2.078856206E-01-1.221294968E-01*       
*       -5.697324755E-01
GRID*               1200               0 1.960538152E-01-1.220628499E-01*       
*       -5.665152078E-01
GRID*               1201               0 1.842812469E-01-1.223886567E-01*       
*       -5.627874434E-01
GRID*               1202               0 1.727250663E-01-1.230457229E-01*       
*       -5.669191953E-01
GRID*               1203               0 1.614822595E-01-1.239274625E-01*       
*       -5.715090914E-01
GRID*               1204               0 1.505819104E-01-1.249225177E-01*       
*       -5.783270081E-01
GRID*               1205               0 1.400037824E-01-1.259421689E-01*       
*       -5.858387590E-01
GRID*               1206               0 1.297031778E-01-1.269283032E-01*       
*       -5.902411149E-01
GRID*               1207               0 1.196294545E-01-1.278491694E-01*       
*       -5.913802513E-01
GRID*               1208               0 1.189563792E-01-1.355334834E-01*       
*       -5.903471887E-01
GRID*               1209               0 1.182695118E-01-1.433459116E-01*       
*       -5.880355190E-01
GRID*               1210               0 1.175858656E-01-1.513007388E-01*       
*       -5.852392530E-01
GRID*               1211               0 1.169288745E-01-1.594084273E-01*       
*       -5.823835817E-01
GRID*               1212               0 1.163282797E-01-1.676722899E-01*       
*       -5.794629641E-01
GRID*               1213               0 1.158184460E-01-1.760847858E-01*       
*       -5.766900541E-01
GRID*               1214               0 1.154346424E-01-1.846244804E-01*       
*       -5.741982764E-01
GRID*               1215               0 1.152075001E-01-1.932551421E-01*       
*       -5.717835216E-01
GRID*               1216               0 1.151569206E-01-2.019282518E-01*       
*       -5.729226182E-01
GRID*               1217               0 1.174231284E-01-2.103221090E-01*       
*       -5.719181334E-01
GRID*               1218               0 1.178491586E-01-2.186706458E-01*       
*       -5.728316594E-01
GRID*               1219               0 1.184797127E-01-2.268646401E-01*       
*       -5.736345045E-01
GRID*               1220               0 1.192672822E-01-2.348618554E-01*       
*       -5.754352156E-01
GRID*               1221               0 1.201615106E-01-2.426410114E-01*       
*       -5.778334302E-01
GRID*               1222               0 1.211160415E-01-2.501988827E-01*       
*       -5.809500381E-01
GRID*               1223               0 1.220924788E-01-2.575453281E-01*       
*       -5.855237632E-01
GRID*               1224               0 1.230616741E-01-2.646981377E-01*       
*       -5.901426429E-01
GRID*               1225               0 1.240032030E-01-2.716787972E-01*       
*       -5.924143359E-01
GRID*               1226               0 1.331972422E-01-2.729556434E-01*       
*       -5.911938763E-01
GRID*               1227               0 1.427028897E-01-2.743071899E-01*       
*       -5.915752455E-01
GRID*               1228               0 1.525819263E-01-2.756865407E-01*       
*       -5.926358551E-01
GRID*               1229               0 1.628848380E-01-2.770139611E-01*       
*       -5.966961805E-01
GRID*               1230               0 1.736279913E-01-2.781741688E-01*       
*       -6.059068740E-01
GRID*               1231               0 1.847655663E-01-2.790286251E-01*       
*       -6.151050581E-01
GRID*               1232               0 1.961711309E-01-2.794490335E-01*       
*       -6.216537908E-01
GRID*               1233               0 2.076494664E-01-2.793632134E-01*       
*       -6.278540315E-01
GRID*               1234               0 2.189846766E-01-2.787864079E-01*       
*       -6.245316382E-01
GRID*               1235               0 2.300007180E-01-2.778143622E-01*       
*       -6.206644589E-01
GRID*               1236               0 2.405985833E-01-2.765836913E-01*       
*       -6.167622959E-01
GRID*               1237               0 2.507561335E-01-2.752278407E-01*       
*       -6.130838638E-01
GRID*               1238               0 2.605041605E-01-2.738506665E-01*       
*       -6.096007903E-01
GRID*               1239               0 2.698989890E-01-2.725202011E-01*       
*       -6.061372888E-01
GRID*               1240               0 2.708960258E-01-2.655788239E-01*       
*       -6.028000604E-01
GRID*               1241               0 2.719400299E-01-2.584512743E-01*       
*       -5.971615600E-01
GRID*               1242               0 2.730114510E-01-2.511080157E-01*       
*       -5.916848045E-01
GRID*               1243               0 2.740794258E-01-2.435216626E-01*       
*       -5.861918392E-01
GRID*               1244               0 2.750998683E-01-2.356724375E-01*       
*       -5.806518169E-01
GRID*               1245               0 2.760157529E-01-2.275557104E-01*       
*       -5.756884138E-01
GRID*               1246               0 2.767613716E-01-2.191903429E-01*       
*       -5.722954609E-01
GRID*               1247               0 2.772716715E-01-2.106248548E-01*       
*       -5.688157127E-01
GRID*               1248               0 2.774955279E-01-2.019373882E-01*       
*       -5.660783666E-01
GRID*               1249               0 2.774087086E-01-1.932267380E-01*       
*       -5.631603711E-01
GRID*               1250               0 2.770207460E-01-1.845958508E-01*       
*       -5.620902085E-01
GRID*               1251               0 2.763721795E-01-1.761336939E-01*       
*       -5.609107670E-01
GRID*               1252               0 2.755236223E-01-1.679024605E-01*       
*       -5.621110851E-01
GRID*               1253               0 2.745419395E-01-1.599337075E-01*       
*       -5.638306741E-01
GRID*               1254               0 2.734888353E-01-1.522322571E-01*       
*       -5.667472116E-01
GRID*               1255               0 2.724143774E-01-1.447840372E-01*       
*       -5.708229166E-01
GRID*               1256               0 2.713551602E-01-1.375642348E-01*       
*       -5.748558278E-01
GRID*               1257               0 2.703354528E-01-1.305437404E-01*       
*       -5.781696250E-01
GRID*               1258               0 2.609669645E-01-1.291707324E-01*       
*       -5.745270804E-01
GRID*               1259               0 2.512283200E-01-1.277314771E-01*       
*       -5.717397626E-01
GRID*               1260               0 2.410509490E-01-1.262948871E-01*       
*       -5.696622692E-01
GRID*               1261               0 2.303908537E-01-1.249725800E-01*       
*       -5.681918703E-01
GRID*               1262               0 2.192620621E-01-1.239148549E-01*       
*       -5.683794408E-01
GRID*               1263               0 2.077689792E-01-1.232813306E-01*       
*       -5.681725916E-01
GRID*               1264               0 1.961107182E-01-1.231866848E-01*       
*       -5.650295147E-01
GRID*               1265               0 1.845365805E-01-1.236493664E-01*       
*       -5.611616519E-01
GRID*               1266               0 1.732697372E-01-1.245824728E-01*       
*       -5.649599625E-01
GRID*               1267               0 1.624479191E-01-1.258346403E-01*       
*       -5.693967665E-01
GRID*               1268               0 1.521124288E-01-1.272477284E-01*       
*       -5.756653024E-01
GRID*               1269               0 1.422345281E-01-1.286957456E-01*       
*       -5.828369757E-01
GRID*               1270               0 1.327507410E-01-1.300961650E-01*       
*       -5.888916211E-01
GRID*               1271               0 1.235891505E-01-1.314038965E-01*       
*       -5.901267727E-01
GRID*               1272               0 1.226333094E-01-1.384583143E-01*       
*       -5.887948660E-01
GRID*               1273               0 1.216578820E-01-1.456946682E-01*       
*       -5.859796737E-01
GRID*               1274               0 1.206870289E-01-1.531332444E-01*       
*       -5.832366080E-01
GRID*               1275               0 1.197540291E-01-1.607889006E-01*       
*       -5.802498044E-01
GRID*               1276               0 1.189011182E-01-1.686663411E-01*       
*       -5.771966736E-01
GRID*               1277               0 1.181770983E-01-1.767548575E-01*       
*       -5.743536033E-01
GRID*               1278               0 1.176320548E-01-1.850240100E-01*       
*       -5.717959790E-01
GRID*               1279               0 1.173094877E-01-1.934223456E-01*       
*       -5.693753004E-01
GRID*               1280               0 1.172376592E-01-2.018809623E-01*       
*       -5.707734755E-01
GRID*               1281               0 1.193268115E-01-2.100841486E-01*       
*       -5.701515110E-01
GRID*               1282               0 1.198651871E-01-2.182124575E-01*       
*       -5.711052219E-01
GRID*               1283               0 1.206620201E-01-2.261454706E-01*       
*       -5.719001806E-01
GRID*               1284               0 1.216572739E-01-2.338298135E-01*       
*       -5.735409755E-01
GRID*               1285               0 1.227873129E-01-2.412385943E-01*       
*       -5.759630573E-01
GRID*               1286               0 1.239935563E-01-2.483677369E-01*       
*       -5.786178904E-01
GRID*               1287               0 1.252274830E-01-2.552297001E-01*       
*       -5.830078030E-01
GRID*               1288               0 1.264522577E-01-2.618469651E-01*       
*       -5.874302282E-01
GRID*               1289               0 1.276420705E-01-2.682466835E-01*       
*       -5.909522695E-01
GRID*               1290               0 1.360315896E-01-2.698602376E-01*       
*       -5.901276469E-01
GRID*               1291               0 1.448148889E-01-2.715681909E-01*       
*       -5.905640482E-01
GRID*               1292               0 1.540700412E-01-2.733112804E-01*       
*       -5.914601871E-01
GRID*               1293               0 1.638608456E-01-2.749887453E-01*       
*       -5.961642176E-01
GRID*               1294               0 1.742079845E-01-2.764549030E-01*       
*       -6.051324823E-01
GRID*               1295               0 1.850535553E-01-2.775346819E-01*       
*       -6.140943171E-01
GRID*               1296               0 1.962377854E-01-2.780659532E-01*       
*       -6.206741141E-01
GRID*               1297               0 2.075139761E-01-2.779575021E-01*       
*       -6.268146461E-01
GRID*               1298               0 2.186092991E-01-2.772285913E-01*       
*       -6.236260823E-01
GRID*               1299               0 2.293012875E-01-2.760002145E-01*       
*       -6.197437745E-01
GRID*               1300               0 2.394648257E-01-2.744450121E-01*       
*       -6.159028233E-01
GRID*               1301               0 2.490719363E-01-2.727316198E-01*       
*       -6.123492963E-01
GRID*               1302               0 2.581615314E-01-2.709912809E-01*       
*       -6.091124467E-01
GRID*               1303               0 2.668047885E-01-2.693099680E-01*       
*       -6.057911728E-01
GRID*               1304               0 2.680647467E-01-2.629598907E-01*       
*       -6.014054256E-01
GRID*               1305               0 2.693840577E-01-2.563745468E-01*       
*       -5.958114400E-01
GRID*               1306               0 2.707380155E-01-2.495166109E-01*       
*       -5.903791841E-01
GRID*               1307               0 2.720876182E-01-2.423514757E-01*       
*       -5.849369751E-01
GRID*               1308               0 2.733771544E-01-2.348541484E-01*       
*       -5.795088501E-01
GRID*               1309               0 2.745345604E-01-2.270187781E-01*       
*       -5.748338620E-01
GRID*               1310               0 2.754768009E-01-2.188692002E-01*       
*       -5.715792410E-01
GRID*               1311               0 2.761216682E-01-2.104667294E-01*       
*       -5.682026283E-01
GRID*               1312               0 2.764045563E-01-2.019101139E-01*       
*       -5.653997091E-01
GRID*               1313               0 2.762948424E-01-1.933242013E-01*       
*       -5.623675289E-01
GRID*               1314               0 2.758045729E-01-1.848390854E-01*       
*       -5.611825539E-01
GRID*               1315               0 2.749849776E-01-1.765671945E-01*       
*       -5.598672456E-01
GRID*               1316               0 2.739126535E-01-1.685871223E-01*       
*       -5.606924733E-01
GRID*               1317               0 2.726720981E-01-1.609387473E-01*       
*       -5.621870703E-01
GRID*               1318               0 2.713412874E-01-1.536281632E-01*       
*       -5.644205029E-01
GRID*               1319               0 2.699834919E-01-1.466375874E-01*       
*       -5.681262791E-01
GRID*               1320               0 2.686449561E-01-1.399356634E-01*       
*       -5.717894538E-01
GRID*               1321               0 2.673563489E-01-1.334856054E-01*       
*       -5.750196525E-01
GRID*               1322               0 2.587463781E-01-1.317505313E-01*       
*       -5.717661921E-01
GRID*               1323               0 2.496686397E-01-1.299317404E-01*       
*       -5.694806173E-01
GRID*               1324               0 2.400364814E-01-1.281163174E-01*       
*       -5.676501102E-01
GRID*               1325               0 2.297943031E-01-1.264453141E-01*       
*       -5.665557837E-01
GRID*               1326               0 2.189598319E-01-1.251086640E-01*       
*       -5.669226990E-01
GRID*               1327               0 2.076650048E-01-1.243080776E-01*       
*       -5.667819106E-01
GRID*               1328               0 1.961614417E-01-1.241884734E-01*       
*       -5.637052590E-01
GRID*               1329               0 1.847641854E-01-1.247731654E-01*       
*       -5.597128916E-01
GRID*               1330               0 1.737552578E-01-1.259523346E-01*       
*       -5.631809477E-01
GRID*               1331               0 1.633087100E-01-1.275347022E-01*       
*       -5.674422151E-01
GRID*               1332               0 1.534767359E-01-1.293204257E-01*       
*       -5.731808542E-01
GRID*               1333               0 1.442230191E-01-1.311502892E-01*       
*       -5.799682133E-01
GRID*               1334               0 1.354673448E-01-1.329200032E-01*       
*       -5.869582206E-01
GRID*               1335               0 1.271188313E-01-1.345725872E-01*       
*       -5.887390517E-01
GRID*               1336               0 1.259109321E-01-1.410655141E-01*       
*       -5.867191718E-01
GRID*               1337               0 1.246782817E-01-1.477883544E-01*       
*       -5.839973223E-01
GRID*               1338               0 1.234514119E-01-1.547667434E-01*       
*       -5.813445022E-01
GRID*               1339               0 1.222723774E-01-1.620194572E-01*       
*       -5.782041384E-01
GRID*               1340               0 1.211945515E-01-1.695524404E-01*       
*       -5.750823209E-01
GRID*               1341               0 1.202796054E-01-1.773521606E-01*       
*       -5.722262951E-01
GRID*               1342               0 1.195908324E-01-1.853801513E-01*       
*       -5.696297964E-01
GRID*               1343               0 1.191832034E-01-1.935713912E-01*       
*       -5.672374072E-01
GRID*               1344               0 1.190924336E-01-2.018388083E-01*       
*       -5.688552620E-01
GRID*               1345               0 1.210237583E-01-2.098720302E-01*       
*       -5.685653982E-01
GRID*               1346               0 1.216622788E-01-2.178040275E-01*       
*       -5.695506609E-01
GRID*               1347               0 1.226073332E-01-2.255044016E-01*       
*       -5.703276768E-01
GRID*               1348               0 1.237877172E-01-2.329098494E-01*       
*       -5.717819421E-01
GRID*               1349               0 1.251279581E-01-2.399884769E-01*       
*       -5.741905442E-01
GRID*               1350               0 1.265585786E-01-2.467354500E-01*       
*       -5.767219214E-01
GRID*               1351               0 1.280220317E-01-2.531655448E-01*       
*       -5.806148108E-01
GRID*               1352               0 1.294746306E-01-2.593054243E-01*       
*       -5.848122819E-01
GRID*               1353               0 1.308857641E-01-2.651872907E-01*       
*       -5.890351327E-01
GRID*               1354               0 1.385581324E-01-2.671009870E-01*       
*       -5.892100574E-01
GRID*               1355               0 1.466975292E-01-2.691266418E-01*       
*       -5.895225725E-01
GRID*               1356               0 1.553965497E-01-2.711939687E-01*       
*       -5.903265937E-01
GRID*               1357               0 1.647308607E-01-2.731834640E-01*       
*       -5.956649472E-01
GRID*               1358               0 1.747249916E-01-2.749223462E-01*       
*       -6.044295369E-01
GRID*               1359               0 1.853102693E-01-2.762029780E-01*       
*       -6.131964157E-01
GRID*               1360               0 1.962972013E-01-2.768330728E-01*       
*       -6.198014872E-01
GRID*               1361               0 2.073931998E-01-2.767044483E-01*       
*       -6.258867747E-01
GRID*               1362               0 2.182746869E-01-2.758399507E-01*       
*       -6.228159119E-01
GRID*               1363               0 2.286778138E-01-2.743830796E-01*       
*       -6.189166605E-01
GRID*               1364               0 2.384541919E-01-2.725385893E-01*       
*       -6.151063824E-01
GRID*               1365               0 2.475706396E-01-2.705064837E-01*       
*       -6.116419570E-01
GRID*               1366               0 2.560733072E-01-2.684424191E-01*       
*       -6.085845678E-01
GRID*               1367               0 2.640466121E-01-2.664483601E-01*       
*       -6.054420953E-01
GRID*               1368               0 2.655409390E-01-2.606253686E-01*       
*       -5.998951678E-01
GRID*               1369               0 2.671056590E-01-2.545233480E-01*       
*       -5.944167501E-01
GRID*               1370               0 2.687114707E-01-2.480980295E-01*       
*       -5.890850368E-01
GRID*               1371               0 2.703121172E-01-2.413083688E-01*       
*       -5.837526529E-01
GRID*               1372               0 2.718415239E-01-2.341247239E-01*       
*       -5.784502509E-01
GRID*               1373               0 2.732142225E-01-2.265401557E-01*       
*       -5.740669401E-01
GRID*               1374               0 2.743317320E-01-2.185829330E-01*       
*       -5.709381181E-01
GRID*               1375               0 2.750965531E-01-2.103257761E-01*       
*       -5.676515996E-01
GRID*               1376               0 2.754320620E-01-2.018858016E-01*       
*       -5.647940122E-01
GRID*               1377               0 2.753019400E-01-1.934110803E-01*       
*       -5.616634887E-01
GRID*               1378               0 2.747204740E-01-1.850559052E-01*       
*       -5.603743897E-01
GRID*               1379               0 2.737484232E-01-1.769536177E-01*       
*       -5.589389205E-01
GRID*               1380               0 2.724766328E-01-1.691974311E-01*       
*       -5.594186011E-01
GRID*               1381               0 2.710053179E-01-1.618346416E-01*       
*       -5.607060811E-01
GRID*               1382               0 2.694269590E-01-1.548724766E-01*       
*       -5.623092112E-01
GRID*               1383               0 2.678165959E-01-1.482898457E-01*       
*       -5.656664895E-01
GRID*               1384               0 2.662290750E-01-1.420495594E-01*       
*       -5.689578060E-01
GRID*               1385               0 2.647007700E-01-1.361079896E-01*       
*       -5.720668392E-01
GRID*               1386               0 2.567669431E-01-1.340501691E-01*       
*       -5.692450541E-01
GRID*               1387               0 2.482783377E-01-1.318930593E-01*       
*       -5.673825669E-01
GRID*               1388               0 2.391321831E-01-1.297399439E-01*       
*       -5.658111072E-01
GRID*               1389               0 2.292625368E-01-1.277581122E-01*       
*       -5.650799869E-01
GRID*               1390               0 2.186904234E-01-1.261728277E-01*       
*       -5.656170164E-01
GRID*               1391               0 2.075723218E-01-1.252233218E-01*       
*       -5.655420979E-01
GRID*               1392               0 1.962066567E-01-1.250814696E-01*       
*       -5.625248896E-01
GRID*               1393               0 1.849670728E-01-1.257749220E-01*       
*       -5.584218400E-01
GRID*               1394               0 1.741880519E-01-1.271734321E-01*       
*       -5.615692656E-01
GRID*               1395               0 1.640760206E-01-1.290501407E-01*       
*       -5.656430143E-01
GRID*               1396               0 1.546928819E-01-1.311680321E-01*       
*       -5.708773773E-01
GRID*               1397               0 1.459955638E-01-1.333382741E-01*       
*       -5.772576619E-01
GRID*               1398               0 1.378889307E-01-1.354371779E-01*       
*       -5.838086823E-01
GRID*               1399               0 1.302651955E-01-1.373971641E-01*       
*       -5.872872009E-01
GRID*               1400               0 1.288326113E-01-1.433895772E-01*       
*       -5.847080813E-01
GRID*               1401               0 1.273706719E-01-1.496546703E-01*       
*       -5.821112462E-01
GRID*               1402               0 1.259155883E-01-1.562228476E-01*       
*       -5.795598711E-01
GRID*               1403               0 1.245172380E-01-1.631163777E-01*       
*       -5.762665135E-01
GRID*               1404               0 1.232389224E-01-1.703423109E-01*       
*       -5.731227502E-01
GRID*               1405               0 1.221537844E-01-1.778845978E-01*       
*       -5.702945763E-01
GRID*               1406               0 1.213368906E-01-1.856976165E-01*       
*       -5.676791748E-01
GRID*               1407               0 1.208534373E-01-1.937042507E-01*       
*       -5.653386773E-01
GRID*               1408               0 1.207457831E-01-2.018012322E-01*       
*       -5.671434052E-01
GRID*               1409               0 1.225364200E-01-2.096829475E-01*       
*       -5.671425217E-01
GRID*               1410               0 1.232642099E-01-2.174399523E-01*       
*       -5.681525177E-01
GRID*               1411               0 1.243413890E-01-2.249329513E-01*       
*       -5.689048677E-01
GRID*               1412               0 1.256867984E-01-2.320897916E-01*       
*       -5.701579139E-01
GRID*               1413               0 1.272144138E-01-2.388741199E-01*       
*       -5.725268838E-01
GRID*               1414               0 1.288450444E-01-2.452804263E-01*       
*       -5.750034359E-01
GRID*               1415               0 1.305130979E-01-2.513255527E-01*       
*       -5.783622964E-01
GRID*               1416               0 1.321687796E-01-2.570398899E-01*       
*       -5.823196447E-01
GRID*               1417               0 1.337771988E-01-2.624601421E-01*       
*       -5.862797440E-01
GRID*               1418               0 1.408102975E-01-2.646413856E-01*       
*       -5.871881860E-01
GRID*               1419               0 1.483757183E-01-2.669502403E-01*       
*       -5.884828818E-01
GRID*               1420               0 1.565790020E-01-2.693065930E-01*       
*       -5.892480883E-01
GRID*               1421               0 1.655063938E-01-2.715742328E-01*       
*       -5.951999700E-01
GRID*               1422               0 1.751858528E-01-2.735562221E-01*       
*       -6.037928775E-01
GRID*               1423               0 1.855391046E-01-2.750158947E-01*       
*       -6.123984680E-01
GRID*               1424               0 1.963501648E-01-2.757340808E-01*       
*       -6.190241495E-01
GRID*               1425               0 2.072855396E-01-2.755874738E-01*       
*       -6.250585866E-01
GRID*               1426               0 2.179764129E-01-2.746021137E-01*       
*       -6.220913757E-01
GRID*               1427               0 2.281220482E-01-2.729415626E-01*       
*       -6.181742729E-01
GRID*               1428               0 2.375533111E-01-2.708392004E-01*       
*       -6.143723531E-01
GRID*               1429               0 2.462323809E-01-2.685229931E-01*       
*       -6.109696816E-01
GRID*               1430               0 2.542118602E-01-2.661703587E-01*       
*       -6.078957264E-01
GRID*               1431               0 2.615879684E-01-2.638975172E-01*       
*       -6.037550093E-01
GRID*               1432               0 2.632912119E-01-2.585443710E-01*       
*       -5.983367019E-01
GRID*               1433               0 2.650746901E-01-2.528731857E-01*       
*       -5.930216014E-01
GRID*               1434               0 2.669050048E-01-2.468335034E-01*       
*       -5.878195546E-01
GRID*               1435               0 2.687294321E-01-2.403785414E-01*       
*       -5.826447137E-01
GRID*               1436               0 2.704726599E-01-2.334745135E-01*       
*       -5.774750231E-01
GRID*               1437               0 2.720372708E-01-2.261135107E-01*       
*       -5.733791942E-01
GRID*               1438               0 2.733110154E-01-2.183277539E-01*       
*       -5.703644880E-01
GRID*               1439               0 2.741827635E-01-2.102001300E-01*       
*       -5.671568168E-01
GRID*               1440               0 2.745651788E-01-2.018641295E-01*       
*       -5.642535046E-01
GRID*               1441               0 2.744168648E-01-1.934885243E-01*       
*       -5.610380519E-01
GRID*               1442               0 2.737541060E-01-1.852491788E-01*       
*       -5.596547222E-01
GRID*               1443               0 2.726461562E-01-1.772980762E-01*       
*       -5.581128970E-01
GRID*               1444               0 2.711965611E-01-1.697414615E-01*       
*       -5.582756644E-01
GRID*               1445               0 2.695195469E-01-1.626332436E-01*       
*       -5.593733082E-01
GRID*               1446               0 2.677205230E-01-1.559816600E-01*       
*       -5.603975957E-01
GRID*               1447               0 2.658850206E-01-1.497626718E-01*       
*       -5.634293294E-01
GRID*               1448               0 2.640755539E-01-1.439338904E-01*       
*       -5.663701962E-01
GRID*               1449               0 2.623335818E-01-1.384455879E-01*       
*       -5.692600625E-01
GRID*               1450               0 2.550024708E-01-1.361000706E-01*       
*       -5.670333421E-01
GRID*               1451               0 2.470390199E-01-1.336413827E-01*       
*       -5.654454208E-01
GRID*               1452               0 2.383260899E-01-1.311872478E-01*       
*       -5.641357729E-01
GRID*               1453               0 2.287885193E-01-1.289283430E-01*       
*       -5.637506437E-01
GRID*               1454               0 2.184502721E-01-1.271214253E-01*       
*       -5.644474549E-01
GRID*               1455               0 2.074897041E-01-1.260391722E-01*       
*       -5.644368016E-01
GRID*               1456               0 1.962469614E-01-1.258774882E-01*       
*       -5.614727655E-01
GRID*               1457               0 1.851479270E-01-1.266678898E-01*       
*       -5.572712930E-01
GRID*               1458               0 1.745738453E-01-1.282619207E-01*       
*       -5.601120570E-01
GRID*               1459               0 1.647600028E-01-1.304010056E-01*       
*       -5.639939828E-01
GRID*               1460               0 1.557769568E-01-1.328149920E-01*       
*       -5.687534655E-01
GRID*               1461               0 1.475756136E-01-1.352886480E-01*       
*       -5.747196347E-01
GRID*               1462               0 1.400475370E-01-1.376809924E-01*       
*       -5.808096864E-01
GRID*               1463               0 1.330698706E-01-1.399149975E-01*       
*       -5.852954039E-01
GRID*               1464               0 1.314370018E-01-1.454612514E-01*       
*       -5.827876101E-01
GRID*               1465               0 1.297706737E-01-1.513183079E-01*       
*       -5.803354337E-01
GRID*               1466               0 1.281121599E-01-1.575208217E-01*       
*       -5.777119211E-01
GRID*               1467               0 1.265183110E-01-1.640941747E-01*       
*       -5.744486358E-01
GRID*               1468               0 1.250612785E-01-1.710464031E-01*       
*       -5.713165232E-01
GRID*               1469               0 1.238244311E-01-1.783592134E-01*       
*       -5.685444839E-01
GRID*               1470               0 1.228933302E-01-1.859806055E-01*       
*       -5.659247475E-01
GRID*               1471               0 1.223422870E-01-1.938226819E-01*       
*       -5.636517019E-01
GRID*               1472               0 1.222195821E-01-2.017677368E-01*       
*       -5.656158971E-01
GRID*               1473               0 1.238848096E-01-2.095143988E-01*       
*       -5.658670056E-01
GRID*               1474               0 1.246921743E-01-2.171154149E-01*       
*       -5.668963534E-01
GRID*               1475               0 1.258871297E-01-2.244235595E-01*       
*       -5.676198261E-01
GRID*               1476               0 1.273796431E-01-2.313587905E-01*       
*       -5.686657368E-01
GRID*               1477               0 1.290742845E-01-2.378807799E-01*       
*       -5.709774346E-01
GRID*               1478               0 1.308832045E-01-2.439834153E-01*       
*       -5.733764801E-01
GRID*               1479               0 1.327336390E-01-2.496853803E-01*       
*       -5.762595286E-01
GRID*               1480               0 1.345703492E-01-2.550203882E-01*       
*       -5.799713664E-01
GRID*               1481               0 1.363546292E-01-2.600291565E-01*       
*       -5.837231843E-01
GRID*               1482               0 1.428178818E-01-2.624488922E-01*       
*       -5.847769818E-01
GRID*               1483               0 1.498716594E-01-2.650101918E-01*       
*       -5.865813958E-01
GRID*               1484               0 1.576330422E-01-2.676241827E-01*       
*       -5.882326595E-01
GRID*               1485               0 1.661977056E-01-2.701397610E-01*       
*       -5.947696547E-01
GRID*               1486               0 1.755966653E-01-2.723384565E-01*       
*       -6.032173704E-01
GRID*               1487               0 1.857430889E-01-2.739577262E-01*       
*       -6.116891174E-01
GRID*               1488               0 1.963973765E-01-2.747544372E-01*       
*       -6.183316452E-01
GRID*               1489               0 2.071895711E-01-2.745918005E-01*       
*       -6.243194788E-01
GRID*               1490               0 2.177105309E-01-2.734987034E-01*       
*       -6.214436564E-01
GRID*               1491               0 2.276266377E-01-2.716565914E-01*       
*       -6.175084574E-01
GRID*               1492               0 2.367502641E-01-2.693243619E-01*       
*       -6.136989037E-01
GRID*               1493               0 2.450394545E-01-2.667549058E-01*       
*       -6.103372381E-01
GRID*               1494               0 2.525525627E-01-2.641450398E-01*       
*       -6.058587357E-01
GRID*               1495               0 2.593963286E-01-2.616236909E-01*       
*       -6.019702231E-01
GRID*               1496               0 2.612858009E-01-2.566893658E-01*       
*       -5.967788536E-01
GRID*               1497               0 2.632642805E-01-2.514022279E-01*       
*       -5.916572485E-01
GRID*               1498               0 2.652947176E-01-2.457063023E-01*       
*       -5.866251254E-01
GRID*               1499               0 2.673186235E-01-2.395496913E-01*       
*       -5.816155910E-01
GRID*               1500               0 2.692524519E-01-2.328949147E-01*       
*       -5.765806015E-01
GRID*               1501               0 2.709881337E-01-2.257331985E-01*       
*       -5.727628703E-01
GRID*               1502               0 2.724011467E-01-2.181002867E-01*       
*       -5.698514588E-01
GRID*               1503               0 2.733682097E-01-2.100881288E-01*       
*       -5.667129100E-01
GRID*               1504               0 2.737924374E-01-2.018448109E-01*       
*       -5.637712277E-01
GRID*               1505               0 2.736279071E-01-1.935575581E-01*       
*       -5.604822417E-01
GRID*               1506               0 2.728926838E-01-1.854214632E-01*       
*       -5.590137906E-01
GRID*               1507               0 2.716635933E-01-1.776051271E-01*       
*       -5.573777601E-01
GRID*               1508               0 2.700555028E-01-1.702264113E-01*       
*       -5.572509646E-01
GRID*               1509               0 2.681951277E-01-1.633451189E-01*       
*       -5.581752470E-01
GRID*               1510               0 2.661994027E-01-1.569703883E-01*       
*       -5.589571109E-01
GRID*               1511               0 2.641632106E-01-1.510755519E-01*       
*       -5.613997618E-01
GRID*               1512               0 2.621559010E-01-1.456135867E-01*       
*       -5.640131600E-01
GRID*               1513               0 2.602234657E-01-1.405293276E-01*       
*       -5.665543796E-01
GRID*               1514               0 2.534296169E-01-1.379273568E-01*       
*       -5.649686288E-01
GRID*               1515               0 2.459342895E-01-1.351998416E-01*       
*       -5.636654546E-01
GRID*               1516               0 2.376075368E-01-1.324773772E-01*       
*       -5.626137367E-01
GRID*               1517               0 2.283659791E-01-1.299714890E-01*       
*       -5.625546873E-01
GRID*               1518               0 2.182362008E-01-1.279670070E-01*       
*       -5.634003973E-01
GRID*               1519               0 2.074160584E-01-1.267664229E-01*       
*       -5.634514393E-01
GRID*               1520               0 1.962828891E-01-1.265870607E-01*       
*       -5.605349471E-01
GRID*               1521               0 1.853091409E-01-1.274638830E-01*       
*       -5.562459307E-01
GRID*               1522               0 1.749177423E-01-1.292322016E-01*       
*       -5.587967677E-01
GRID*               1523               0 1.653697059E-01-1.316051691E-01*       
*       -5.624881009E-01
GRID*               1524               0 1.567433032E-01-1.342830952E-01*       
*       -5.668041174E-01
GRID*               1525               0 1.489840730E-01-1.370272151E-01*       
*       -5.723604213E-01
GRID*               1526               0 1.419717228E-01-1.396811330E-01*       
*       -5.776926607E-01
GRID*               1527               0 1.355699635E-01-1.421593990E-01*       
*       -5.826810355E-01
GRID*               1528               0 1.337585605E-01-1.473079458E-01*       
*       -5.809741637E-01
GRID*               1529               0 1.319100399E-01-1.528012777E-01*       
*       -5.786773334E-01
GRID*               1530               0 1.300701880E-01-1.586778384E-01*       
*       -5.759596682E-01
GRID*               1531               0 1.283020714E-01-1.649657849E-01*       
*       -5.727561261E-01
GRID*               1532               0 1.266857303E-01-1.716740322E-01*       
*       -5.696592007E-01
GRID*               1533               0 1.253136488E-01-1.787822866E-01*       
*       -5.669620769E-01
GRID*               1534               0 1.242807435E-01-1.862328625E-01*       
*       -5.643484206E-01
GRID*               1535               0 1.236694505E-01-1.939282517E-01*       
*       -5.621523435E-01
GRID*               1536               0 1.235333293E-01-2.017378789E-01*       
*       -5.642530375E-01
GRID*               1537               0 1.250867666E-01-2.093641542E-01*       
*       -5.647243178E-01
GRID*               1538               0 1.259650645E-01-2.168261217E-01*       
*       -5.657687741E-01
GRID*               1539               0 1.272650060E-01-2.239694867E-01*       
*       -5.664610303E-01
GRID*               1540               0 1.288886481E-01-2.307071747E-01*       
*       -5.673002355E-01
GRID*               1541               0 1.307321768E-01-2.369953147E-01*       
*       -5.695434445E-01
GRID*               1542               0 1.327000243E-01-2.428272573E-01*       
*       -5.718506466E-01
GRID*               1543               0 1.347130337E-01-2.482233274E-01*       
*       -5.743085116E-01
GRID*               1544               0 1.367111130E-01-2.532202004E-01*       
*       -5.777358862E-01
GRID*               1545               0 1.386521557E-01-2.578621713E-01*       
*       -5.812717066E-01
GRID*               1546               0 1.446074464E-01-2.604944994E-01*       
*       -5.824726975E-01
GRID*               1547               0 1.512051441E-01-2.632808288E-01*       
*       -5.844153484E-01
GRID*               1548               0 1.585726157E-01-2.661244788E-01*       
*       -5.871370727E-01
GRID*               1549               0 1.668139422E-01-2.688610700E-01*       
*       -5.943734895E-01
GRID*               1550               0 1.759628644E-01-2.712529378E-01*       
*       -6.026980152E-01
GRID*               1551               0 1.859249209E-01-2.730144729E-01*       
*       -6.110583436E-01
GRID*               1552               0 1.964394612E-01-2.738811810E-01*       
*       -6.177146761E-01
GRID*               1553               0 2.071040246E-01-2.737042555E-01*       
*       -6.236599536E-01
GRID*               1554               0 2.174735232E-01-2.725151213E-01*       
*       -6.208647951E-01
GRID*               1555               0 2.271850277E-01-2.705111657E-01*       
*       -6.169117302E-01
GRID*               1556               0 2.360344265E-01-2.679740318E-01*       
*       -6.130833856E-01
GRID*               1557               0 2.439760776E-01-2.651788293E-01*       
*       -6.087382023E-01
GRID*               1558               0 2.510734617E-01-2.623396665E-01*       
*       -6.038969530E-01
GRID*               1559               0 2.574426966E-01-2.595967978E-01*       
*       -6.001997645E-01
GRID*               1560               0 2.594981736E-01-2.550358106E-01*       
*       -5.952561925E-01
GRID*               1561               0 2.616504778E-01-2.500910132E-01*       
*       -5.903451420E-01
GRID*               1562               0 2.638593044E-01-2.447015131E-01*       
*       -5.855092180E-01
GRID*               1563               0 2.660610261E-01-2.388108528E-01*       
*       -5.806652506E-01
GRID*               1564               0 2.681647561E-01-2.323782592E-01*       
*       -5.757633668E-01
GRID*               1565               0 2.700529309E-01-2.253941875E-01*       
*       -5.722108829E-01
GRID*               1566               0 2.715900879E-01-2.178975220E-01*       
*       -5.693927975E-01
GRID*               1567               0 2.726421149E-01-2.099882908E-01*       
*       -5.663149410E-01
GRID*               1568               0 2.731036142E-01-2.018275904E-01*       
*       -5.633409538E-01
GRID*               1569               0 2.729246287E-01-1.936190950E-01*       
*       -5.599881463E-01
GRID*               1570               0 2.721248104E-01-1.855750379E-01*       
*       -5.584429250E-01
GRID*               1571               0 2.707877348E-01-1.778788329E-01*       
*       -5.567233966E-01
GRID*               1572               0 2.690383612E-01-1.706586965E-01*       
*       -5.563328700E-01
GRID*               1573               0 2.670145378E-01-1.639796859E-01*       
*       -5.570993272E-01
GRID*               1574               0 2.648434731E-01-1.578517425E-01*       
*       -5.577023885E-01
GRID*               1575               0 2.626283859E-01-1.522458558E-01*       
*       -5.595625055E-01
GRID*               1576               0 2.604447187E-01-1.471108712E-01*       
*       -5.618720171E-01
GRID*               1577               0 2.583425041E-01-1.423867772E-01*       
*       -5.640878796E-01
GRID*               1578               0 2.520275719E-01-1.395562033E-01*       
*       -5.630525550E-01
GRID*               1579               0 2.449495307E-01-1.365890549E-01*       
*       -5.620365245E-01
GRID*               1580               0 2.369670171E-01-1.336274011E-01*       
*       -5.612342334E-01
GRID*               1581               0 2.279893261E-01-1.309013513E-01*       
*       -5.614798868E-01
GRID*               1582               0 2.180453772E-01-1.287207602E-01*       
*       -5.624634660E-01
GRID*               1583               0 2.073504106E-01-1.274146955E-01*       
*       -5.625730067E-01
GRID*               1584               0 1.963149152E-01-1.272195750E-01*       
*       -5.596990115E-01
GRID*               1585               0 1.854528472E-01-1.281734329E-01*       
*       -5.553321094E-01
GRID*               1586               0 1.752242928E-01-1.300971118E-01*       
*       -5.576113401E-01
GRID*               1587               0 1.659131963E-01-1.326785627E-01*       
*       -5.611172033E-01
GRID*               1588               0 1.576047063E-01-1.355917653E-01*       
*       -5.650218965E-01
GRID*               1589               0 1.502395764E-01-1.385769772E-01*       
*       -5.701421589E-01
GRID*               1590               0 1.436869458E-01-1.414640621E-01*       
*       -5.748638254E-01
GRID*               1591               0 1.377985511E-01-1.441600629E-01*       
*       -5.792396592E-01
GRID*               1592               0 1.358280024E-01-1.489540928E-01*       
*       -5.785041312E-01
GRID*               1593               0 1.338170751E-01-1.541231998E-01*       
*       -5.771395955E-01
GRID*               1594               0 1.318155781E-01-1.597092052E-01*       
*       -5.743142844E-01
GRID*               1595               0 1.298921188E-01-1.657427399E-01*       
*       -5.711901688E-01
GRID*               1596               0 1.281337698E-01-1.722335020E-01*       
*       -5.681443169E-01
GRID*               1597               0 1.266411404E-01-1.791594149E-01*       
*       -5.655337399E-01
GRID*               1598               0 1.255174864E-01-1.864577248E-01*       
*       -5.629334052E-01
GRID*               1599               0 1.248524866E-01-1.940223569E-01*       
*       -5.608193206E-01
GRID*               1600               0 1.247044061E-01-2.017112635E-01*       
*       -5.630371997E-01
GRID*               1601               0 1.261581935E-01-2.092302258E-01*       
*       -5.637012021E-01
GRID*               1602               0 1.270997213E-01-2.165682452E-01*       
*       -5.647574244E-01
GRID*               1603               0 1.284932475E-01-2.235647252E-01*       
*       -5.654175038E-01
GRID*               1604               0 1.302337781E-01-2.301263231E-01*       
*       -5.660549188E-01
GRID*               1605               0 1.322100252E-01-2.362060093E-01*       
*       -5.682232216E-01
GRID*               1606               0 1.343195410E-01-2.417966558E-01*       
*       -5.704304744E-01
GRID*               1607               0 1.364774700E-01-2.469200506E-01*       
*       -5.725714251E-01
GRID*               1608               0 1.386193940E-01-2.516155096E-01*       
*       -5.756069473E-01
GRID*               1609               0 1.407001753E-01-2.559305165E-01*       
*       -5.789112095E-01
GRID*               1610               0 1.462026677E-01-2.587523498E-01*       
*       -5.802955453E-01
GRID*               1611               0 1.523938150E-01-2.617392712E-01*       
*       -5.824033581E-01
GRID*               1612               0 1.594101533E-01-2.647876399E-01*       
*       -5.854504231E-01
GRID*               1613               0 1.673632567E-01-2.677212424E-01*       
*       -5.940103498E-01
GRID*               1614               0 1.762892949E-01-2.702853044E-01*       
*       -6.022300176E-01
GRID*               1615               0 1.860870063E-01-2.721736550E-01*       
*       -6.104972965E-01
GRID*               1616               0 1.964769755E-01-2.731027588E-01*       
*       -6.171649713E-01
GRID*               1617               0 2.070277683E-01-2.729130961E-01*       
*       -6.230715090E-01
GRID*               1618               0 2.172622541E-01-2.716383544E-01*       
*       -6.203476186E-01
GRID*               1619               0 2.267913758E-01-2.694901310E-01*       
*       -6.163772495E-01
GRID*               1620               0 2.353963275E-01-2.667703450E-01*       
*       -6.125226304E-01
GRID*               1621               0 2.430281814E-01-2.637739117E-01*       
*       -6.069117801E-01
GRID*               1622               0 2.497549882E-01-2.607303533E-01*       
*       -6.020322008E-01
GRID*               1623               0 2.557012254E-01-2.577900213E-01*       
*       -5.983215931E-01
GRID*               1624               0 2.579046792E-01-2.535618283E-01*       
*       -5.937924198E-01
GRID*               1625               0 2.602119310E-01-2.489221939E-01*       
*       -5.890993102E-01
GRID*               1626               0 2.625797744E-01-2.438058421E-01*       
*       -5.844738199E-01
GRID*               1627               0 2.649400013E-01-2.381522508E-01*       
*       -5.797919106E-01
GRID*               1628               0 2.671951820E-01-2.319177115E-01*       
*       -5.750190333E-01
GRID*               1629               0 2.692192893E-01-2.250919924E-01*       
*       -5.717167781E-01
GRID*               1630               0 2.708671086E-01-2.177167771E-01*       
*       -5.689828764E-01
GRID*               1631               0 2.719948725E-01-2.098992950E-01*       
*       -5.659583872E-01
GRID*               1632               0 2.724895959E-01-2.018122399E-01*       
*       -5.629571116E-01
GRID*               1633               0 2.722977249E-01-1.936739491E-01*       
*       -5.595487854E-01
GRID*               1634               0 2.714403265E-01-1.857119347E-01*       
*       -5.579344213E-01
GRID*               1635               0 2.700069929E-01-1.781228147E-01*       
*       -5.561408421E-01
GRID*               1636               0 2.681316793E-01-1.710440363E-01*       
*       -5.555107638E-01
GRID*               1637               0 2.659621578E-01-1.645453402E-01*       
*       -5.561339207E-01
GRID*               1638               0 2.636347948E-01-1.586373834E-01*       
*       -5.565738297E-01
GRID*               1639               0 2.612602401E-01-1.532890669E-01*       
*       -5.579024467E-01
GRID*               1640               0 2.589193674E-01-1.484455535E-01*       
*       -5.599315538E-01
GRID*               1641               0 2.566658113E-01-1.440425113E-01*       
*       -5.618985756E-01
GRID*               1642               0 2.507777862E-01-1.410081601E-01*       
*       -5.613382454E-01
GRID*               1643               0 2.440717148E-01-1.378274023E-01*       
*       -5.605578051E-01
GRID*               1644               0 2.363960567E-01-1.346525345E-01*       
*       -5.599864586E-01
GRID*               1645               0 2.276535768E-01-1.317302324E-01*       
*       -5.605148766E-01
GRID*               1646               0 2.178752766E-01-1.293926573E-01*       
*       -5.616254373E-01
GRID*               1647               0 2.072918919E-01-1.279925670E-01*       
*       -5.617899076E-01
GRID*               1648               0 1.963434633E-01-1.277833995E-01*       
*       -5.589538867E-01
GRID*               1649               0 1.855809472E-01-1.288059270E-01*       
*       -5.545176773E-01
GRID*               1650               0 1.754975525E-01-1.308680945E-01*       
*       -5.565443366E-01
GRID*               1651               0 1.663976648E-01-1.336353879E-01*       
*       -5.598724957E-01
GRID*               1652               0 1.583725626E-01-1.367583163E-01*       
*       -5.633978076E-01
GRID*               1653               0 1.513587347E-01-1.399584381E-01*       
*       -5.681046496E-01
GRID*               1654               0 1.452158989E-01-1.430533686E-01*       
*       -5.723114436E-01
GRID*               1655               0 1.397851184E-01-1.459434585E-01*       
*       -5.761271733E-01
GRID*               1656               0 1.376727069E-01-1.504214714E-01*       
*       -5.756927994E-01
GRID*               1657               0 1.355170099E-01-1.553015637E-01*       
*       -5.751876475E-01
GRID*               1658               0 1.333714221E-01-1.606285676E-01*       
*       -5.727812991E-01
GRID*               1659               0 1.313094902E-01-1.664353191E-01*       
*       -5.697487801E-01
GRID*               1660               0 1.294245549E-01-1.727322144E-01*       
*       -5.667641147E-01
GRID*               1661               0 1.278244689E-01-1.794955878E-01*       
*       -5.642463926E-01
GRID*               1662               0 1.266199214E-01-1.866581675E-01*       
*       -5.616642114E-01
GRID*               1663               0 1.259070472E-01-1.941062424E-01*       
*       -5.596338488E-01
GRID*               1664               0 1.257483062E-01-2.016875385E-01*       
*       -5.619526192E-01
GRID*               1665               0 1.271132654E-01-2.091108418E-01*       
*       -5.627856021E-01
GRID*               1666               0 1.281111566E-01-2.163383735E-01*       
*       -5.638509602E-01
GRID*               1667               0 1.295881044E-01-2.232039201E-01*       
*       -5.644789003E-01
GRID*               1668               0 1.314328296E-01-2.296085509E-01*       
*       -5.649225079E-01
GRID*               1669               0 1.335273821E-01-2.355024209E-01*       
*       -5.670130300E-01
GRID*               1670               0 1.357631813E-01-2.408779756E-01*       
*       -5.689548013E-01
GRID*               1671               0 1.380502919E-01-2.457583071E-01*       
*       -5.709576052E-01
GRID*               1672               0 1.403204393E-01-2.501850851E-01*       
*       -5.736014209E-01
GRID*               1673               0 1.425257839E-01-2.542086356E-01*       
*       -5.766678085E-01
GRID*               1674               0 1.476246510E-01-2.571993943E-01*       
*       -5.782570057E-01
GRID*               1675               0 1.534533985E-01-2.603651239E-01*       
*       -5.805453674E-01
GRID*               1676               0 1.601567359E-01-2.635959792E-01*       
*       -5.843346304E-01
GRID*               1677               0 1.678529167E-01-2.667051979E-01*       
*       -5.936787028E-01
GRID*               1678               0 1.765802757E-01-2.694227541E-01*       
*       -6.018088363E-01
GRID*               1679               0 1.862314895E-01-2.714241483E-01*       
*       -6.099981521E-01
GRID*               1680               0 1.965104158E-01-2.724088717E-01*       
*       -6.166751721E-01
GRID*               1681               0 2.069597933E-01-2.722078551E-01*       
*       -6.225465371E-01
GRID*               1682               0 2.170739284E-01-2.708568027E-01*       
*       -6.198856702E-01
GRID*               1683               0 2.264404737E-01-2.685799786E-01*       
*       -6.158987806E-01
GRID*               1684               0 2.348275248E-01-2.656973763E-01*       
*       -6.113544472E-01
GRID*               1685               0 2.421832248E-01-2.625215654E-01*       
*       -6.052258460E-01
GRID*               1686               0 2.485796984E-01-2.592958084E-01*       
*       -6.002777716E-01
GRID*               1687               0 2.541488745E-01-2.561794573E-01*       
*       -5.964836408E-01
GRID*               1688               0 2.564842352E-01-2.522479176E-01*       
*       -5.923150415E-01
GRID*               1689               0 2.589296076E-01-2.478803062E-01*       
*       -5.879305440E-01
GRID*               1690               0 2.614391988E-01-2.430074392E-01*       
*       -5.835185429E-01
GRID*               1691               0 2.639407176E-01-2.375651716E-01*       
*       -5.789925915E-01
GRID*               1692               0 2.663309018E-01-2.315071783E-01*       
*       -5.743429396E-01
GRID*               1693               0 2.684761796E-01-2.248226151E-01*       
*       -5.712746937E-01
GRID*               1694               0 2.702226434E-01-2.175556608E-01*       
*       -5.686166219E-01
GRID*               1695               0 2.714179194E-01-2.098199639E-01*       
*       -5.656391214E-01
GRID*               1696               0 2.719422588E-01-2.017985565E-01*       
*       -5.626147195E-01
GRID*               1697               0 2.717389017E-01-1.937228461E-01*       
*       -5.591579938E-01
GRID*               1698               0 2.708301763E-01-1.858339647E-01*       
*       -5.574814318E-01
GRID*               1699               0 2.693110380E-01-1.783403006E-01*       
*       -5.556221447E-01
GRID*               1700               0 2.673234612E-01-1.713875290E-01*       
*       -5.547749850E-01
GRID*               1701               0 2.650240641E-01-1.650495655E-01*       
*       -5.552683260E-01
GRID*               1702               0 2.625573767E-01-1.593377052E-01*       
*       -5.555598074E-01
GRID*               1703               0 2.600406724E-01-1.542189873E-01*       
*       -5.564049277E-01
GRID*               1704               0 2.575596664E-01-1.496352919E-01*       
*       -5.581765176E-01
GRID*               1705               0 2.551712042E-01-1.455184359E-01*       
*       -5.600474744E-01
GRID*               1706               0 2.496637249E-01-1.423024373E-01*       
*       -5.598050863E-01
GRID*               1707               0 2.432892281E-01-1.389312675E-01*       
*       -5.593240118E-01
GRID*               1708               0 2.358871015E-01-1.355663405E-01*       
*       -5.588598211E-01
GRID*               1709               0 2.273542892E-01-1.324690986E-01*       
*       -5.596491574E-01
GRID*               1710               0 2.177236487E-01-1.299915876E-01*       
*       -5.608761551E-01
GRID*               1711               0 2.072397283E-01-1.285076828E-01*       
*       -5.610918018E-01
GRID*               1712               0 1.963689111E-01-1.282859937E-01*       
*       -5.582897047E-01
GRID*               1713               0 1.856951359E-01-1.293697335E-01*       
*       -5.537918101E-01
GRID*               1714               0 1.757411367E-01-1.315553500E-01*       
*       -5.555850146E-01
GRID*               1715               0 1.668295209E-01-1.344883038E-01*       
*       -5.587449339E-01
GRID*               1716               0 1.590570313E-01-1.377981822E-01*       
*       -5.619247550E-01
GRID*               1717               0 1.523563544E-01-1.411898750E-01*       
*       -5.662728626E-01
GRID*               1718               0 1.465788106E-01-1.444700795E-01*       
*       -5.700118098E-01
GRID*               1719               0 1.415559483E-01-1.475331808E-01*       
*       -5.733170706E-01
GRID*               1720               0 1.393170801E-01-1.517294955E-01*       
*       -5.731595524E-01
GRID*               1721               0 1.370323351E-01-1.563519596E-01*       
*       -5.728705275E-01
GRID*               1722               0 1.347583046E-01-1.614480891E-01*       
*       -5.713298355E-01
GRID*               1723               0 1.325729377E-01-1.670526855E-01*       
*       -5.684277761E-01
GRID*               1724               0 1.305751633E-01-1.731767676E-01*       
*       -5.655100954E-01
GRID*               1725               0 1.288792903E-01-1.797952529E-01*       
*       -5.630876250E-01
GRID*               1726               0 1.276026341E-01-1.868368426E-01*       
*       -5.605266151E-01
GRID*               1727               0 1.268470847E-01-1.941810181E-01*       
*       -5.585793319E-01
GRID*               1728               0 1.266788408E-01-2.016663900E-01*       
*       -5.609852019E-01
GRID*               1729               0 1.279646184E-01-2.090044227E-01*       
*       -5.619665796E-01
GRID*               1730               0 1.290127520E-01-2.161334655E-01*       
*       -5.630390070E-01
GRID*               1731               0 1.305640620E-01-2.228822978E-01*       
*       -5.636355513E-01
GRID*               1732               0 1.325016664E-01-2.291470077E-01*       
*       -5.640230571E-01
GRID*               1733               0 1.347016766E-01-2.348752409E-01*       
*       -5.659060220E-01
GRID*               1734               0 1.370500450E-01-2.400590623E-01*       
*       -5.675276082E-01
GRID*               1735               0 1.394523084E-01-2.447227268E-01*       
*       -5.694296027E-01
GRID*               1736               0 1.418367544E-01-2.489100019E-01*       
*       -5.717280441E-01
GRID*               1737               0 1.441531349E-01-2.526737477E-01*       
*       -5.745573893E-01
GRID*               1738               0 1.488922097E-01-2.558150868E-01*       
*       -5.763621187E-01
GRID*               1739               0 1.543979133E-01-2.591402062E-01*       
*       -5.788379003E-01
GRID*               1740               0 1.608222412E-01-2.625337305E-01*       
*       -5.833110618E-01
GRID*               1741               0 1.682894006E-01-2.657994939E-01*       
*       -5.929334502E-01
GRID*               1742               0 1.768396566E-01-2.686538751E-01*       
*       -6.014302101E-01
GRID*               1743               0 1.863602821E-01-2.707560366E-01*       
*       -6.095539877E-01
GRID*               1744               0 1.965402246E-01-2.717903393E-01*       
*       -6.162387300E-01
GRID*               1745               0 2.068992002E-01-2.715792018E-01*       
*       -6.220782335E-01
GRID*               1746               0 2.169060544E-01-2.701601259E-01*       
*       -6.194731444E-01
GRID*               1747               0 2.261276789E-01-2.677686671E-01*       
*       -6.154706580E-01
GRID*               1748               0 2.343204930E-01-2.647409299E-01*       
*       -6.098765298E-01
GRID*               1749               0 2.414300290E-01-2.614052215E-01*       
*       -6.036770273E-01
GRID*               1750               0 2.475320428E-01-2.580170523E-01*       
*       -5.986406197E-01
GRID*               1751               0 2.527651059E-01-2.547437974E-01*       
*       -5.947366644E-01
GRID*               1752               0 2.552180487E-01-2.510766951E-01*       
*       -5.908302476E-01
GRID*               1753               0 2.577865421E-01-2.469515654E-01*       
*       -5.868713090E-01
GRID*               1754               0 2.604224876E-01-2.422957413E-01*       
*       -5.826413248E-01
GRID*               1755               0 2.630499542E-01-2.370418481E-01*       
*       -5.782635316E-01
GRID*               1756               0 2.655604807E-01-2.311412283E-01*       
*       -5.737302618E-01
GRID*               1757               0 2.678137702E-01-2.245824917E-01*       
*       -5.708793168E-01
GRID*               1758               0 2.696481659E-01-2.174120415E-01*       
*       -5.682894667E-01
GRID*               1759               0 2.709036224E-01-2.097492481E-01*       
*       -5.653533885E-01
GRID*               1760               0 2.714543614E-01-2.017863590E-01*       
*       -5.623093242E-01
GRID*               1761               0 2.712407656E-01-1.937664330E-01*       
*       -5.588103212E-01
GRID*               1762               0 2.702862871E-01-1.859427426E-01*       
*       -5.570778678E-01
GRID*               1763               0 2.686906625E-01-1.785341680E-01*       
*       -5.551602481E-01
GRID*               1764               0 2.666030140E-01-1.716937190E-01*       
*       -5.541167647E-01
GRID*               1765               0 2.641878457E-01-1.654990330E-01*       
*       -5.544927368E-01
GRID*               1766               0 2.615969640E-01-1.599619734E-01*       
*       -5.546495309E-01
GRID*               1767               0 2.589535473E-01-1.550479201E-01*       
*       -5.550559407E-01
GRID*               1768               0 2.563476263E-01-1.506958270E-01*       
*       -5.567102464E-01
GRID*               1769               0 2.538389084E-01-1.468340779E-01*       
*       -5.583912966E-01
GRID*               1770               0 2.486706484E-01-1.434561584E-01*       
*       -5.584344364E-01
GRID*               1771               0 2.425917179E-01-1.399152552E-01*       
*       -5.582218164E-01
GRID*               1772               0 2.354334178E-01-1.363809089E-01*       
*       -5.578441170E-01
GRID*               1773               0 2.270875037E-01-1.331277253E-01*       
*       -5.588730775E-01
GRID*               1774               0 2.175884873E-01-1.305254752E-01*       
*       -5.602064464E-01
GRID*               1775               0 2.071932296E-01-1.289668580E-01*       
*       -5.604694694E-01
GRID*               1776               0 1.963915953E-01-1.287340072E-01*       
*       -5.576976704E-01
GRID*               1777               0 1.857969239E-01-1.298723117E-01*       
*       -5.531448653E-01
GRID*               1778               0 1.759582681E-01-1.321679708E-01*       
*       -5.547233629E-01
GRID*               1779               0 1.672144783E-01-1.352485946E-01*       
*       -5.577254989E-01
GRID*               1780               0 1.596671680E-01-1.387251206E-01*       
*       -5.607304694E-01
GRID*               1781               0 1.532456346E-01-1.422875803E-01*       
*       -5.646276502E-01
GRID*               1782               0 1.477937128E-01-1.457329383E-01*       
*       -5.679424950E-01
GRID*               1783               0 1.431344695E-01-1.489502624E-01*       
*       -5.707838307E-01
GRID*               1784               0 1.407828775E-01-1.528954708E-01*       
*       -5.708797818E-01
GRID*               1785               0 1.383830990E-01-1.572882845E-01*       
*       -5.706615996E-01
GRID*               1786               0 1.359945742E-01-1.621786120E-01*       
*       -5.694289259E-01
GRID*               1787               0 1.336991773E-01-1.676030071E-01*       
*       -5.672215080E-01
GRID*               1788               0 1.316008179E-01-1.735730433E-01*       
*       -5.643734249E-01
GRID*               1789               0 1.298195601E-01-1.800623750E-01*       
*       -5.620457791E-01
GRID*               1790               0 1.284786261E-01-1.869961138E-01*       
*       -5.595076055E-01
GRID*               1791               0 1.276850358E-01-1.942476733E-01*       
*       -5.576410935E-01
GRID*               1792               0 1.275083211E-01-2.016475382E-01*       
*       -5.601223515E-01
GRID*               1793               0 1.287235161E-01-2.089095605E-01*       
*       -5.612342330E-01
GRID*               1794               0 1.298164358E-01-2.159508100E-01*       
*       -5.623121081E-01
GRID*               1795               0 1.314340324E-01-2.225956029E-01*       
*       -5.628784834E-01
GRID*               1796               0 1.334544296E-01-2.287355872E-01*       
*       -5.632171156E-01
GRID*               1797               0 1.357484449E-01-2.343161714E-01*       
*       -5.646581133E-01
GRID*               1798               0 1.381971579E-01-2.393290814E-01*       
*       -5.662038215E-01
GRID*               1799               0 1.407020686E-01-2.437996085E-01*       
*       -5.679964691E-01
GRID*               1800               0 1.431884007E-01-2.477733903E-01*       
*       -5.700144465E-01
GRID*               1801               0 1.456037588E-01-2.513055457E-01*       
*       -5.725882376E-01
GRID*               1802               0 1.500221140E-01-2.545811124E-01*       
*       -5.746112494E-01
GRID*               1803               0 1.552398556E-01-2.580483123E-01*       
*       -5.772751374E-01
GRID*               1804               0 1.614154738E-01-2.615868399E-01*       
*       -5.823756481E-01
GRID*               1805               0 1.686784831E-01-2.649921475E-01*       
*       -5.919740809E-01
GRID*               1806               0 1.770708692E-01-2.679684948E-01*       
*       -6.010901718E-01
GRID*               1807               0 1.864750881E-01-2.701604805E-01*       
*       -6.091586738E-01
GRID*               1808               0 1.965667962E-01-2.712389785E-01*       
*       -6.158498164E-01
GRID*               1809               0 2.068451874E-01-2.710188192E-01*       
*       -6.216605146E-01
GRID*               1810               0 2.167564113E-01-2.695391069E-01*       
*       -6.191048270E-01
GRID*               1811               0 2.258488530E-01-2.670454624E-01*       
*       -6.150877460E-01
GRID*               1812               0 2.338685238E-01-2.638883517E-01*       
*       -6.085380424E-01
GRID*               1813               0 2.407586287E-01-2.604101104E-01*       
*       -6.022598769E-01
GRID*               1814               0 2.465981606E-01-2.568771666E-01*       
*       -5.971230548E-01
GRID*               1815               0 2.515316120E-01-2.534640474E-01*       
*       -5.930930953E-01
GRID*               1816               0 2.540893676E-01-2.500326650E-01*       
*       -5.894422695E-01
GRID*               1817               0 2.567676112E-01-2.461236841E-01*       
*       -5.858428809E-01
GRID*               1818               0 2.595161892E-01-2.416613324E-01*       
*       -5.818389639E-01
GRID*               1819               0 2.622559260E-01-2.365753565E-01*       
*       -5.776004995E-01
GRID*               1820               0 2.648737258E-01-2.308150198E-01*       
*       -5.731761682E-01
GRID*               1821               0 2.672232971E-01-2.243684452E-01*       
*       -5.705258425E-01
GRID*               1822               0 2.691360755E-01-2.172840189E-01*       
*       -5.679973032E-01
GRID*               1823               0 2.704451769E-01-2.096862118E-01*       
*       -5.650977809E-01
GRID*               1824               0 2.710194488E-01-2.017754862E-01*       
*       -5.620369462E-01
GRID*               1825               0 2.707967262E-01-1.938052865E-01*       
*       -5.585009454E-01
GRID*               1826               0 2.698014633E-01-1.860397073E-01*       
*       -5.567183143E-01
GRID*               1827               0 2.681376586E-01-1.787069817E-01*       
*       -5.547488869E-01
GRID*               1828               0 2.659608061E-01-1.719666574E-01*       
*       -5.535281621E-01
GRID*               1829               0 2.634424389E-01-1.658996891E-01*       
*       -5.537981997E-01
GRID*               1830               0 2.607408504E-01-1.605184473E-01*       
*       -5.538330432E-01
GRID*               1831               0 2.579844820E-01-1.557868325E-01*       
*       -5.538422508E-01
GRID*               1832               0 2.552672114E-01-1.516411900E-01*       
*       -5.554526564E-01
GRID*               1833               0 2.526512974E-01-1.480068438E-01*       
*       -5.569101274E-01
GRID*               1834               0 2.477854182E-01-1.444845877E-01*       
*       -5.572094668E-01
GRID*               1835               0 2.419699559E-01-1.407923836E-01*       
*       -5.572374186E-01
GRID*               1836               0 2.350290033E-01-1.371070168E-01*       
*       -5.569296443E-01
GRID*               1837               0 2.268496905E-01-1.337148265E-01*       
*       -5.581778012E-01
GRID*               1838               0 2.174680041E-01-1.310013837E-01*       
*       -5.596080387E-01
GRID*               1839               0 2.071517805E-01-1.293761676E-01*       
*       -5.599146897E-01
GRID*               1840               0 1.964118161E-01-1.291333672E-01*       
*       -5.571699448E-01
GRID*               1841               0 1.858876579E-01-1.303203109E-01*       
*       -5.525682528E-01
GRID*               1842               0 1.761518195E-01-1.327140622E-01*       
*       -5.539501120E-01
GRID*               1843               0 1.675576300E-01-1.359263193E-01*       
*       -5.568053906E-01
GRID*               1844               0 1.602110450E-01-1.395513953E-01*       
*       -5.596601632E-01
GRID*               1845               0 1.540383407E-01-1.432660768E-01*       
*       -5.631512884E-01
GRID*               1846               0 1.488766789E-01-1.468586531E-01*       
*       -5.660824754E-01
GRID*               1847               0 1.445415663E-01-1.502134516E-01*       
*       -5.685032015E-01
GRID*               1848               0 1.420894922E-01-1.539348233E-01*       
*       -5.688304033E-01
GRID*               1849               0 1.395871724E-01-1.581229263E-01*       
*       -5.687032674E-01
GRID*               1850               0 1.370965874E-01-1.628298016E-01*       
*       -5.677420994E-01
GRID*               1851               0 1.347031095E-01-1.680935649E-01*       
*       -5.661204372E-01
GRID*               1852               0 1.325150883E-01-1.739262841E-01*       
*       -5.633452281E-01
GRID*               1853               0 1.306577184E-01-1.803004882E-01*       
*       -5.611099892E-01
GRID*               1854               0 1.292594870E-01-1.871380885E-01*       
*       -5.585953219E-01
GRID*               1855               0 1.284319871E-01-1.943070899E-01*       
*       -5.568061443E-01
GRID*               1856               0 1.282477215E-01-2.016307336E-01*       
*       -5.593528135E-01
GRID*               1857               0 1.293999990E-01-2.088250001E-01*       
*       -5.605796153E-01
GRID*               1858               0 1.305328412E-01-2.157879906E-01*       
*       -5.616616681E-01
GRID*               1859               0 1.322095258E-01-2.223400426E-01*       
*       -5.621994165E-01
GRID*               1860               0 1.343037245E-01-2.283688462E-01*       
*       -5.624920730E-01
GRID*               1861               0 1.366815363E-01-2.338178158E-01*       
*       -5.635170793E-01
GRID*               1862               0 1.392196965E-01-2.386783750E-01*       
*       -5.649828071E-01
GRID*               1863               0 1.418161072E-01-2.429767390E-01*       
*       -5.666624997E-01
GRID*               1864               0 1.443932607E-01-2.467602126E-01*       
*       -5.685323429E-01
GRID*               1865               0 1.468968477E-01-2.500859277E-01*       
*       -5.707630710E-01
GRID*               1866               0 1.510293128E-01-2.534811452E-01*       
*       -5.730014442E-01
GRID*               1867               0 1.559903646E-01-2.570749960E-01*       
*       -5.758497287E-01
GRID*               1868               0 1.619442825E-01-2.607427798E-01*       
*       -5.815235406E-01
GRID*               1869               0 1.690253121E-01-2.642724774E-01*       
*       -5.911086760E-01
GRID*               1870               0 1.772769726E-01-2.673575456E-01*       
*       -6.007850505E-01
GRID*               1871               0 1.865774264E-01-2.696296007E-01*       
*       -6.088067789E-01
GRID*               1872               0 1.965904822E-01-2.707474943E-01*       
*       -6.155032428E-01
GRID*               1873               0 2.067970403E-01-2.705192930E-01*       
*       -6.212879427E-01
GRID*               1874               0 2.166230191E-01-2.689855294E-01*       
*       -6.187760383E-01
GRID*               1875               0 2.256003070E-01-2.664007964E-01*       
*       -6.147453981E-01
GRID*               1876               0 2.334656376E-01-2.631283619E-01*       
*       -6.073281706E-01
GRID*               1877               0 2.401601412E-01-2.595230664E-01*       
*       -6.009675991E-01
GRID*               1878               0 2.457656962E-01-2.558610703E-01*       
*       -5.957240453E-01
GRID*               1879               0 2.504320731E-01-2.523232758E-01*       
*       -5.915594323E-01
GRID*               1880               0 2.530832591E-01-2.491020146E-01*       
*       -5.881538273E-01
GRID*               1881               0 2.558593343E-01-2.453857091E-01*       
*       -5.848233655E-01
GRID*               1882               0 2.587083131E-01-2.410958191E-01*       
*       -5.811075224E-01
GRID*               1883               0 2.615481277E-01-2.361595250E-01*       
*       -5.769990249E-01
GRID*               1884               0 2.642615513E-01-2.305242368E-01*       
*       -5.726759301E-01
GRID*               1885               0 2.666969483E-01-2.241776438E-01*       
*       -5.702099329E-01
GRID*               1886               0 2.686795972E-01-2.171698993E-01*       
*       -5.677364417E-01
GRID*               1887               0 2.700365178E-01-2.096300212E-01*       
*       -5.648692129E-01
GRID*               1888               0 2.706317668E-01-2.017657942E-01*       
*       -5.617940302E-01
GRID*               1889               0 2.704009085E-01-1.938399205E-01*       
*       -5.582255963E-01
GRID*               1890               0 2.693692905E-01-1.861261419E-01*       
*       -5.563979539E-01
GRID*               1891               0 2.676447098E-01-1.788610282E-01*       
*       -5.543824962E-01
GRID*               1892               0 2.653883406E-01-1.722099552E-01*       
*       -5.530019997E-01
GRID*               1893               0 2.627779819E-01-1.662568347E-01*       
*       -5.531765646E-01
GRID*               1894               0 2.599777090E-01-1.610144892E-01*       
*       -5.531011995E-01
GRID*               1895               0 2.571206552E-01-1.564455004E-01*       
*       -5.528718346E-01
GRID*               1896               0 2.543041275E-01-1.524838884E-01*       
*       -5.543288126E-01
GRID*               1897               0 2.515926587E-01-1.490522495E-01*       
*       -5.555859572E-01
GRID*               1898               0 2.469963222E-01-1.454013315E-01*       
*       -5.561150080E-01
GRID*               1899               0 2.414157161E-01-1.415742577E-01*       
*       -5.563584158E-01
GRID*               1900               0 2.346685074E-01-1.377542707E-01*       
*       -5.561072729E-01
GRID*               1901               0 2.266377035E-01-1.342381696E-01*       
*       -5.575552675E-01
GRID*               1902               0 2.173606052E-01-1.314256095E-01*       
*       -5.590734822E-01
GRID*               1903               0 2.071148327E-01-1.297410270E-01*       
*       -5.594201331E-01
GRID*               1904               0 1.964298409E-01-1.294893576E-01*       
*       -5.566995411E-01
GRID*               1905               0 1.859685384E-01-1.307196582E-01*       
*       -5.520543190E-01
GRID*               1906               0 1.763243516E-01-1.332008491E-01*       
*       -5.532567243E-01
GRID*               1907               0 1.678635161E-01-1.365304444E-01*       
*       -5.559761603E-01
GRID*               1908               0 1.606958580E-01-1.402879381E-01*       
*       -5.586857380E-01
GRID*               1909               0 1.547449605E-01-1.441383106E-01*       
*       -5.618274565E-01
GRID*               1910               0 1.498420370E-01-1.478621174E-01*       
*       -5.644121909E-01
GRID*               1911               0 1.457958552E-01-1.513394609E-01*       
*       -5.664523704E-01
GRID*               1912               0 1.432542110E-01-1.548613042E-01*       
*       -5.669899270E-01
GRID*               1913               0 1.406604859E-01-1.588669277E-01*       
*       -5.669661169E-01
GRID*               1914               0 1.380789241E-01-1.634102733E-01*       
*       -5.662445361E-01
GRID*               1915               0 1.355980166E-01-1.685308490E-01*       
*       -5.648453807E-01
GRID*               1916               0 1.333300707E-01-1.742411637E-01*       
*       -5.624167991E-01
GRID*               1917               0 1.314048543E-01-1.805127427E-01*       
*       -5.602701933E-01
GRID*               1918               0 1.299555480E-01-1.872646451E-01*       
*       -5.577789827E-01
GRID*               1919               0 1.290978209E-01-1.943600539E-01*       
*       -5.560629803E-01
GRID*               1920               0 1.289068244E-01-2.016157540E-01*       
*       -5.586665347E-01
GRID*               1921               0 1.300030171E-01-2.087496229E-01*       
*       -5.599946555E-01
GRID*               1922               0 1.311714463E-01-2.156428531E-01*       
*       -5.610798933E-01
GRID*               1923               0 1.329008021E-01-2.221122357E-01*       
*       -5.615907455E-01
GRID*               1924               0 1.350607877E-01-2.280419326E-01*       
*       -5.617328651E-01
GRID*               1925               0 1.375132957E-01-2.333735807E-01*       
*       -5.624771975E-01
GRID*               1926               0 1.401311893E-01-2.380983341E-01*       
*       -5.638618231E-01
GRID*               1927               0 1.428091634E-01-2.422432316E-01*       
*       -5.654285249E-01
GRID*               1928               0 1.454672753E-01-2.458570639E-01*       
*       -5.671514389E-01
GRID*               1929               0 1.480495097E-01-2.489987579E-01*       
*       -5.690806026E-01
GRID*               1930               0 1.519271318E-01-2.525006324E-01*       
*       -5.715274644E-01
GRID*               1931               0 1.566593697E-01-2.562073799E-01*       
*       -5.745534044E-01
GRID*               1932               0 1.624156636E-01-2.599903830E-01*       
*       -5.807494469E-01
GRID*               1933               0 1.693344761E-01-2.636309621E-01*       
*       -5.903291306E-01
GRID*               1934               0 1.774606935E-01-2.668129442E-01*       
*       -6.005114672E-01
GRID*               1935               0 1.866686509E-01-2.691563734E-01*       
*       -6.084934873E-01
GRID*               1936               0 1.966115959E-01-2.703093844E-01*       
*       -6.151943896E-01
GRID*               1937               0 2.067541219E-01-2.700740143E-01*       
*       -6.209556596E-01
GRID*               1938               0 2.165041131E-01-2.684920693E-01*       
*       -6.184825822E-01
GRID*               1939               0 2.253787527E-01-2.658261398E-01*       
*       -6.139150805E-01
GRID*               1940               0 2.331065041E-01-2.624509055E-01*       
*       -6.062363858E-01
GRID*               1941               0 2.396266483E-01-2.587323537E-01*       
*       -5.997925953E-01
GRID*               1942               0 2.450236358E-01-2.549553201E-01*       
*       -5.944402161E-01
GRID*               1943               0 2.494519420E-01-2.513063898E-01*       
*       -5.901378267E-01
GRID*               1944               0 2.521864120E-01-2.482724311E-01*       
*       -5.869646273E-01
GRID*               1945               0 2.550496945E-01-2.447278768E-01*       
*       -5.839004628E-01
GRID*               1946               0 2.579881707E-01-2.405917195E-01*       
*       -5.804426293E-01
GRID*               1947               0 2.609171949E-01-2.357888520E-01*       
*       -5.764545686E-01
GRID*               1948               0 2.637158576E-01-2.302650324E-01*       
*       -5.722249965E-01
GRID*               1949               0 2.662277600E-01-2.240075630E-01*       
*       -5.699276772E-01
GRID*               1950               0 2.682726915E-01-2.170681729E-01*       
*       -5.675035705E-01
GRID*               1951               0 2.696722383E-01-2.095799328E-01*       
*       -5.646648956E-01
GRID*               1952               0 2.702861863E-01-2.017571547E-01*       
*       -5.615774010E-01
GRID*               1953               0 2.700480759E-01-1.938707934E-01*       
*       -5.579804907E-01
GRID*               1954               0 2.689840507E-01-1.862031899E-01*       
*       -5.561125004E-01
GRID*               1955               0 2.672052943E-01-1.789983455E-01*       
*       -5.540561312E-01
GRID*               1956               0 2.648780438E-01-1.724268314E-01*       
*       -5.525318008E-01
GRID*               1957               0 2.621856836E-01-1.665751951E-01*       
*       -5.526204330E-01
GRID*               1958               0 2.592974433E-01-1.614566619E-01*       
*       -5.524456342E-01
GRID*               1959               0 2.563506384E-01-1.570326382E-01*       
*       -5.522527130E-01
GRID*               1960               0 2.534456326E-01-1.532350715E-01*       
*       -5.533247709E-01
GRID*               1961               0 2.506489861E-01-1.499841263E-01*       
*       -5.544025277E-01
GRID*               1962               0 2.462929206E-01-1.462185188E-01*       
*       -5.551374040E-01
GRID*               1963               0 2.409216657E-01-1.422712217E-01*       
*       -5.555736722E-01
GRID*               1964               0 2.343471607E-01-1.383312341E-01*       
*       -5.554958135E-01
GRID*               1965               0 2.264487378E-01-1.347046787E-01*       
*       -5.569981443E-01
GRID*               1966               0 2.172648696E-01-1.318037651E-01*       
*       -5.585960759E-01
GRID*               1967               0 2.070818974E-01-1.300662634E-01*       
*       -5.589792646E-01
GRID*               1968               0 1.964459083E-01-1.298066881E-01*       
*       -5.562802317E-01
GRID*               1969               0 1.860406354E-01-1.310756372E-01*       
*       -5.515962449E-01
GRID*               1970               0 1.764781470E-01-1.336347719E-01*       
*       -5.526353709E-01
GRID*               1971               0 1.681361836E-01-1.370689627E-01*       
*       -5.552297963E-01
GRID*               1972               0 1.611280213E-01-1.409444939E-01*       
*       -5.578009617E-01
GRID*               1973               0 1.553748427E-01-1.449158214E-01*       
*       -5.606411923E-01
GRID*               1974               0 1.507025590E-01-1.487566074E-01*       
*       -5.629135548E-01
GRID*               1975               0 1.469139307E-01-1.523431878E-01*       
*       -5.646100530E-01
GRID*               1976               0 1.442924436E-01-1.556871711E-01*       
*       -5.653384715E-01
GRID*               1977               0 1.416172395E-01-1.595301319E-01*       
*       -5.654243799E-01
GRID*               1978               0 1.389545809E-01-1.639277069E-01*       
*       -5.649144341E-01
GRID*               1979               0 1.363957385E-01-1.689206449E-01*       
*       -5.637121068E-01
GRID*               1980               0 1.340565477E-01-1.745218480E-01*       
*       -5.615840994E-01
GRID*               1981               0 1.320708527E-01-1.807019468E-01*       
*       -5.595171235E-01
GRID*               1982               0 1.305760181E-01-1.873774578E-01*       
*       -5.570488110E-01
GRID*               1983               0 1.296913465E-01-1.944072662E-01*       
*       -5.554014054E-01
GRID*               1984               0 1.294943500E-01-2.016024011E-01*       
*       -5.580545372E-01
GRID*               1985               0 1.305405486E-01-2.086824314E-01*       
*       -5.594720832E-01
GRID*               1986               0 1.317407001E-01-2.155134773E-01*       
*       -5.605597317E-01
GRID*               1987               0 1.335170070E-01-2.219091681E-01*       
*       -5.610455136E-01
GRID*               1988               0 1.357356353E-01-2.277505211E-01*       
*       -5.609488127E-01
GRID*               1989               0 1.382547277E-01-2.329775886E-01*       
*       -5.615321584E-01
GRID*               1990               0 1.409436959E-01-2.375812845E-01*       
*       -5.628366963E-01
GRID*               1991               0 1.436943756E-01-2.415893816E-01*       
*       -5.642929021E-01
GRID*               1992               0 1.464246540E-01-2.450519955E-01*       
*       -5.658730182E-01
GRID*               1993               0 1.490769948E-01-2.480296527E-01*       
*       -5.675367379E-01
GRID*               1994               0 1.527274494E-01-2.516266013E-01*       
*       -5.701825695E-01
GRID*               1995               0 1.572557222E-01-2.554339852E-01*       
*       -5.733774276E-01
GRID*               1996               0 1.628358537E-01-2.593196951E-01*       
*       -5.800478778E-01
GRID*               1997               0 1.696100655E-01-2.630591142E-01*       
*       -5.896277889E-01
GRID*               1998               0 1.776244627E-01-2.663274855E-01*       
*       -6.002663252E-01
GRID*               1999               0 1.867499686E-01-2.687345377E-01*       
*       -6.082145272E-01
GRID*               2000               0 1.966304168E-01-2.699188523E-01*       
*       -6.149191434E-01
GRID*               2001               0 2.067158643E-01-2.696770921E-01*       
*       -6.206593252E-01
GRID*               2002               0 2.163981200E-01-2.680521981E-01*       
*       -6.182206983E-01
GRID*               2003               0 2.251812587E-01-2.653138899E-01*       
*       -6.131059952E-01
GRID*               2004               0 2.327863718E-01-2.618470195E-01*       
*       -6.052525964E-01
GRID*               2005               0 2.391510917E-01-2.580275109E-01*       
*       -5.987268674E-01
GRID*               2006               0 2.443621617E-01-2.541479326E-01*       
*       -5.932666072E-01
GRID*               2007               0 2.485782512E-01-2.503999356E-01*       
*       -5.888273028E-01
GRID*               2008               0 2.513869608E-01-2.475329387E-01*       
*       -5.859209853E-01
GRID*               2009               0 2.543279800E-01-2.441414838E-01*       
*       -5.830665777E-01
GRID*               2010               0 2.573462344E-01-2.401423641E-01*       
*       -5.798397041E-01
GRID*               2011               0 2.603547803E-01-2.354584334E-01*       
*       -5.759626435E-01
GRID*               2012               0 2.632294253E-01-2.300339770E-01*       
*       -5.718190443E-01
GRID*               2013               0 2.658095246E-01-2.238559527E-01*       
*       -5.696755549E-01
GRID*               2014               0 2.679099750E-01-2.169774938E-01*       
*       -5.672957194E-01
GRID*               2015               0 2.693475188E-01-2.095352838E-01*       
*       -5.644823128E-01
GRID*               2016               0 2.699781352E-01-2.017494534E-01*       
*       -5.613842230E-01
GRID*               2017               0 2.697335602E-01-1.938983135E-01*       
*       -5.577622741E-01
GRID*               2018               0 2.686406473E-01-1.862718705E-01*       
*       -5.558581389E-01
GRID*               2019               0 2.668135985E-01-1.791207505E-01*       
*       -5.537653966E-01
GRID*               2020               0 2.644231643E-01-1.726201552E-01*       
*       -5.521117295E-01
GRID*               2021               0 2.616577078E-01-1.668589821E-01*       
*       -5.521231030E-01
GRID*               2022               0 2.586910531E-01-1.618508155E-01*       
*       -5.518587207E-01
GRID*               2023               0 2.556642439E-01-1.575560140E-01*       
*       -5.517064013E-01
GRID*               2024               0 2.526803686E-01-1.539046774E-01*       
*       -5.524279821E-01
GRID*               2025               0 2.498077945E-01-1.508148029E-01*       
*       -5.533451836E-01
GRID*               2026               0 2.456659069E-01-1.469469610E-01*       
*       -5.542643757E-01
GRID*               2027               0 2.404812681E-01-1.428924967E-01*       
*       -5.548731976E-01
GRID*               2028               0 2.340607116E-01-1.388455405E-01*       
*       -5.549504052E-01
GRID*               2029               0 2.262802934E-01-1.351205257E-01*       
*       -5.564997791E-01
GRID*               2030               0 2.171795307E-01-1.321408538E-01*       
*       -5.581697986E-01
GRID*               2031               0 2.070525388E-01-1.303561798E-01*       
*       -5.585862577E-01
GRID*               2032               0 1.964602307E-01-1.300895570E-01*       
*       -5.559064660E-01
GRID*               2033               0 1.861049028E-01-1.313929576E-01*       
*       -5.511879545E-01
GRID*               2034               0 1.766152405E-01-1.340215715E-01*       
*       -5.520789001E-01
GRID*               2035               0 1.683792400E-01-1.375489989E-01*       
*       -5.545587757E-01
GRID*               2036               0 1.615132524E-01-1.415297489E-01*       
*       -5.569994204E-01
GRID*               2037               0 1.559363209E-01-1.456088961E-01*       
*       -5.595788293E-01
GRID*               2038               0 1.514696301E-01-1.495539576E-01*       
*       -5.615699273E-01
GRID*               2039               0 1.479105854E-01-1.532379119E-01*       
*       -5.629565225E-01
GRID*               2040               0 1.452179262E-01-1.564233504E-01*       
*       -5.638252818E-01
GRID*               2041               0 1.424700916E-01-1.601213135E-01*       
*       -5.640554459E-01
GRID*               2042               0 1.397351430E-01-1.643889482E-01*       
*       -5.637326156E-01
GRID*               2043               0 1.371068293E-01-1.692681098E-01*       
*       -5.627045374E-01
GRID*               2044               0 1.347041306E-01-1.747720505E-01*       
*       -5.608638415E-01
GRID*               2045               0 1.326645250E-01-1.808706037E-01*       
*       -5.588422802E-01
GRID*               2046               0 1.311291063E-01-1.874780193E-01*       
*       -5.563959595E-01
GRID*               2047               0 1.302204163E-01-1.944493513E-01*       
*       -5.548123778E-01
GRID*               2048               0 1.300180715E-01-2.015904984E-01*       
*       -5.575088051E-01
CQUAD4         1       1       1       2      66      65
CQUAD4         2       1       2       3      67      66
CQUAD4         3       1       3       4      68      67
CQUAD4         4       1       4       5      69      68
CQUAD4         5       1       5       6      70      69
CQUAD4         6       1       6       7      71      70
CQUAD4         7       1       7       8      72      71
CQUAD4         8       1       8       9      73      72
CQUAD4         9       1       9      10      74      73
CQUAD4        10       1      10      11      75      74
CQUAD4        11       1      11      12      76      75
CQUAD4        12       1      12      13      77      76
CQUAD4        13       1      13      14      78      77
CQUAD4        14       1      14      15      79      78
CQUAD4        15       1      15      16      80      79
CQUAD4        16       1      16      17      81      80
CQUAD4        17       1      17      18      82      81
CQUAD4        18       1      18      19      83      82
CQUAD4        19       1      19      20      84      83
CQUAD4        20       1      20      21      85      84
CQUAD4        21       1      21      22      86      85
CQUAD4        22       1      22      23      87      86
CQUAD4        23       1      23      24      88      87
CQUAD4        24       1      24      25      89      88
CQUAD4        25       1      25      26      90      89
CQUAD4        26       1      26      27      91      90
CQUAD4        27       1      27      28      92      91
CQUAD4        28       1      28      29      93      92
CQUAD4        29       1      29      30      94      93
CQUAD4        30       1      30      31      95      94
CQUAD4        31       1      31      32      96      95
CQUAD4        32       1      32      33      97      96
CQUAD4        33       1      33      34      98      97
CQUAD4        34       1      34      35      99      98
CQUAD4        35       1      35      36     100      99
CQUAD4        36       1      36      37     101     100
CQUAD4        37       1      37      38     102     101
CQUAD4        38       1      38      39     103     102
CQUAD4        39       1      39      40     104     103
CQUAD4        40       1      40      41     105     104
CQUAD4        41       1      41      42     106     105
CQUAD4        42       1      42      43     107     106
CQUAD4        43       1      43      44     108     107
CQUAD4        44       1      44      45     109     108
CQUAD4        45       1      45      46     110     109
CQUAD4        46       1      46      47     111     110
CQUAD4        47       1      47      48     112     111
CQUAD4        48       1      48      49     113     112
CQUAD4        49       1      49      50     114     113
CQUAD4        50       1      50      51     115     114
CQUAD4        51       1      51      52     116     115
CQUAD4        52       1      52      53     117     116
CQUAD4        53       1      53      54     118     117
CQUAD4        54       1      54      55     119     118
CQUAD4        55       1      55      56     120     119
CQUAD4        56       1      56      57     121     120
CQUAD4        57       1      57      58     122     121
CQUAD4        58       1      58      59     123     122
CQUAD4        59       1      59      60     124     123
CQUAD4        60       1      60      61     125     124
CQUAD4        61       1      61      62     126     125
CQUAD4        62       1      62      63     127     126
CQUAD4        63       1      63      64     128     127
CQUAD4        64       1      64       1      65     128
CQUAD4        65       1      65      66     130     129
CQUAD4        66       1      66      67     131     130
CQUAD4        67       1      67      68     132     131
CQUAD4        68       1      68      69     133     132
CQUAD4        69       1      69      70     134     133
CQUAD4        70       1      70      71     135     134
CQUAD4        71       1      71      72     136     135
CQUAD4        72       1      72      73     137     136
CQUAD4        73       1      73      74     138     137
CQUAD4        74       1      74      75     139     138
CQUAD4        75       1      75      76     140     139
CQUAD4        76       1      76      77     141     140
CQUAD4        77       1      77      78     142     141
CQUAD4        78       1      78      79     143     142
CQUAD4        79       1      79      80     144     143
CQUAD4        80       1      80      81     145     144
CQUAD4        81       1      81      82     146     145
CQUAD4        82       1      82      83     147     146
CQUAD4        83       1      83      84     148     147
CQUAD4        84       1      84      85     149     148
CQUAD4        85       1      85      86     150     149
CQUAD4        86       1      86      87     151     150
CQUAD4        87       1      87      88     152     151
CQUAD4        88       1      88      89     153     152
CQUAD4        89       1      89      90     154     153
CQUAD4        90       1      90      91     155     154
CQUAD4        91       1      91      92     156     155
CQUAD4        92       1      92      93     157     156
CQUAD4        93       1      93      94     158     157
CQUAD4        94       1      94      95     159     158
CQUAD4        95       1      95      96     160     159
CQUAD4        96       1      96      97     161     160
CQUAD4        97       1      97      98     162     161
CQUAD4        98       1      98      99     163     162
CQUAD4        99       1      99     100     164     163
CQUAD4       100       1     100     101     165     164
CQUAD4       101       1     101     102     166     165
CQUAD4       102       1     102     103     167     166
CQUAD4       103       1     103     104     168     167
CQUAD4       104       1     104     105     169     168
CQUAD4       105       1     105     106     170     169
CQUAD4       106       1     106     107     171     170
CQUAD4       107       1     107     108     172     171
CQUAD4       108       1     108     109     173     172
CQUAD4       109       1     109     110     174     173
CQUAD4       110       1     110     111     175     174
CQUAD4       111       1     111     112     176     175
CQUAD4       112       1     112     113     177     176
CQUAD4       113       1     113     114     178     177
CQUAD4       114       1     114     115     179     178
CQUAD4       115       1     115     116     180     179
CQUAD4       116       1     116     117     181     180
CQUAD4       117       1     117     118     182     181
CQUAD4       118       1     118     119     183     182
CQUAD4       119       1     119     120     184     183
CQUAD4       120       1     120     121     185     184
CQUAD4       121       1     121     122     186     185
CQUAD4       122       1     122     123     187     186
CQUAD4       123       1     123     124     188     187
CQUAD4       124       1     124     125     189     188
CQUAD4       125       1     125     126     190     189
CQUAD4       126       1     126     127     191     190
CQUAD4       127       1     127     128     192     191
CQUAD4       128       1     128      65     129     192
CQUAD4       129       1     129     130     194     193
CQUAD4       130       1     130     131     195     194
CQUAD4       131       1     131     132     196     195
CQUAD4       132       1     132     133     197     196
CQUAD4       133       1     133     134     198     197
CQUAD4       134       1     134     135     199     198
CQUAD4       135       1     135     136     200     199
CQUAD4       136       1     136     137     201     200
CQUAD4       137       1     137     138     202     201
CQUAD4       138       1     138     139     203     202
CQUAD4       139       1     139     140     204     203
CQUAD4       140       1     140     141     205     204
CQUAD4       141       1     141     142     206     205
CQUAD4       142       1     142     143     207     206
CQUAD4       143       1     143     144     208     207
CQUAD4       144       1     144     145     209     208
CQUAD4       145       1     145     146     210     209
CQUAD4       146       1     146     147     211     210
CQUAD4       147       1     147     148     212     211
CQUAD4       148       1     148     149     213     212
CQUAD4       149       1     149     150     214     213
CQUAD4       150       1     150     151     215     214
CQUAD4       151       1     151     152     216     215
CQUAD4       152       1     152     153     217     216
CQUAD4       153       1     153     154     218     217
CQUAD4       154       1     154     155     219     218
CQUAD4       155       1     155     156     220     219
CQUAD4       156       1     156     157     221     220
CQUAD4       157       1     157     158     222     221
CQUAD4       158       1     158     159     223     222
CQUAD4       159       1     159     160     224     223
CQUAD4       160       1     160     161     225     224
CQUAD4       161       1     161     162     226     225
CQUAD4       162       1     162     163     227     226
CQUAD4       163       1     163     164     228     227
CQUAD4       164       1     164     165     229     228
CQUAD4       165       1     165     166     230     229
CQUAD4       166       1     166     167     231     230
CQUAD4       167       1     167     168     232     231
CQUAD4       168       1     168     169     233     232
CQUAD4       169       1     169     170     234     233
CQUAD4       170       1     170     171     235     234
CQUAD4       171       1     171     172     236     235
CQUAD4       172       1     172     173     237     236
CQUAD4       173       1     173     174     238     237
CQUAD4       174       1     174     175     239     238
CQUAD4       175       1     175     176     240     239
CQUAD4       176       1     176     177     241     240
CQUAD4       177       1     177     178     242     241
CQUAD4       178       1     178     179     243     242
CQUAD4       179       1     179     180     244     243
CQUAD4       180       1     180     181     245     244
CQUAD4       181       1     181     182     246     245
CQUAD4       182       1     182     183     247     246
CQUAD4       183       1     183     184     248     247
CQUAD4       184       1     184     185     249     248
CQUAD4       185       1     185     186     250     249
CQUAD4       186       1     186     187     251     250
CQUAD4       187       1     187     188     252     251
CQUAD4       188       1     188     189     253     252
CQUAD4       189       1     189     190     254     253
CQUAD4       190       1     190     191     255     254
CQUAD4       191       1     191     192     256     255
CQUAD4       192       1     192     129     193     256
CQUAD4       193       1     193     194     258     257
CQUAD4       194       1     194     195     259     258
CQUAD4       195       1     195     196     260     259
CQUAD4       196       1     196     197     261     260
CQUAD4       197       1     197     198     262     261
CQUAD4       198       1     198     199     263     262
CQUAD4       199       1     199     200     264     263
CQUAD4       200       1     200     201     265     264
CQUAD4       201       1     201     202     266     265
CQUAD4       202       1     202     203     267     266
CQUAD4       203       1     203     204     268     267
CQUAD4       204       1     204     205     269     268
CQUAD4       205       1     205     206     270     269
CQUAD4       206       1     206     207     271     270
CQUAD4       207       1     207     208     272     271
CQUAD4       208       1     208     209     273     272
CQUAD4       209       1     209     210     274     273
CQUAD4       210       1     210     211     275     274
CQUAD4       211       1     211     212     276     275
CQUAD4       212       1     212     213     277     276
CQUAD4       213       1     213     214     278     277
CQUAD4       214       1     214     215     279     278
CQUAD4       215       1     215     216     280     279
CQUAD4       216       1     216     217     281     280
CQUAD4       217       1     217     218     282     281
CQUAD4       218       1     218     219     283     282
CQUAD4       219       1     219     220     284     283
CQUAD4       220       1     220     221     285     284
CQUAD4       221       1     221     222     286     285
CQUAD4       222       1     222     223     287     286
CQUAD4       223       1     223     224     288     287
CQUAD4       224       1     224     225     289     288
CQUAD4       225       1     225     226     290     289
CQUAD4       226       1     226     227     291     290
CQUAD4       227       1     227     228     292     291
CQUAD4       228       1     228     229     293     292
CQUAD4       229       1     229     230     294     293
CQUAD4       230       1     230     231     295     294
CQUAD4       231       1     231     232     296     295
CQUAD4       232       1     232     233     297     296
CQUAD4       233       1     233     234     298     297
CQUAD4       234       1     234     235     299     298
CQUAD4       235       1     235     236     300     299
CQUAD4       236       1     236     237     301     300
CQUAD4       237       1     237     238     302     301
CQUAD4       238       1     238     239     303     302
CQUAD4       239       1     239     240     304     303
CQUAD4       240       1     240     241     305     304
CQUAD4       241       1     241     242     306     305
CQUAD4       242       1     242     243     307     306
CQUAD4       243       1     243     244     308     307
CQUAD4       244       1     244     245     309     308
CQUAD4       245       1     245     246     310     309
CQUAD4       246       1     246     247     311     310
CQUAD4       247       1     247     248     312     311
CQUAD4       248       1     248     249     313     312
CQUAD4       249       1     249     250     314     313
CQUAD4       250       1     250     251     315     314
CQUAD4       251       1     251     252     316     315
CQUAD4       252       1     252     253     317     316
CQUAD4       253       1     253     254     318     317
CQUAD4       254       1     254     255     319     318
CQUAD4       255       1     255     256     320     319
CQUAD4       256       1     256     193     257     320
CQUAD4       257       1     257     258     322     321
CQUAD4       258       1     258     259     323     322
CQUAD4       259       1     259     260     324     323
CQUAD4       260       1     260     261     325     324
CQUAD4       261       1     261     262     326     325
CQUAD4       262       1     262     263     327     326
CQUAD4       263       1     263     264     328     327
CQUAD4       264       1     264     265     329     328
CQUAD4       265       1     265     266     330     329
CQUAD4       266       1     266     267     331     330
CQUAD4       267       1     267     268     332     331
CQUAD4       268       1     268     269     333     332
CQUAD4       269       1     269     270     334     333
CQUAD4       270       1     270     271     335     334
CQUAD4       271       1     271     272     336     335
CQUAD4       272       1     272     273     337     336
CQUAD4       273       1     273     274     338     337
CQUAD4       274       1     274     275     339     338
CQUAD4       275       1     275     276     340     339
CQUAD4       276       1     276     277     341     340
CQUAD4       277       1     277     278     342     341
CQUAD4       278       1     278     279     343     342
CQUAD4       279       1     279     280     344     343
CQUAD4       280       1     280     281     345     344
CQUAD4       281       1     281     282     346     345
CQUAD4       282       1     282     283     347     346
CQUAD4       283       1     283     284     348     347
CQUAD4       284       1     284     285     349     348
CQUAD4       285       1     285     286     350     349
CQUAD4       286       1     286     287     351     350
CQUAD4       287       1     287     288     352     351
CQUAD4       288       1     288     289     353     352
CQUAD4       289       1     289     290     354     353
CQUAD4       290       1     290     291     355     354
CQUAD4       291       1     291     292     356     355
CQUAD4       292       1     292     293     357     356
CQUAD4       293       1     293     294     358     357
CQUAD4       294       1     294     295     359     358
CQUAD4       295       1     295     296     360     359
CQUAD4       296       1     296     297     361     360
CQUAD4       297       1     297     298     362     361
CQUAD4       298       1     298     299     363     362
CQUAD4       299       1     299     300     364     363
CQUAD4       300       1     300     301     365     364
CQUAD4       301       1     301     302     366     365
CQUAD4       302       1     302     303     367     366
CQUAD4       303       1     303     304     368     367
CQUAD4       304       1     304     305     369     368
CQUAD4       305       1     305     306     370     369
CQUAD4       306       1     306     307     371     370
CQUAD4       307       1     307     308     372     371
CQUAD4       308       1     308     309     373     372
CQUAD4       309       1     309     310     374     373
CQUAD4       310       1     310     311     375     374
CQUAD4       311       1     311     312     376     375
CQUAD4       312       1     312     313     377     376
CQUAD4       313       1     313     314     378     377
CQUAD4       314       1     314     315     379     378
CQUAD4       315       1     315     316     380     379
CQUAD4       316       1     316     317     381     380
CQUAD4       317       1     317     318     382     381
CQUAD4       318       1     318     319     383     382
CQUAD4       319       1     319     320     384     383
CQUAD4       320       1     320     257     321     384
CQUAD4       321       1     321     322     386     385
CQUAD4       322       1     322     323     387     386
CQUAD4       323       1     323     324     388     387
CQUAD4       324       1     324     325     389     388
CQUAD4       325       1     325     326     390     389
CQUAD4       326       1     326     327     391     390
CQUAD4       327       1     327     328     392     391
CQUAD4       328       1     328     329     393     392
CQUAD4       329       1     329     330     394     393
CQUAD4       330       1     330     331     395     394
CQUAD4       331       1     331     332     396     395
CQUAD4       332       1     332     333     397     396
CQUAD4       333       1     333     334     398     397
CQUAD4       334       1     334     335     399     398
CQUAD4       335       1     335     336     400     399
CQUAD4       336       1     336     337     401     400
CQUAD4       337       1     337     338     402     401
CQUAD4       338       1     338     339     403     402
CQUAD4       339       1     339     340     404     403
CQUAD4       340       1     340     341     405     404
CQUAD4       341       1     341     342     406     405
CQUAD4       342       1     342     343     407     406
CQUAD4       343       1     343     344     408     407
CQUAD4       344       1     344     345     409     408
CQUAD4       345       1     345     346     410     409
CQUAD4       346       1     346     347     411     410
CQUAD4       347       1     347     348     412     411
CQUAD4       348       1     348     349     413     412
CQUAD4       349       1     349     350     414     413
CQUAD4       350       1     350     351     415     414
CQUAD4       351       1     351     352     416     415
CQUAD4       352       1     352     353     417     416
CQUAD4       353       1     353     354     418     417
CQUAD4       354       1     354     355     419     418
CQUAD4       355       1     355     356     420     419
CQUAD4       356       1     356     357     421     420
CQUAD4       357       1     357     358     422     421
CQUAD4       358       1     358     359     423     422
CQUAD4       359       1     359     360     424     423
CQUAD4       360       1     360     361     425     424
CQUAD4       361       1     361     362     426     425
CQUAD4       362       1     362     363     427     426
CQUAD4       363       1     363     364     428     427
CQUAD4       364       1     364     365     429     428
CQUAD4       365       1     365     366     430     429
CQUAD4       366       1     366     367     431     430
CQUAD4       367       1     367     368     432     431
CQUAD4       368       1     368     369     433     432
CQUAD4       369       1     369     370     434     433
CQUAD4       370       1     370     371     435     434
CQUAD4       371       1     371     372     436     435
CQUAD4       372       1     372     373     437     436
CQUAD4       373       1     373     374     438     437
CQUAD4       374       1     374     375     439     438
CQUAD4       375       1     375     376     440     439
CQUAD4       376       1     376     377     441     440
CQUAD4       377       1     377     378     442     441
CQUAD4       378       1     378     379     443     442
CQUAD4       379       1     379     380     444     443
CQUAD4       380       1     380     381     445     444
CQUAD4       381       1     381     382     446     445
CQUAD4       382       1     382     383     447     446
CQUAD4       383       1     383     384     448     447
CQUAD4       384       1     384     321     385     448
CQUAD4       385       1     385     386     450     449
CQUAD4       386       1     386     387     451     450
CQUAD4       387       1     387     388     452     451
CQUAD4       388       1     388     389     453     452
CQUAD4       389       1     389     390     454     453
CQUAD4       390       1     390     391     455     454
CQUAD4       391       1     391     392     456     455
CQUAD4       392       1     392     393     457     456
CQUAD4       393       1     393     394     458     457
CQUAD4       394       1     394     395     459     458
CQUAD4       395       1     395     396     460     459
CQUAD4       396       1     396     397     461     460
CQUAD4       397       1     397     398     462     461
CQUAD4       398       1     398     399     463     462
CQUAD4       399       1     399     400     464     463
CQUAD4       400       1     400     401     465     464
CQUAD4       401       1     401     402     466     465
CQUAD4       402       1     402     403     467     466
CQUAD4       403       1     403     404     468     467
CQUAD4       404       1     404     405     469     468
CQUAD4       405       1     405     406     470     469
CQUAD4       406       1     406     407     471     470
CQUAD4       407       1     407     408     472     471
CQUAD4       408       1     408     409     473     472
CQUAD4       409       1     409     410     474     473
CQUAD4       410       1     410     411     475     474
CQUAD4       411       1     411     412     476     475
CQUAD4       412       1     412     413     477     476
CQUAD4       413       1     413     414     478     477
CQUAD4       414       1     414     415     479     478
CQUAD4       415       1     415     416     480     479
CQUAD4       416       1     416     417     481     480
CQUAD4       417       1     417     418     482     481
CQUAD4       418       1     418     419     483     482
CQUAD4       419       1     419     420     484     483
CQUAD4       420       1     420     421     485     484
CQUAD4       421       1     421     422     486     485
CQUAD4       422       1     422     423     487     486
CQUAD4       423       1     423     424     488     487
CQUAD4       424       1     424     425     489     488
CQUAD4       425       1     425     426     490     489
CQUAD4       426       1     426     427     491     490
CQUAD4       427       1     427     428     492     491
CQUAD4       428       1     428     429     493     492
CQUAD4       429       1     429     430     494     493
CQUAD4       430       1     430     431     495     494
CQUAD4       431       1     431     432     496     495
CQUAD4       432       1     432     433     497     496
CQUAD4       433       1     433     434     498     497
CQUAD4       434       1     434     435     499     498
CQUAD4       435       1     435     436     500     499
CQUAD4       436       1     436     437     501     500
CQUAD4       437       1     437     438     502     501
CQUAD4       438       1     438     439     503     502
CQUAD4       439       1     439     440     504     503
CQUAD4       440       1     440     441     505     504
CQUAD4       441       1     441     442     506     505
CQUAD4       442       1     442     443     507     506
CQUAD4       443       1     443     444     508     507
CQUAD4       444       1     444     445     509     508
CQUAD4       445       1     445     446     510     509
CQUAD4       446       1     446     447     511     510
CQUAD4       447       1     447     448     512     511
CQUAD4       448       1     448     385     449     512
CQUAD4       449       1     449     450     514     513
CQUAD4       450       1     450     451     515     514
CQUAD4       451       1     451     452     516     515
CQUAD4       452       1     452     453     517     516
CQUAD4       453       1     453     454     518     517
CQUAD4       454       1     454     455     519     518
CQUAD4       455       1     455     456     520     519
CQUAD4       456       1     456     457     521     520
CQUAD4       457       1     457     458     522     521
CQUAD4       458       1     458     459     523     522
CQUAD4       459       1     459     460     524     523
CQUAD4       460       1     460     461     525     524
CQUAD4       461       1     461     462     526     525
CQUAD4       462       1     462     463     527     526
CQUAD4       463       1     463     464     528     527
CQUAD4       464       1     464     465     529     528
CQUAD4       465       1     465     466     530     529
CQUAD4       466       1     466     467     531     530
CQUAD4       467       1     467     468     532     531
CQUAD4       468       1     468     469     533     532
CQUAD4       469       1     469     470     534     533
CQUAD4       470       1     470     471     535     534
CQUAD4       471       1     471     472     536     535
CQUAD4       472       1     472     473     537     536
CQUAD4       473       1     473     474     538     537
CQUAD4       474       1     474     475     539     538
CQUAD4       475       1     475     476     540     539
CQUAD4       476       1     476     477     541     540
CQUAD4       477       1     477     478     542     541
CQUAD4       478       1     478     479     543     542
CQUAD4       479       1     479     480     544     543
CQUAD4       480       1     480     481     545     544
CQUAD4       481       1     481     482     546     545
CQUAD4       482       1     482     483     547     546
CQUAD4       483       1     483     484     548     547
CQUAD4       484       1     484     485     549     548
CQUAD4       485       1     485     486     550     549
CQUAD4       486       1     486     487     551     550
CQUAD4       487       1     487     488     552     551
CQUAD4       488       1     488     489     553     552
CQUAD4       489       1     489     490     554     553
CQUAD4       490       1     490     491     555     554
CQUAD4       491       1     491     492     556     555
CQUAD4       492       1     492     493     557     556
CQUAD4       493       1     493     494     558     557
CQUAD4       494       1     494     495     559     558
CQUAD4       495       1     495     496     560     559
CQUAD4       496       1     496     497     561     560
CQUAD4       497       1     497     498     562     561
CQUAD4       498       1     498     499     563     562
CQUAD4       499       1     499     500     564     563
CQUAD4       500       1     500     501     565     564
CQUAD4       501       1     501     502     566     565
CQUAD4       502       1     502     503     567     566
CQUAD4       503       1     503     504     568     567
CQUAD4       504       1     504     505     569     568
CQUAD4       505       1     505     506     570     569
CQUAD4       506       1     506     507     571     570
CQUAD4       507       1     507     508     572     571
CQUAD4       508       1     508     509     573     572
CQUAD4       509       1     509     510     574     573
CQUAD4       510       1     510     511     575     574
CQUAD4       511       1     511     512     576     575
CQUAD4       512       1     512     449     513     576
CQUAD4       513       1     513     514     578     577
CQUAD4       514       1     514     515     579     578
CQUAD4       515       1     515     516     580     579
CQUAD4       516       1     516     517     581     580
CQUAD4       517       1     517     518     582     581
CQUAD4       518       1     518     519     583     582
CQUAD4       519       1     519     520     584     583
CQUAD4       520       1     520     521     585     584
CQUAD4       521       1     521     522     586     585
CQUAD4       522       1     522     523     587     586
CQUAD4       523       1     523     524     588     587
CQUAD4       524       1     524     525     589     588
CQUAD4       525       1     525     526     590     589
CQUAD4       526       1     526     527     591     590
CQUAD4       527       1     527     528     592     591
CQUAD4       528       1     528     529     593     592
CQUAD4       529       1     529     530     594     593
CQUAD4       530       1     530     531     595     594
CQUAD4       531       1     531     532     596     595
CQUAD4       532       1     532     533     597     596
CQUAD4       533       1     533     534     598     597
CQUAD4       534       1     534     535     599     598
CQUAD4       535       1     535     536     600     599
CQUAD4       536       1     536     537     601     600
CQUAD4       537       1     537     538     602     601
CQUAD4       538       1     538     539     603     602
CQUAD4       539       1     539     540     604     603
CQUAD4       540       1     540     541     605     604
CQUAD4       541       1     541     542     606     605
CQUAD4       542       1     542     543     607     606
CQUAD4       543       1     543     544     608     607
CQUAD4       544       1     544     545     609     608
CQUAD4       545       1     545     546     610     609
CQUAD4       546       1     546     547     611     610
CQUAD4       547       1     547     548     612     611
CQUAD4       548       1     548     549     613     612
CQUAD4       549       1     549     550     614     613
CQUAD4       550       1     550     551     615     614
CQUAD4       551       1     551     552     616     615
CQUAD4       552       1     552     553     617     616
CQUAD4       553       1     553     554     618     617
CQUAD4       554       1     554     555     619     618
CQUAD4       555       1     555     556     620     619
CQUAD4       556       1     556     557     621     620
CQUAD4       557       1     557     558     622     621
CQUAD4       558       1     558     559     623     622
CQUAD4       559       1     559     560     624     623
CQUAD4       560       1     560     561     625     624
CQUAD4       561       1     561     562     626     625
CQUAD4       562       1     562     563     627     626
CQUAD4       563       1     563     564     628     627
CQUAD4       564       1     564     565     629     628
CQUAD4       565       1     565     566     630     629
CQUAD4       566       1     566     567     631     630
CQUAD4       567       1     567     568     632     631
CQUAD4       568       1     568     569     633     632
CQUAD4       569       1     569     570     634     633
CQUAD4       570       1     570     571     635     634
CQUAD4       571       1     571     572     636     635
CQUAD4       572       1     572     573     637     636
CQUAD4       573       1     573     574     638     637
CQUAD4       574       1     574     575     639     638
CQUAD4       575       1     575     576     640     639
CQUAD4       576       1     576     513     577     640
CQUAD4       577       1     577     578     642     641
CQUAD4       578       1     578     579     643     642
CQUAD4       579       1     579     580     644     643
CQUAD4       580       1     580     581     645     644
CQUAD4       581       1     581     582     646     645
CQUAD4       582       1     582     583     647     646
CQUAD4       583       1     583     584     648     647
CQUAD4       584       1     584     585     649     648
CQUAD4       585       1     585     586     650     649
CQUAD4       586       1     586     587     651     650
CQUAD4       587       1     587     588     652     651
CQUAD4       588       1     588     589     653     652
CQUAD4       589       1     589     590     654     653
CQUAD4       590       1     590     591     655     654
CQUAD4       591       1     591     592     656     655
CQUAD4       592       1     592     593     657     656
CQUAD4       593       1     593     594     658     657
CQUAD4       594       1     594     595     659     658
CQUAD4       595       1     595     596     660     659
CQUAD4       596       1     596     597     661     660
CQUAD4       597       1     597     598     662     661
CQUAD4       598       1     598     599     663     662
CQUAD4       599       1     599     600     664     663
CQUAD4       600       1     600     601     665     664
CQUAD4       601       1     601     602     666     665
CQUAD4       602       1     602     603     667     666
CQUAD4       603       1     603     604     668     667
CQUAD4       604       1     604     605     669     668
CQUAD4       605       1     605     606     670     669
CQUAD4       606       1     606     607     671     670
CQUAD4       607       1     607     608     672     671
CQUAD4       608       1     608     609     673     672
CQUAD4       609       1     609     610     674     673
CQUAD4       610       1     610     611     675     674
CQUAD4       611       1     611     612     676     675
CQUAD4       612       1     612     613     677     676
CQUAD4       613       1     613     614     678     677
CQUAD4       614       1     614     615     679     678
CQUAD4       615       1     615     616     680     679
CQUAD4       616       1     616     617     681     680
CQUAD4       617       1     617     618     682     681
CQUAD4       618       1     618     619     683     682
CQUAD4       619       1     619     620     684     683
CQUAD4       620       1     620     621     685     684
CQUAD4       621       1     621     622     686     685
CQUAD4       622       1     622     623     687     686
CQUAD4       623       1     623     624     688     687
CQUAD4       624       1     624     625     689     688
CQUAD4       625       1     625     626     690     689
CQUAD4       626       1     626     627     691     690
CQUAD4       627       1     627     628     692     691
CQUAD4       628       1     628     629     693     692
CQUAD4       629       1     629     630     694     693
CQUAD4       630       1     630     631     695     694
CQUAD4       631       1     631     632     696     695
CQUAD4       632       1     632     633     697     696
CQUAD4       633       1     633     634     698     697
CQUAD4       634       1     634     635     699     698
CQUAD4       635       1     635     636     700     699
CQUAD4       636       1     636     637     701     700
CQUAD4       637       1     637     638     702     701
CQUAD4       638       1     638     639     703     702
CQUAD4       639       1     639     640     704     703
CQUAD4       640       1     640     577     641     704
CQUAD4       641       1     641     642     706     705
CQUAD4       642       1     642     643     707     706
CQUAD4       643       1     643     644     708     707
CQUAD4       644       1     644     645     709     708
CQUAD4       645       1     645     646     710     709
CQUAD4       646       1     646     647     711     710
CQUAD4       647       1     647     648     712     711
CQUAD4       648       1     648     649     713     712
CQUAD4       649       1     649     650     714     713
CQUAD4       650       1     650     651     715     714
CQUAD4       651       1     651     652     716     715
CQUAD4       652       1     652     653     717     716
CQUAD4       653       1     653     654     718     717
CQUAD4       654       1     654     655     719     718
CQUAD4       655       1     655     656     720     719
CQUAD4       656       1     656     657     721     720
CQUAD4       657       1     657     658     722     721
CQUAD4       658       1     658     659     723     722
CQUAD4       659       1     659     660     724     723
CQUAD4       660       1     660     661     725     724
CQUAD4       661       1     661     662     726     725
CQUAD4       662       1     662     663     727     726
CQUAD4       663       1     663     664     728     727
CQUAD4       664       1     664     665     729     728
CQUAD4       665       1     665     666     730     729
CQUAD4       666       1     666     667     731     730
CQUAD4       667       1     667     668     732     731
CQUAD4       668       1     668     669     733     732
CQUAD4       669       1     669     670     734     733
CQUAD4       670       1     670     671     735     734
CQUAD4       671       1     671     672     736     735
CQUAD4       672       1     672     673     737     736
CQUAD4       673       1     673     674     738     737
CQUAD4       674       1     674     675     739     738
CQUAD4       675       1     675     676     740     739
CQUAD4       676       1     676     677     741     740
CQUAD4       677       1     677     678     742     741
CQUAD4       678       1     678     679     743     742
CQUAD4       679       1     679     680     744     743
CQUAD4       680       1     680     681     745     744
CQUAD4       681       1     681     682     746     745
CQUAD4       682       1     682     683     747     746
CQUAD4       683       1     683     684     748     747
CQUAD4       684       1     684     685     749     748
CQUAD4       685       1     685     686     750     749
CQUAD4       686       1     686     687     751     750
CQUAD4       687       1     687     688     752     751
CQUAD4       688       1     688     689     753     752
CQUAD4       689       1     689     690     754     753
CQUAD4       690       1     690     691     755     754
CQUAD4       691       1     691     692     756     755
CQUAD4       692       1     692     693     757     756
CQUAD4       693       1     693     694     758     757
CQUAD4       694       1     694     695     759     758
CQUAD4       695       1     695     696     760     759
CQUAD4       696       1     696     697     761     760
CQUAD4       697       1     697     698     762     761
CQUAD4       698       1     698     699     763     762
CQUAD4       699       1     699     700     764     763
CQUAD4       700       1     700     701     765     764
CQUAD4       701       1     701     702     766     765
CQUAD4       702       1     702     703     767     766
CQUAD4       703       1     703     704     768     767
CQUAD4       704       1     704     641     705     768
CQUAD4       705       1     705     706     770     769
CQUAD4       706       1     706     707     771     770
CQUAD4       707       1     707     708     772     771
CQUAD4       708       1     708     709     773     772
CQUAD4       709       1     709     710     774     773
CQUAD4       710       1     710     711     775     774
CQUAD4       711       1     711     712     776     775
CQUAD4       712       1     712     713     777     776
CQUAD4       713       1     713     714     778     777
CQUAD4       714       1     714     715     779     778
CQUAD4       715       1     715     716     780     779
CQUAD4       716       1     716     717     781     780
CQUAD4       717       1     717     718     782     781
CQUAD4       718       1     718     719     783     782
CQUAD4       719       1     719     720     784     783
CQUAD4       720       1     720     721     785     784
CQUAD4       721       1     721     722     786     785
CQUAD4       722       1     722     723     787     786
CQUAD4       723       1     723     724     788     787
CQUAD4       724       1     724     725     789     788
CQUAD4       725       1     725     726     790     789
CQUAD4       726       1     726     727     791     790
CQUAD4       727       1     727     728     792     791
CQUAD4       728       1     728     729     793     792
CQUAD4       729       1     729     730     794     793
CQUAD4       730       1     730     731     795     794
CQUAD4       731       1     731     732     796     795
CQUAD4       732       1     732     733     797     796
CQUAD4       733       1     733     734     798     797
CQUAD4       734       1     734     735     799     798
CQUAD4       735       1     735     736     800     799
CQUAD4       736       1     736     737     801     800
CQUAD4       737       1     737     738     802     801
CQUAD4       738       1     738     739     803     802
CQUAD4       739       1     739     740     804     803
CQUAD4       740       1     740     741     805     804
CQUAD4       741       1     741     742     806     805
CQUAD4       742       1     742     743     807     806
CQUAD4       743       1     743     744     808     807
CQUAD4       744       1     744     745     809     808
CQUAD4       745       1     745     746     810     809
CQUAD4       746       1     746     747     811     810
CQUAD4       747       1     747     748     812     811
CQUAD4       748       1     748     749     813     812
CQUAD4       749       1     749     750     814     813
CQUAD4       750       1     750     751     815     814
CQUAD4       751       1     751     752     816     815
CQUAD4       752       1     752     753     817     816
CQUAD4       753       1     753     754     818     817
CQUAD4       754       1     754     755     819     818
CQUAD4       755       1     755     756     820     819
CQUAD4       756       1     756     757     821     820
CQUAD4       757       1     757     758     822     821
CQUAD4       758       1     758     759     823     822
CQUAD4       759       1     759     760     824     823
CQUAD4       760       1     760     761     825     824
CQUAD4       761       1     761     762     826     825
CQUAD4       762       1     762     763     827     826
CQUAD4       763       1     763     764     828     827
CQUAD4       764       1     764     765     829     828
CQUAD4       765       1     765     766     830     829
CQUAD4       766       1     766     767     831     830
CQUAD4       767       1     767     768     832     831
CQUAD4       768       1     768     705     769     832
CQUAD4       769       1     769     770     834     833
CQUAD4       770       1     770     771     835     834
CQUAD4       771       1     771     772     836     835
CQUAD4       772       1     772     773     837     836
CQUAD4       773       1     773     774     838     837
CQUAD4       774       1     774     775     839     838
CQUAD4       775       1     775     776     840     839
CQUAD4       776       1     776     777     841     840
CQUAD4       777       1     777     778     842     841
CQUAD4       778       1     778     779     843     842
CQUAD4       779       1     779     780     844     843
CQUAD4       780       1     780     781     845     844
CQUAD4       781       1     781     782     846     845
CQUAD4       782       1     782     783     847     846
CQUAD4       783       1     783     784     848     847
CQUAD4       784       1     784     785     849     848
CQUAD4       785       1     785     786     850     849
CQUAD4       786       1     786     787     851     850
CQUAD4       787       1     787     788     852     851
CQUAD4       788       1     788     789     853     852
CQUAD4       789       1     789     790     854     853
CQUAD4       790       1     790     791     855     854
CQUAD4       791       1     791     792     856     855
CQUAD4       792       1     792     793     857     856
CQUAD4       793       1     793     794     858     857
CQUAD4       794       1     794     795     859     858
CQUAD4       795       1     795     796     860     859
CQUAD4       796       1     796     797     861     860
CQUAD4       797       1     797     798     862     861
CQUAD4       798       1     798     799     863     862
CQUAD4       799       1     799     800     864     863
CQUAD4       800       1     800     801     865     864
CQUAD4       801       1     801     802     866     865
CQUAD4       802       1     802     803     867     866
CQUAD4       803       1     803     804     868     867
CQUAD4       804       1     804     805     869     868
CQUAD4       805       1     805     806     870     869
CQUAD4       806       1     806     807     871     870
CQUAD4       807       1     807     808     872     871
CQUAD4       808       1     808     809     873     872
CQUAD4       809       1     809     810     874     873
CQUAD4       810       1     810     811     875     874
CQUAD4       811       1     811     812     876     875
CQUAD4       812       1     812     813     877     876
CQUAD4       813       1     813     814     878     877
CQUAD4       814       1     814     815     879     878
CQUAD4       815       1     815     816     880     879
CQUAD4       816       1     816     817     881     880
CQUAD4       817       1     817     818     882     881
CQUAD4       818       1     818     819     883     882
CQUAD4       819       1     819     820     884     883
CQUAD4       820       1     820     821     885     884
CQUAD4       821       1     821     822     886     885
CQUAD4       822       1     822     823     887     886
CQUAD4       823       1     823     824     888     887
CQUAD4       824       1     824     825     889     888
CQUAD4       825       1     825     826     890     889
CQUAD4       826       1     826     827     891     890
CQUAD4       827       1     827     828     892     891
CQUAD4       828       1     828     829     893     892
CQUAD4       829       1     829     830     894     893
CQUAD4       830       1     830     831     895     894
CQUAD4       831       1     831     832     896     895
CQUAD4       832       1     832     769     833     896
CQUAD4       833       1     833     834     898     897
CQUAD4       834       1     834     835     899     898
CQUAD4       835       1     835     836     900     899
CQUAD4       836       1     836     837     901     900
CQUAD4       837       1     837     838     902     901
CQUAD4       838       1     838     839     903     902
CQUAD4       839       1     839     840     904     903
CQUAD4       840       1     840     841     905     904
CQUAD4       841       1     841     842     906     905
CQUAD4       842       1     842     843     907     906
CQUAD4       843       1     843     844     908     907
CQUAD4       844       1     844     845     909     908
CQUAD4       845       1     845     846     910     909
CQUAD4       846       1     846     847     911     910
CQUAD4       847       1     847     848     912     911
CQUAD4       848       1     848     849     913     912
CQUAD4       849       1     849     850     914     913
CQUAD4       850       1     850     851     915     914
CQUAD4       851       1     851     852     916     915
CQUAD4       852       1     852     853     917     916
CQUAD4       853       1     853     854     918     917
CQUAD4       854       1     854     855     919     918
CQUAD4       855       1     855     856     920     919
CQUAD4       856       1     856     857     921     920
CQUAD4       857       1     857     858     922     921
CQUAD4       858       1     858     859     923     922
CQUAD4       859       1     859     860     924     923
CQUAD4       860       1     860     861     925     924
CQUAD4       861       1     861     862     926     925
CQUAD4       862       1     862     863     927     926
CQUAD4       863       1     863     864     928     927
CQUAD4       864       1     864     865     929     928
CQUAD4       865       1     865     866     930     929
CQUAD4       866       1     866     867     931     930
CQUAD4       867       1     867     868     932     931
CQUAD4       868       1     868     869     933     932
CQUAD4       869       1     869     870     934     933
CQUAD4       870       1     870     871     935     934
CQUAD4       871       1     871     872     936     935
CQUAD4       872       1     872     873     937     936
CQUAD4       873       1     873     874     938     937
CQUAD4       874       1     874     875     939     938
CQUAD4       875       1     875     876     940     939
CQUAD4       876       1     876     877     941     940
CQUAD4       877       1     877     878     942     941
CQUAD4       878       1     878     879     943     942
CQUAD4       879       1     879     880     944     943
CQUAD4       880       1     880     881     945     944
CQUAD4       881       1     881     882     946     945
CQUAD4       882       1     882     883     947     946
CQUAD4       883       1     883     884     948     947
CQUAD4       884       1     884     885     949     948
CQUAD4       885       1     885     886     950     949
CQUAD4       886       1     886     887     951     950
CQUAD4       887       1     887     888     952     951
CQUAD4       888       1     888     889     953     952
CQUAD4       889       1     889     890     954     953
CQUAD4       890       1     890     891     955     954
CQUAD4       891       1     891     892     956     955
CQUAD4       892       1     892     893     957     956
CQUAD4       893       1     893     894     958     957
CQUAD4       894       1     894     895     959     958
CQUAD4       895       1     895     896     960     959
CQUAD4       896       1     896     833     897     960
CQUAD4       897       1     897     898     962     961
CQUAD4       898       1     898     899     963     962
CQUAD4       899       1     899     900     964     963
CQUAD4       900       1     900     901     965     964
CQUAD4       901       1     901     902     966     965
CQUAD4       902       1     902     903     967     966
CQUAD4       903       1     903     904     968     967
CQUAD4       904       1     904     905     969     968
CQUAD4       905       1     905     906     970     969
CQUAD4       906       1     906     907     971     970
CQUAD4       907       1     907     908     972     971
CQUAD4       908       1     908     909     973     972
CQUAD4       909       1     909     910     974     973
CQUAD4       910       1     910     911     975     974
CQUAD4       911       1     911     912     976     975
CQUAD4       912       1     912     913     977     976
CQUAD4       913       1     913     914     978     977
CQUAD4       914       1     914     915     979     978
CQUAD4       915       1     915     916     980     979
CQUAD4       916       1     916     917     981     980
CQUAD4       917       1     917     918     982     981
CQUAD4       918       1     918     919     983     982
CQUAD4       919       1     919     920     984     983
CQUAD4       920       1     920     921     985     984
CQUAD4       921       1     921     922     986     985
CQUAD4       922       1     922     923     987     986
CQUAD4       923       1     923     924     988     987
CQUAD4       924       1     924     925     989     988
CQUAD4       925       1     925     926     990     989
CQUAD4       926       1     926     927     991     990
CQUAD4       927       1     927     928     992     991
CQUAD4       928       1     928     929     993     992
CQUAD4       929       1     929     930     994     993
CQUAD4       930       1     930     931     995     994
CQUAD4       931       1     931     932     996     995
CQUAD4       932       1     932     933     997     996
CQUAD4       933       1     933     934     998     997
CQUAD4       934       1     934     935     999     998
CQUAD4       935       1     935     936    1000     999
CQUAD4       936       1     936     937    1001    1000
CQUAD4       937       1     937     938    1002    1001
CQUAD4       938       1     938     939    1003    1002
CQUAD4       939       1     939     940    1004    1003
CQUAD4       940       1     940     941    1005    1004
CQUAD4       941       1     941     942    1006    1005
CQUAD4       942       1     942     943    1007    1006
CQUAD4       943       1     943     944    1008    1007
CQUAD4       944       1     944     945    1009    1008
CQUAD4       945       1     945     946    1010    1009
CQUAD4       946       1     946     947    1011    1010
CQUAD4       947       1     947     948    1012    1011
CQUAD4       948       1     948     949    1013    1012
CQUAD4       949       1     949     950    1014    1013
CQUAD4       950       1     950     951    1015    1014
CQUAD4       951       1     951     952    1016    1015
CQUAD4       952       1     952     953    1017    1016
CQUAD4       953       1     953     954    1018    1017
CQUAD4       954       1     954     955    1019    1018
CQUAD4       955       1     955     956    1020    1019
CQUAD4       956       1     956     957    1021    1020
CQUAD4       957       1     957     958    1022    1021
CQUAD4       958       1     958     959    1023    1022
CQUAD4       959       1     959     960    1024    1023
CQUAD4       960       1     960     897     961    1024
CQUAD4       961       1    1025    1026    1090    1089
CQUAD4       962       1    1026    1027    1091    1090
CQUAD4       963       1    1027    1028    1092    1091
CQUAD4       964       1    1028    1029    1093    1092
CQUAD4       965       1    1029    1030    1094    1093
CQUAD4       966       1    1030    1031    1095    1094
CQUAD4       967       1    1031    1032    1096    1095
CQUAD4       968       1    1032    1033    1097    1096
CQUAD4       969       1    1033    1034    1098    1097
CQUAD4       970       1    1034    1035    1099    1098
CQUAD4       971       1    1035    1036    1100    1099
CQUAD4       972       1    1036    1037    1101    1100
CQUAD4       973       1    1037    1038    1102    1101
CQUAD4       974       1    1038    1039    1103    1102
CQUAD4       975       1    1039    1040    1104    1103
CQUAD4       976       1    1040    1041    1105    1104
CQUAD4       977       1    1041    1042    1106    1105
CQUAD4       978       1    1042    1043    1107    1106
CQUAD4       979       1    1043    1044    1108    1107
CQUAD4       980       1    1044    1045    1109    1108
CQUAD4       981       1    1045    1046    1110    1109
CQUAD4       982       1    1046    1047    1111    1110
CQUAD4       983       1    1047    1048    1112    1111
CQUAD4       984       1    1048    1049    1113    1112
CQUAD4       985       1    1049    1050    1114    1113
CQUAD4       986       1    1050    1051    1115    1114
CQUAD4       987       1    1051    1052    1116    1115
CQUAD4       988       1    1052    1053    1117    1116
CQUAD4       989       1    1053    1054    1118    1117
CQUAD4       990       1    1054    1055    1119    1118
CQUAD4       991       1    1055    1056    1120    1119
CQUAD4       992       1    1056    1057    1121    1120
CQUAD4       993       1    1057    1058    1122    1121
CQUAD4       994       1    1058    1059    1123    1122
CQUAD4       995       1    1059    1060    1124    1123
CQUAD4       996       1    1060    1061    1125    1124
CQUAD4       997       1    1061    1062    1126    1125
CQUAD4       998       1    1062    1063    1127    1126
CQUAD4       999       1    1063    1064    1128    1127
CQUAD4      1000       1    1064    1065    1129    1128
CQUAD4      1001       1    1065    1066    1130    1129
CQUAD4      1002       1    1066    1067    1131    1130
CQUAD4      1003       1    1067    1068    1132    1131
CQUAD4      1004       1    1068    1069    1133    1132
CQUAD4      1005       1    1069    1070    1134    1133
CQUAD4      1006       1    1070    1071    1135    1134
CQUAD4      1007       1    1071    1072    1136    1135
CQUAD4      1008       1    1072    1073    1137    1136
CQUAD4      1009       1    1073    1074    1138    1137
CQUAD4      1010       1    1074    1075    1139    1138
CQUAD4      1011       1    1075    1076    1140    1139
CQUAD4      1012       1    1076    1077    1141    1140
CQUAD4      1013       1    1077    1078    1142    1141
CQUAD4      1014       1    1078    1079    1143    1142
CQUAD4      1015       1    1079    1080    1144    1143
CQUAD4      1016       1    1080    1081    1145    1144
CQUAD4      1017       1    1081    1082    1146    1145
CQUAD4      1018       1    1082    1083    1147    1146
CQUAD4      1019       1    1083    1084    1148    1147
CQUAD4      1020       1    1084    1085    1149    1148
CQUAD4      1021       1    1085    1086    1150    1149
CQUAD4      1022       1    1086    1087    1151    1150
CQUAD4      1023       1    1087    1088    1152    1151
CQUAD4      1024       1    1088    1025    1089    1152
CQUAD4      1025       1    1089    1090    1154    1153
CQUAD4      1026       1    1090    1091    1155    1154
CQUAD4      1027       1    1091    1092    1156    1155
CQUAD4      1028       1    1092    1093    1157    1156
CQUAD4      1029       1    1093    1094    1158    1157
CQUAD4      1030       1    1094    1095    1159    1158
CQUAD4      1031       1    1095    1096    1160    1159
CQUAD4      1032       1    1096    1097    1161    1160
CQUAD4      1033       1    1097    1098    1162    1161
CQUAD4      1034       1    1098    1099    1163    1162
CQUAD4      1035       1    1099    1100    1164    1163
CQUAD4      1036       1    1100    1101    1165    1164
CQUAD4      1037       1    1101    1102    1166    1165
CQUAD4      1038       1    1102    1103    1167    1166
CQUAD4      1039       1    1103    1104    1168    1167
CQUAD4      1040       1    1104    1105    1169    1168
CQUAD4      1041       1    1105    1106    1170    1169
CQUAD4      1042       1    1106    1107    1171    1170
CQUAD4      1043       1    1107    1108    1172    1171
CQUAD4      1044       1    1108    1109    1173    1172
CQUAD4      1045       1    1109    1110    1174    1173
CQUAD4      1046       1    1110    1111    1175    1174
CQUAD4      1047       1    1111    1112    1176    1175
CQUAD4      1048       1    1112    1113    1177    1176
CQUAD4      1049       1    1113    1114    1178    1177
CQUAD4      1050       1    1114    1115    1179    1178
CQUAD4      1051       1    1115    1116    1180    1179
CQUAD4      1052       1    1116    1117    1181    1180
CQUAD4      1053       1    1117    1118    1182    1181
CQUAD4      1054       1    1118    1119    1183    1182
CQUAD4      1055       1    1119    1120    1184    1183
CQUAD4      1056       1    1120    1121    1185    1184
CQUAD4      1057       1    1121    1122    1186    1185
CQUAD4      1058       1    1122    1123    1187    1186
CQUAD4      1059       1    1123    1124    1188    1187
CQUAD4      1060       1    1124    1125    1189    1188
CQUAD4      1061       1    1125    1126    1190    1189
CQUAD4      1062       1    1126    1127    1191    1190
CQUAD4      1063       1    1127    1128    1192    1191
CQUAD4      1064       1    1128    1129    1193    1192
CQUAD4      1065       1    1129    1130    1194    1193
CQUAD4      1066       1    1130    1131    1195    1194
CQUAD4      1067       1    1131    1132    1196    1195
CQUAD4      1068       1    1132    1133    1197    1196
CQUAD4      1069       1    1133    1134    1198    1197
CQUAD4      1070       1    1134    1135    1199    1198
CQUAD4      1071       1    1135    1136    1200    1199
CQUAD4      1072       1    1136    1137    1201    1200
CQUAD4      1073       1    1137    1138    1202    1201
CQUAD4      1074       1    1138    1139    1203    1202
CQUAD4      1075       1    1139    1140    1204    1203
CQUAD4      1076       1    1140    1141    1205    1204
CQUAD4      1077       1    1141    1142    1206    1205
CQUAD4      1078       1    1142    1143    1207    1206
CQUAD4      1079       1    1143    1144    1208    1207
CQUAD4      1080       1    1144    1145    1209    1208
CQUAD4      1081       1    1145    1146    1210    1209
CQUAD4      1082       1    1146    1147    1211    1210
CQUAD4      1083       1    1147    1148    1212    1211
CQUAD4      1084       1    1148    1149    1213    1212
CQUAD4      1085       1    1149    1150    1214    1213
CQUAD4      1086       1    1150    1151    1215    1214
CQUAD4      1087       1    1151    1152    1216    1215
CQUAD4      1088       1    1152    1089    1153    1216
CQUAD4      1089       1    1153    1154    1218    1217
CQUAD4      1090       1    1154    1155    1219    1218
CQUAD4      1091       1    1155    1156    1220    1219
CQUAD4      1092       1    1156    1157    1221    1220
CQUAD4      1093       1    1157    1158    1222    1221
CQUAD4      1094       1    1158    1159    1223    1222
CQUAD4      1095       1    1159    1160    1224    1223
CQUAD4      1096       1    1160    1161    1225    1224
CQUAD4      1097       1    1161    1162    1226    1225
CQUAD4      1098       1    1162    1163    1227    1226
CQUAD4      1099       1    1163    1164    1228    1227
CQUAD4      1100       1    1164    1165    1229    1228
CQUAD4      1101       1    1165    1166    1230    1229
CQUAD4      1102       1    1166    1167    1231    1230
CQUAD4      1103       1    1167    1168    1232    1231
CQUAD4      1104       1    1168    1169    1233    1232
CQUAD4      1105       1    1169    1170    1234    1233
CQUAD4      1106       1    1170    1171    1235    1234
CQUAD4      1107       1    1171    1172    1236    1235
CQUAD4      1108       1    1172    1173    1237    1236
CQUAD4      1109       1    1173    1174    1238    1237
CQUAD4      1110       1    1174    1175    1239    1238
CQUAD4      1111       1    1175    1176    1240    1239
CQUAD4      1112       1    1176    1177    1241    1240
CQUAD4      1113       1    1177    1178    1242    1241
CQUAD4      1114       1    1178    1179    1243    1242
CQUAD4      1115       1    1179    1180    1244    1243
CQUAD4      1116       1    1180    1181    1245    1244
CQUAD4      1117       1    1181    1182    1246    1245
CQUAD4      1118       1    1182    1183    1247    1246
CQUAD4      1119       1    1183    1184    1248    1247
CQUAD4      1120       1    1184    1185    1249    1248
CQUAD4      1121       1    1185    1186    1250    1249
CQUAD4      1122       1    1186    1187    1251    1250
CQUAD4      1123       1    1187    1188    1252    1251
CQUAD4      1124       1    1188    1189    1253    1252
CQUAD4      1125       1    1189    1190    1254    1253
CQUAD4      1126       1    1190    1191    1255    1254
CQUAD4      1127       1    1191    1192    1256    1255
CQUAD4      1128       1    1192    1193    1257    1256
CQUAD4      1129       1    1193    1194    1258    1257
CQUAD4      1130       1    1194    1195    1259    1258
CQUAD4      1131       1    1195    1196    1260    1259
CQUAD4      1132       1    1196    1197    1261    1260
CQUAD4      1133       1    1197    1198    1262    1261
CQUAD4      1134       1    1198    1199    1263    1262
CQUAD4      1135       1    1199    1200    1264    1263
CQUAD4      1136       1    1200    1201    1265    1264
CQUAD4      1137       1    1201    1202    1266    1265
CQUAD4      1138       1    1202    1203    1267    1266
CQUAD4      1139       1    1203    1204    1268    1267
CQUAD4      1140       1    1204    1205    1269    1268
CQUAD4      1141       1    1205    1206    1270    1269
CQUAD4      1142       1    1206    1207    1271    1270
CQUAD4      1143       1    1207    1208    1272    1271
CQUAD4      1144       1    1208    1209    1273    1272
CQUAD4      1145       1    1209    1210    1274    1273
CQUAD4      1146       1    1210    1211    1275    1274
CQUAD4      1147       1    1211    1212    1276    1275
CQUAD4      1148       1    1212    1213    1277    1276
CQUAD4      1149       1    1213    1214    1278    1277
CQUAD4      1150       1    1214    1215    1279    1278
CQUAD4      1151       1    1215    1216    1280    1279
CQUAD4      1152       1    1216    1153    1217    1280
CQUAD4      1153       1    1217    1218    1282    1281
CQUAD4      1154       1    1218    1219    1283    1282
CQUAD4      1155       1    1219    1220    1284    1283
CQUAD4      1156       1    1220    1221    1285    1284
CQUAD4      1157       1    1221    1222    1286    1285
CQUAD4      1158       1    1222    1223    1287    1286
CQUAD4      1159       1    1223    1224    1288    1287
CQUAD4      1160       1    1224    1225    1289    1288
CQUAD4      1161       1    1225    1226    1290    1289
CQUAD4      1162       1    1226    1227    1291    1290
CQUAD4      1163       1    1227    1228    1292    1291
CQUAD4      1164       1    1228    1229    1293    1292
CQUAD4      1165       1    1229    1230    1294    1293
CQUAD4      1166       1    1230    1231    1295    1294
CQUAD4      1167       1    1231    1232    1296    1295
CQUAD4      1168       1    1232    1233    1297    1296
CQUAD4      1169       1    1233    1234    1298    1297
CQUAD4      1170       1    1234    1235    1299    1298
CQUAD4      1171       1    1235    1236    1300    1299
CQUAD4      1172       1    1236    1237    1301    1300
CQUAD4      1173       1    1237    1238    1302    1301
CQUAD4      1174       1    1238    1239    1303    1302
CQUAD4      1175       1    1239    1240    1304    1303
CQUAD4      1176       1    1240    1241    1305    1304
CQUAD4      1177       1    1241    1242    1306    1305
CQUAD4      1178       1    1242    1243    1307    1306
CQUAD4      1179       1    1243    1244    1308    1307
CQUAD4      1180       1    1244    1245    1309    1308
CQUAD4      1181       1    1245    1246    1310    1309
CQUAD4      1182       1    1246    1247    1311    1310
CQUAD4      1183       1    1247    1248    1312    1311
CQUAD4      1184       1    1248    1249    1313    1312
CQUAD4      1185       1    1249    1250    1314    1313
CQUAD4      1186       1    1250    1251    1315    1314
CQUAD4      1187       1    1251    1252    1316    1315
CQUAD4      1188       1    1252    1253    1317    1316
CQUAD4      1189       1    1253    1254    1318    1317
CQUAD4      1190       1    1254    1255    1319    1318
CQUAD4      1191       1    1255    1256    1320    1319
CQUAD4      1192       1    1256    1257    1321    1320
CQUAD4      1193       1    1257    1258    1322    1321
CQUAD4      1194       1    1258    1259    1323    1322
CQUAD4      1195       1    1259    1260    1324    1323
CQUAD4      1196       1    1260    1261    1325    1324
CQUAD4      1197       1    1261    1262    1326    1325
CQUAD4      1198       1    1262    1263    1327    1326
CQUAD4      1199       1    1263    1264    1328    1327
CQUAD4      1200       1    1264    1265    1329    1328
CQUAD4      1201       1    1265    1266    1330    1329
CQUAD4      1202       1    1266    1267    1331    1330
CQUAD4      1203       1    1267    1268    1332    1331
CQUAD4      1204       1    1268    1269    1333    1332
CQUAD4      1205       1    1269    1270    1334    1333
CQUAD4      1206       1    1270    1271    1335    1334
CQUAD4      1207       1    1271    1272    1336    1335
CQUAD4      1208       1    1272    1273    1337    1336
CQUAD4      1209       1    1273    1274    1338    1337
CQUAD4      1210       1    1274    1275    1339    1338
CQUAD4      1211       1    1275    1276    1340    1339
CQUAD4      1212       1    1276    1277    1341    1340
CQUAD4      1213       1    1277    1278    1342    1341
CQUAD4      1214       1    1278    1279    1343    1342
CQUAD4      1215       1    1279    1280    1344    1343
CQUAD4      1216       1    1280    1217    1281    1344
CQUAD4      1217       1    1281    1282    1346    1345
CQUAD4      1218       1    1282    1283    1347    1346
CQUAD4      1219       1    1283    1284    1348    1347
CQUAD4      1220       1    1284    1285    1349    1348
CQUAD4      1221       1    1285    1286    1350    1349
CQUAD4      1222       1    1286    1287    1351    1350
CQUAD4      1223       1    1287    1288    1352    1351
CQUAD4      1224       1    1288    1289    1353    1352
CQUAD4      1225       1    1289    1290    1354    1353
CQUAD4      1226       1    1290    1291    1355    1354
CQUAD4      1227       1    1291    1292    1356    1355
CQUAD4      1228       1    1292    1293    1357    1356
CQUAD4      1229       1    1293    1294    1358    1357
CQUAD4      1230       1    1294    1295    1359    1358
CQUAD4      1231       1    1295    1296    1360    1359
CQUAD4      1232       1    1296    1297    1361    1360
CQUAD4      1233       1    1297    1298    1362    1361
CQUAD4      1234       1    1298    1299    1363    1362
CQUAD4      1235       1    1299    1300    1364    1363
CQUAD4      1236       1    1300    1301    1365    1364
CQUAD4      1237       1    1301    1302    1366    1365
CQUAD4      1238       1    1302    1303    1367    1366
CQUAD4      1239       1    1303    1304    1368    1367
CQUAD4      1240       1    1304    1305    1369    1368
CQUAD4      1241       1    1305    1306    1370    1369
CQUAD4      1242       1    1306    1307    1371    1370
CQUAD4      1243       1    1307    1308    1372    1371
CQUAD4      1244       1    1308    1309    1373    1372
CQUAD4      1245       1    1309    1310    1374    1373
CQUAD4      1246       1    1310    1311    1375    1374
CQUAD4      1247       1    1311    1312    1376    1375
CQUAD4      1248       1    1312    1313    1377    1376
CQUAD4      1249       1    1313    1314    1378    1377
CQUAD4      1250       1    1314    1315    1379    1378
CQUAD4      1251       1    1315    1316    1380    1379
CQUAD4      1252       1    1316    1317    1381    1380
CQUAD4      1253       1    1317    1318    1382    1381
CQUAD4      1254       1    1318    1319    1383    1382
CQUAD4      1255       1    1319    1320    1384    1383
CQUAD4      1256       1    1320    1321    1385    1384
CQUAD4      1257       1    1321    1322    1386    1385
CQUAD4      1258       1    1322    1323    1387    1386
CQUAD4      1259       1    1323    1324    1388    1387
CQUAD4      1260       1    1324    1325    1389    1388
CQUAD4      1261       1    1325    1326    1390    1389
CQUAD4      1262       1    1326    1327    1391    1390
CQUAD4      1263       1    1327    1328    1392    1391
CQUAD4      1264       1    1328    1329    1393    1392
CQUAD4      1265       1    1329    1330    1394    1393
CQUAD4      1266       1    1330    1331    1395    1394
CQUAD4      1267       1    1331    1332    1396    1395
CQUAD4      1268       1    1332    1333    1397    1396
CQUAD4      1269       1    1333    1334    1398    1397
CQUAD4      1270       1    1334    1335    1399    1398
CQUAD4      1271       1    1335    1336    1400    1399
CQUAD4      1272       1    1336    1337    1401    1400
CQUAD4      1273       1    1337    1338    1402    1401
CQUAD4      1274       1    1338    1339    1403    1402
CQUAD4      1275       1    1339    1340    1404    1403
CQUAD4      1276       1    1340    1341    1405    1404
CQUAD4      1277       1    1341    1342    1406    1405
CQUAD4      1278       1    1342    1343    1407    1406
CQUAD4      1279       1    1343    1344    1408    1407
CQUAD4      1280       1    1344    1281    1345    1408
CQUAD4      1281       1    1345    1346    1410    1409
CQUAD4      1282       1    1346    1347    1411    1410
CQUAD4      1283       1    1347    1348    1412    1411
CQUAD4      1284       1    1348    1349    1413    1412
CQUAD4      1285       1    1349    1350    1414    1413
CQUAD4      1286       1    1350    1351    1415    1414
CQUAD4      1287       1    1351    1352    1416    1415
CQUAD4      1288       1    1352    1353    1417    1416
CQUAD4      1289       1    1353    1354    1418    1417
CQUAD4      1290       1    1354    1355    1419    1418
CQUAD4      1291       1    1355    1356    1420    1419
CQUAD4      1292       1    1356    1357    1421    1420
CQUAD4      1293       1    1357    1358    1422    1421
CQUAD4      1294       1    1358    1359    1423    1422
CQUAD4      1295       1    1359    1360    1424    1423
CQUAD4      1296       1    1360    1361    1425    1424
CQUAD4      1297       1    1361    1362    1426    1425
CQUAD4      1298       1    1362    1363    1427    1426
CQUAD4      1299       1    1363    1364    1428    1427
CQUAD4      1300       1    1364    1365    1429    1428
CQUAD4      1301       1    1365    1366    1430    1429
CQUAD4      1302       1    1366    1367    1431    1430
CQUAD4      1303       1    1367    1368    1432    1431
CQUAD4      1304       1    1368    1369    1433    1432
CQUAD4      1305       1    1369    1370    1434    1433
CQUAD4      1306       1    1370    1371    1435    1434
CQUAD4      1307       1    1371    1372    1436    1435
CQUAD4      1308       1    1372    1373    1437    1436
CQUAD4      1309       1    1373    1374    1438    1437
CQUAD4      1310       1    1374    1375    1439    1438
CQUAD4      1311       1    1375    1376    1440    1439
CQUAD4      1312       1    1376    1377    1441    1440
CQUAD4      1313       1    1377    1378    1442    1441
CQUAD4      1314       1    1378    1379    1443    1442
CQUAD4      1315       1    1379    1380    1444    1443
CQUAD4      1316       1    1380    1381    1445    1444
CQUAD4      1317       1    1381    1382    1446    1445
CQUAD4      1318       1    1382    1383    1447    1446
CQUAD4      1319       1    1383    1384    1448    1447
CQUAD4      1320       1    1384    1385    1449    1448
CQUAD4      1321       1    1385    1386    1450    1449
CQUAD4      1322       1    1386    1387    1451    1450
CQUAD4      1323       1    1387    1388    1452    1451
CQUAD4      1324       1    1388    1389    1453    1452
CQUAD4      1325       1    1389    1390    1454    1453
CQUAD4      1326       1    1390    1391    1455    1454
CQUAD4      1327       1    1391    1392    1456    1455
CQUAD4      1328       1    1392    1393    1457    1456
CQUAD4      1329       1    1393    1394    1458    1457
CQUAD4      1330       1    1394    1395    1459    1458
CQUAD4      1331       1    1395    1396    1460    1459
CQUAD4      1332       1    1396    1397    1461    1460
CQUAD4      1333       1    1397    1398    1462    1461
CQUAD4      1334       1    1398    1399    1463    1462
CQUAD4      1335       1    1399    1400    1464    1463
CQUAD4      1336       1    1400    1401    1465    1464
CQUAD4      1337       1    1401    1402    1466    1465
CQUAD4      1338       1    1402    1403    1467    1466
CQUAD4      1339       1    1403    1404    1468    1467
CQUAD4      1340       1    1404    1405    1469    1468
CQUAD4      1341       1    1405    1406    1470    1469
CQUAD4      1342       1    1406    1407    1471    1470
CQUAD4      1343       1    1407    1408    1472    1471
CQUAD4      1344       1    1408    1345    1409    1472
CQUAD4      1345       1    1409    1410    1474    1473
CQUAD4      1346       1    1410    1411    1475    1474
CQUAD4      1347       1    1411    1412    1476    1475
CQUAD4      1348       1    1412    1413    1477    1476
CQUAD4      1349       1    1413    1414    1478    1477
CQUAD4      1350       1    1414    1415    1479    1478
CQUAD4      1351       1    1415    1416    1480    1479
CQUAD4      1352       1    1416    1417    1481    1480
CQUAD4      1353       1    1417    1418    1482    1481
CQUAD4      1354       1    1418    1419    1483    1482
CQUAD4      1355       1    1419    1420    1484    1483
CQUAD4      1356       1    1420    1421    1485    1484
CQUAD4      1357       1    1421    1422    1486    1485
CQUAD4      1358       1    1422    1423    1487    1486
CQUAD4      1359       1    1423    1424    1488    1487
CQUAD4      1360       1    1424    1425    1489    1488
CQUAD4      1361       1    1425    1426    1490    1489
CQUAD4      1362       1    1426    1427    1491    1490
CQUAD4      1363       1    1427    1428    1492    1491
CQUAD4      1364       1    1428    1429    1493    1492
CQUAD4      1365       1    1429    1430    1494    1493
CQUAD4      1366       1    1430    1431    1495    1494
CQUAD4      1367       1    1431    1432    1496    1495
CQUAD4      1368       1    1432    1433    1497    1496
CQUAD4      1369       1    1433    1434    1498    1497
CQUAD4      1370       1    1434    1435    1499    1498
CQUAD4      1371       1    1435    1436    1500    1499
CQUAD4      1372       1    1436    1437    1501    1500
CQUAD4      1373       1    1437    1438    1502    1501
CQUAD4      1374       1    1438    1439    1503    1502
CQUAD4      1375       1    1439    1440    1504    1503
CQUAD4      1376       1    1440    1441    1505    1504
CQUAD4      1377       1    1441    1442    1506    1505
CQUAD4      1378       1    1442    1443    1507    1506
CQUAD4      1379       1    1443    1444    1508    1507
CQUAD4      1380       1    1444    1445    1509    1508
CQUAD4      1381       1    1445    1446    1510    1509
CQUAD4      1382       1    1446    1447    1511    1510
CQUAD4      1383       1    1447    1448    1512    1511
CQUAD4      1384       1    1448    1449    1513    1512
CQUAD4      1385       1    1449    1450    1514    1513
CQUAD4      1386       1    1450    1451    1515    1514
CQUAD4      1387       1    1451    1452    1516    1515
CQUAD4      1388       1    1452    1453    1517    1516
CQUAD4      1389       1    1453    1454    1518    1517
CQUAD4      1390       1    1454    1455    1519    1518
CQUAD4      1391       1    1455    1456    1520    1519
CQUAD4      1392       1    1456    1457    1521    1520
CQUAD4      1393       1    1457    1458    1522    1521
CQUAD4      1394       1    1458    1459    1523    1522
CQUAD4      1395       1    1459    1460    1524    1523
CQUAD4      1396       1    1460    1461    1525    1524
CQUAD4      1397       1    1461    1462    1526    1525
CQUAD4      1398       1    1462    1463    1527    1526
CQUAD4      1399       1    1463    1464    1528    1527
CQUAD4      1400       1    1464    1465    1529    1528
CQUAD4      1401       1    1465    1466    1530    1529
CQUAD4      1402       1    1466    1467    1531    1530
CQUAD4      1403       1    1467    1468    1532    1531
CQUAD4      1404       1    1468    1469    1533    1532
CQUAD4      1405       1    1469    1470    1534    1533
CQUAD4      1406       1    1470    1471    1535    1534
CQUAD4      1407       1    1471    1472    1536    1535
CQUAD4      1408       1    1472    1409    1473    1536
CQUAD4      1409       1    1473    1474    1538    1537
CQUAD4      1410       1    1474    1475    1539    1538
CQUAD4      1411       1    1475    1476    1540    1539
CQUAD4      1412       1    1476    1477    1541    1540
CQUAD4      1413       1    1477    1478    1542    1541
CQUAD4      1414       1    1478    1479    1543    1542
CQUAD4      1415       1    1479    1480    1544    1543
CQUAD4      1416       1    1480    1481    1545    1544
CQUAD4      1417       1    1481    1482    1546    1545
CQUAD4      1418       1    1482    1483    1547    1546
CQUAD4      1419       1    1483    1484    1548    1547
CQUAD4      1420       1    1484    1485    1549    1548
CQUAD4      1421       1    1485    1486    1550    1549
CQUAD4      1422       1    1486    1487    1551    1550
CQUAD4      1423       1    1487    1488    1552    1551
CQUAD4      1424       1    1488    1489    1553    1552
CQUAD4      1425       1    1489    1490    1554    1553
CQUAD4      1426       1    1490    1491    1555    1554
CQUAD4      1427       1    1491    1492    1556    1555
CQUAD4      1428       1    1492    1493    1557    1556
CQUAD4      1429       1    1493    1494    1558    1557
CQUAD4      1430       1    1494    1495    1559    1558
CQUAD4      1431       1    1495    1496    1560    1559
CQUAD4      1432       1    1496    1497    1561    1560
CQUAD4      1433       1    1497    1498    1562    1561
CQUAD4      1434       1    1498    1499    1563    1562
CQUAD4      1435       1    1499    1500    1564    1563
CQUAD4      1436       1    1500    1501    1565    1564
CQUAD4      1437       1    1501    1502    1566    1565
CQUAD4      1438       1    1502    1503    1567    1566
CQUAD4      1439       1    1503    1504    1568    1567
CQUAD4      1440       1    1504    1505    1569    1568
CQUAD4      1441       1    1505    1506    1570    1569
CQUAD4      1442       1    1506    1507    1571    1570
CQUAD4      1443       1    1507    1508    1572    1571
CQUAD4      1444       1    1508    1509    1573    1572
CQUAD4      1445       1    1509    1510    1574    1573
CQUAD4      1446       1    1510    1511    1575    1574
CQUAD4      1447       1    1511    1512    1576    1575
CQUAD4      1448       1    1512    1513    1577    1576
CQUAD4      1449       1    1513    1514    1578    1577
CQUAD4      1450       1    1514    1515    1579    1578
CQUAD4      1451       1    1515    1516    1580    1579
CQUAD4      1452       1    1516    1517    1581    1580
CQUAD4      1453       1    1517    1518    1582    1581
CQUAD4      1454       1    1518    1519    1583    1582
CQUAD4      1455       1    1519    1520    1584    1583
CQUAD4      1456       1    1520    1521    1585    1584
CQUAD4      1457       1    1521    1522    1586    1585
CQUAD4      1458       1    1522    1523    1587    1586
CQUAD4      1459       1    1523    1524    1588    1587
CQUAD4      1460       1    1524    1525    1589    1588
CQUAD4      1461       1    1525    1526    1590    1589
CQUAD4      1462       1    1526    1527    1591    1590
CQUAD4      1463       1    1527    1528    1592    1591
CQUAD4      1464       1    1528    1529    1593    1592
CQUAD4      1465       1    1529    1530    1594    1593
CQUAD4      1466       1    1530    1531    1595    1594
CQUAD4      1467       1    1531    1532    1596    1595
CQUAD4      1468       1    1532    1533    1597    1596
CQUAD4      1469       1    1533    1534    1598    1597
CQUAD4      1470       1    1534    1535    1599    1598
CQUAD4      1471       1    1535    1536    1600    1599
CQUAD4      1472       1    1536    1473    1537    1600
CQUAD4      1473       1    1537    1538    1602    1601
CQUAD4      1474       1    1538    1539    1603    1602
CQUAD4      1475       1    1539    1540    1604    1603
CQUAD4      1476       1    1540    1541    1605    1604
CQUAD4      1477       1    1541    1542    1606    1605
CQUAD4      1478       1    1542    1543    1607    1606
CQUAD4      1479       1    1543    1544    1608    1607
CQUAD4      1480       1    1544    1545    1609    1608
CQUAD4      1481       1    1545    1546    1610    1609
CQUAD4      1482       1    1546    1547    1611    1610
CQUAD4      1483       1    1547    1548    1612    1611
CQUAD4      1484       1    1548    1549    1613    1612
CQUAD4      1485       1    1549    1550    1614    1613
CQUAD4      1486       1    1550    1551    1615    1614
CQUAD4      1487       1    1551    1552    1616    1615
CQUAD4      1488       1    1552    1553    1617    1616
CQUAD4      1489       1    1553    1554    1618    1617
CQUAD4      1490       1    1554    1555    1619    1618
CQUAD4      1491       1    1555    1556    1620    1619
CQUAD4      1492       1    1556    1557    1621    1620
CQUAD4      1493       1    1557    1558    1622    1621
CQUAD4      1494       1    1558    1559    1623    1622
CQUAD4      1495       1    1559    1560    1624    1623
CQUAD4      1496       1    1560    1561    1625    1624
CQUAD4      1497       1    1561    1562    1626    1625
CQUAD4      1498       1    1562    1563    1627    1626
CQUAD4      1499       1    1563    1564    1628    1627
CQUAD4      1500       1    1564    1565    1629    1628
CQUAD4      1501       1    1565    1566    1630    1629
CQUAD4      1502       1    1566    1567    1631    1630
CQUAD4      1503       1    1567    1568    1632    1631
CQUAD4      1504       1    1568    1569    1633    1632
CQUAD4      1505       1    1569    1570    1634    1633
CQUAD4      1506       1    1570    1571    1635    1634
CQUAD4      1507       1    1571    1572    1636    1635
CQUAD4      1508       1    1572    1573    1637    1636
CQUAD4      1509       1    1573    1574    1638    1637
CQUAD4      1510       1    1574    1575    1639    1638
CQUAD4      1511       1    1575    1576    1640    1639
CQUAD4      1512       1    1576    1577    1641    1640
CQUAD4      1513       1    1577    1578    1642    1641
CQUAD4      1514       1    1578    1579    1643    1642
CQUAD4      1515       1    1579    1580    1644    1643
CQUAD4      1516       1    1580    1581    1645    1644
CQUAD4      1517       1    1581    1582    1646    1645
CQUAD4      1518       1    1582    1583    1647    1646
CQUAD4      1519       1    1583    1584    1648    1647
CQUAD4      1520       1    1584    1585    1649    1648
CQUAD4      1521       1    1585    1586    1650    1649
CQUAD4      1522       1    1586    1587    1651    1650
CQUAD4      1523       1    1587    1588    1652    1651
CQUAD4      1524       1    1588    1589    1653    1652
CQUAD4      1525       1    1589    1590    1654    1653
CQUAD4      1526       1    1590    1591    1655    1654
CQUAD4      1527       1    1591    1592    1656    1655
CQUAD4      1528       1    1592    1593    1657    1656
CQUAD4      1529       1    1593    1594    1658    1657
CQUAD4      1530       1    1594    1595    1659    1658
CQUAD4      1531       1    1595    1596    1660    1659
CQUAD4      1532       1    1596    1597    1661    1660
CQUAD4      1533       1    1597    1598    1662    1661
CQUAD4      1534       1    1598    1599    1663    1662
CQUAD4      1535       1    1599    1600    1664    1663
CQUAD4      1536       1    1600    1537    1601    1664
CQUAD4      1537       1    1601    1602    1666    1665
CQUAD4      1538       1    1602    1603    1667    1666
CQUAD4      1539       1    1603    1604    1668    1667
CQUAD4      1540       1    1604    1605    1669    1668
CQUAD4      1541       1    1605    1606    1670    1669
CQUAD4      1542       1    1606    1607    1671    1670
CQUAD4      1543       1    1607    1608    1672    1671
CQUAD4      1544       1    1608    1609    1673    1672
CQUAD4      1545       1    1609    1610    1674    1673
CQUAD4      1546       1    1610    1611    1675    1674
CQUAD4      1547       1    1611    1612    1676    1675
CQUAD4      1548       1    1612    1613    1677    1676
CQUAD4      1549       1    1613    1614    1678    1677
CQUAD4      1550       1    1614    1615    1679    1678
CQUAD4      1551       1    1615    1616    1680    1679
CQUAD4      1552       1    1616    1617    1681    1680
CQUAD4      1553       1    1617    1618    1682    1681
CQUAD4      1554       1    1618    1619    1683    1682
CQUAD4      1555       1    1619    1620    1684    1683
CQUAD4      1556       1    1620    1621    1685    1684
CQUAD4      1557       1    1621    1622    1686    1685
CQUAD4      1558       1    1622    1623    1687    1686
CQUAD4      1559       1    1623    1624    1688    1687
CQUAD4      1560       1    1624    1625    1689    1688
CQUAD4      1561       1    1625    1626    1690    1689
CQUAD4      1562       1    1626    1627    1691    1690
CQUAD4      1563       1    1627    1628    1692    1691
CQUAD4      1564       1    1628    1629    1693    1692
CQUAD4      1565       1    1629    1630    1694    1693
CQUAD4      1566       1    1630    1631    1695    1694
CQUAD4      1567       1    1631    1632    1696    1695
CQUAD4      1568       1    1632    1633    1697    1696
CQUAD4      1569       1    1633    1634    1698    1697
CQUAD4      1570       1    1634    1635    1699    1698
CQUAD4      1571       1    1635    1636    1700    1699
CQUAD4      1572       1    1636    1637    1701    1700
CQUAD4      1573       1    1637    1638    1702    1701
CQUAD4      1574       1    1638    1639    1703    1702
CQUAD4      1575       1    1639    1640    1704    1703
CQUAD4      1576       1    1640    1641    1705    1704
CQUAD4      1577       1    1641    1642    1706    1705
CQUAD4      1578       1    1642    1643    1707    1706
CQUAD4      1579       1    1643    1644    1708    1707
CQUAD4      1580       1    1644    1645    1709    1708
CQUAD4      1581       1    1645    1646    1710    1709
CQUAD4      1582       1    1646    1647    1711    1710
CQUAD4      1583       1    1647    1648    1712    1711
CQUAD4      1584       1    1648    1649    1713    1712
CQUAD4      1585       1    1649    1650    1714    1713
CQUAD4      1586       1    1650    1651    1715    1714
CQUAD4      1587       1    1651    1652    1716    1715
CQUAD4      1588       1    1652    1653    1717    1716
CQUAD4      1589       1    1653    1654    1718    1717
CQUAD4      1590       1    1654    1655    1719    1718
CQUAD4      1591       1    1655    1656    1720    1719
CQUAD4      1592       1    1656    1657    1721    1720
CQUAD4      1593       1    1657    1658    1722    1721
CQUAD4      1594       1    1658    1659    1723    1722
CQUAD4      1595       1    1659    1660    1724    1723
CQUAD4      1596       1    1660    1661    1725    1724
CQUAD4      1597       1    1661    1662    1726    1725
CQUAD4      1598       1    1662    1663    1727    1726
CQUAD4      1599       1    1663    1664    1728    1727
CQUAD4      1600       1    1664    1601    1665    1728
CQUAD4      1601       1    1665    1666    1730    1729
CQUAD4      1602       1    1666    1667    1731    1730
CQUAD4      1603       1    1667    1668    1732    1731
CQUAD4      1604       1    1668    1669    1733    1732
CQUAD4      1605       1    1669    1670    1734    1733
CQUAD4      1606       1    1670    1671    1735    1734
CQUAD4      1607       1    1671    1672    1736    1735
CQUAD4      1608       1    1672    1673    1737    1736
CQUAD4      1609       1    1673    1674    1738    1737
CQUAD4      1610       1    1674    1675    1739    1738
CQUAD4      1611       1    1675    1676    1740    1739
CQUAD4      1612       1    1676    1677    1741    1740
CQUAD4      1613       1    1677    1678    1742    1741
CQUAD4      1614       1    1678    1679    1743    1742
CQUAD4      1615       1    1679    1680    1744    1743
CQUAD4      1616       1    1680    1681    1745    1744
CQUAD4      1617       1    1681    1682    1746    1745
CQUAD4      1618       1    1682    1683    1747    1746
CQUAD4      1619       1    1683    1684    1748    1747
CQUAD4      1620       1    1684    1685    1749    1748
CQUAD4      1621       1    1685    1686    1750    1749
CQUAD4      1622       1    1686    1687    1751    1750
CQUAD4      1623       1    1687    1688    1752    1751
CQUAD4      1624       1    1688    1689    1753    1752
CQUAD4      1625       1    1689    1690    1754    1753
CQUAD4      1626       1    1690    1691    1755    1754
CQUAD4      1627       1    1691    1692    1756    1755
CQUAD4      1628       1    1692    1693    1757    1756
CQUAD4      1629       1    1693    1694    1758    1757
CQUAD4      1630       1    1694    1695    1759    1758
CQUAD4      1631       1    1695    1696    1760    1759
CQUAD4      1632       1    1696    1697    1761    1760
CQUAD4      1633       1    1697    1698    1762    1761
CQUAD4      1634       1    1698    1699    1763    1762
CQUAD4      1635       1    1699    1700    1764    1763
CQUAD4      1636       1    1700    1701    1765    1764
CQUAD4      1637       1    1701    1702    1766    1765
CQUAD4      1638       1    1702    1703    1767    1766
CQUAD4      1639       1    1703    1704    1768    1767
CQUAD4      1640       1    1704    1705    1769    1768
CQUAD4      1641       1    1705    1706    1770    1769
CQUAD4      1642       1    1706    1707    1771    1770
CQUAD4      1643       1    1707    1708    1772    1771
CQUAD4      1644       1    1708    1709    1773    1772
CQUAD4      1645       1    1709    1710    1774    1773
CQUAD4      1646       1    1710    1711    1775    1774
CQUAD4      1647       1    1711    1712    1776    1775
CQUAD4      1648       1    1712    1713    1777    1776
CQUAD4      1649       1    1713    1714    1778    1777
CQUAD4      1650       1    1714    1715    1779    1778
CQUAD4      1651       1    1715    1716    1780    1779
CQUAD4      1652       1    1716    1717    1781    1780
CQUAD4      1653       1    1717    1718    1782    1781
CQUAD4      1654       1    1718    1719    1783    1782
CQUAD4      1655       1    1719    1720    1784    1783
CQUAD4      1656       1    1720    1721    1785    1784
CQUAD4      1657       1    1721    1722    1786    1785
CQUAD4      1658       1    1722    1723    1787    1786
CQUAD4      1659       1    1723    1724    1788    1787
CQUAD4      1660       1    1724    1725    1789    1788
CQUAD4      1661       1    1725    1726    1790    1789
CQUAD4      1662       1    1726    1727    1791    1790
CQUAD4      1663       1    1727    1728    1792    1791
CQUAD4      1664       1    1728    1665    1729    1792
CQUAD4      1665       1    1729    1730    1794    1793
CQUAD4      1666       1    1730    1731    1795    1794
CQUAD4      1667       1    1731    1732    1796    1795
CQUAD4      1668       1    1732    1733    1797    1796
CQUAD4      1669       1    1733    1734    1798    1797
CQUAD4      1670       1    1734    1735    1799    1798
CQUAD4      1671       1    1735    1736    1800    1799
CQUAD4      1672       1    1736    1737    1801    1800
CQUAD4      1673       1    1737    1738    1802    1801
CQUAD4      1674       1    1738    1739    1803    1802
CQUAD4      1675       1    1739    1740    1804    1803
CQUAD4      1676       1    1740    1741    1805    1804
CQUAD4      1677       1    1741    1742    1806    1805
CQUAD4      1678       1    1742    1743    1807    1806
CQUAD4      1679       1    1743    1744    1808    1807
CQUAD4      1680       1    1744    1745    1809    1808
CQUAD4      1681       1    1745    1746    1810    1809
CQUAD4      1682       1    1746    1747    1811    1810
CQUAD4      1683       1    1747    1748    1812    1811
CQUAD4      1684       1    1748    1749    1813    1812
CQUAD4      1685       1    1749    1750    1814    1813
CQUAD4      1686       1    1750    1751    1815    1814
CQUAD4      1687       1    1751    1752    1816    1815
CQUAD4      1688       1    1752    1753    1817    1816
CQUAD4      1689       1    1753    1754    1818    1817
CQUAD4      1690       1    1754    1755    1819    1818
CQUAD4      1691       1    1755    1756    1820    1819
CQUAD4      1692       1    1756    1757    1821    1820
CQUAD4      1693       1    1757    1758    1822    1821
CQUAD4      1694       1    1758    1759    1823    1822
CQUAD4      1695       1    1759    1760    1824    1823
CQUAD4      1696       1    1760    1761    1825    1824
CQUAD4      1697       1    1761    1762    1826    1825
CQUAD4      1698       1    1762    1763    1827    1826
CQUAD4      1699       1    1763    1764    1828    1827
CQUAD4      1700       1    1764    1765    1829    1828
CQUAD4      1701       1    1765    1766    1830    1829
CQUAD4      1702       1    1766    1767    1831    1830
CQUAD4      1703       1    1767    1768    1832    1831
CQUAD4      1704       1    1768    1769    1833    1832
CQUAD4      1705       1    1769    1770    1834    1833
CQUAD4      1706       1    1770    1771    1835    1834
CQUAD4      1707       1    1771    1772    1836    1835
CQUAD4      1708       1    1772    1773    1837    1836
CQUAD4      1709       1    1773    1774    1838    1837
CQUAD4      1710       1    1774    1775    1839    1838
CQUAD4      1711       1    1775    1776    1840    1839
CQUAD4      1712       1    1776    1777    1841    1840
CQUAD4      1713       1    1777    1778    1842    1841
CQUAD4      1714       1    1778    1779    1843    1842
CQUAD4      1715       1    1779    1780    1844    1843
CQUAD4      1716       1    1780    1781    1845    1844
CQUAD4      1717       1    1781    1782    1846    1845
CQUAD4      1718       1    1782    1783    1847    1846
CQUAD4      1719       1    1783    1784    1848    1847
CQUAD4      1720       1    1784    1785    1849    1848
CQUAD4      1721       1    1785    1786    1850    1849
CQUAD4      1722       1    1786    1787    1851    1850
CQUAD4      1723       1    1787    1788    1852    1851
CQUAD4      1724       1    1788    1789    1853    1852
CQUAD4      1725       1    1789    1790    1854    1853
CQUAD4      1726       1    1790    1791    1855    1854
CQUAD4      1727       1    1791    1792    1856    1855
CQUAD4      1728       1    1792    1729    1793    1856
CQUAD4      1729       1    1793    1794    1858    1857
CQUAD4      1730       1    1794    1795    1859    1858
CQUAD4      1731       1    1795    1796    1860    1859
CQUAD4      1732       1    1796    1797    1861    1860
CQUAD4      1733       1    1797    1798    1862    1861
CQUAD4      1734       1    1798    1799    1863    1862
CQUAD4      1735       1    1799    1800    1864    1863
CQUAD4      1736       1    1800    1801    1865    1864
CQUAD4      1737       1    1801    1802    1866    1865
CQUAD4      1738       1    1802    1803    1867    1866
CQUAD4      1739       1    1803    1804    1868    1867
CQUAD4      1740       1    1804    1805    1869    1868
CQUAD4      1741       1    1805    1806    1870    1869
CQUAD4      1742       1    1806    1807    1871    1870
CQUAD4      1743       1    1807    1808    1872    1871
CQUAD4      1744       1    1808    1809    1873    1872
CQUAD4      1745       1    1809    1810    1874    1873
CQUAD4      1746       1    1810    1811    1875    1874
CQUAD4      1747       1    1811    1812    1876    1875
CQUAD4      1748       1    1812    1813    1877    1876
CQUAD4      1749       1    1813    1814    1878    1877
CQUAD4      1750       1    1814    1815    1879    1878
CQUAD4      1751       1    1815    1816    1880    1879
CQUAD4      1752       1    1816    1817    1881    1880
CQUAD4      1753       1    1817    1818    1882    1881
CQUAD4      1754       1    1818    1819    1883    1882
CQUAD4      1755       1    1819    1820    1884    1883
CQUAD4      1756       1    1820    1821    1885    1884
CQUAD4      1757       1    1821    1822    1886    1885
CQUAD4      1758       1    1822    1823    1887    1886
CQUAD4      1759       1    1823    1824    1888    1887
CQUAD4      1760       1    1824    1825    1889    1888
CQUAD4      1761       1    1825    1826    1890    1889
CQUAD4      1762       1    1826    1827    1891    1890
CQUAD4      1763       1    1827    1828    1892    1891
CQUAD4      1764       1    1828    1829    1893    1892
CQUAD4      1765       1    1829    1830    1894    1893
CQUAD4      1766       1    1830    1831    1895    1894
CQUAD4      1767       1    1831    1832    1896    1895
CQUAD4      1768       1    1832    1833    1897    1896
CQUAD4      1769       1    1833    1834    1898    1897
CQUAD4      1770       1    1834    1835    1899    1898
CQUAD4      1771       1    1835    1836    1900    1899
CQUAD4      1772       1    1836    1837    1901    1900
CQUAD4      1773       1    1837    1838    1902    1901
CQUAD4      1774       1    1838    1839    1903    1902
CQUAD4      1775       1    1839    1840    1904    1903
CQUAD4      1776       1    1840    1841    1905    1904
CQUAD4      1777       1    1841    1842    1906    1905
CQUAD4      1778       1    1842    1843    1907    1906
CQUAD4      1779       1    1843    1844    1908    1907
CQUAD4      1780       1    1844    1845    1909    1908
CQUAD4      1781       1    1845    1846    1910    1909
CQUAD4      1782       1    1846    1847    1911    1910
CQUAD4      1783       1    1847    1848    1912    1911
CQUAD4      1784       1    1848    1849    1913    1912
CQUAD4      1785       1    1849    1850    1914    1913
CQUAD4      1786       1    1850    1851    1915    1914
CQUAD4      1787       1    1851    1852    1916    1915
CQUAD4      1788       1    1852    1853    1917    1916
CQUAD4      1789       1    1853    1854    1918    1917
CQUAD4      1790       1    1854    1855    1919    1918
CQUAD4      1791       1    1855    1856    1920    1919
CQUAD4      1792       1    1856    1793    1857    1920
CQUAD4      1793       1    1857    1858    1922    1921
CQUAD4      1794       1    1858    1859    1923    1922
CQUAD4      1795       1    1859    1860    1924    1923
CQUAD4      1796       1    1860    1861    1925    1924
CQUAD4      1797       1    1861    1862    1926    1925
CQUAD4      1798       1    1862    1863    1927    1926
CQUAD4      1799       1    1863    1864    1928    1927
CQUAD4      1800       1    1864    1865    1929    1928
CQUAD4      1801       1    1865    1866    1930    1929
CQUAD4      1802       1    1866    1867    1931    1930
CQUAD4      1803       1    1867    1868    1932    1931
CQUAD4      1804       1    1868    1869    1933    1932
CQUAD4      1805       1    1869    1870    1934    1933
CQUAD4      1806       1    1870    1871    1935    1934
CQUAD4      1807       1    1871    1872    1936    1935
CQUAD4      1808       1    1872    1873    1937    1936
CQUAD4      1809       1    1873    1874    1938    1937
CQUAD4      1810       1    1874    1875    1939    1938
CQUAD4      1811       1    1875    1876    1940    1939
CQUAD4      1812       1    1876    1877    1941    1940
CQUAD4      1813       1    1877    1878    1942    1941
CQUAD4      1814       1    1878    1879    1943    1942
CQUAD4      1815       1    1879    1880    1944    1943
CQUAD4      1816       1    1880    1881    1945    1944
CQUAD4      1817       1    1881    1882    1946    1945
CQUAD4      1818       1    1882    1883    1947    1946
CQUAD4      1819       1    1883    1884    1948    1947
CQUAD4      1820       1    1884    1885    1949    1948
CQUAD4      1821       1    1885    1886    1950    1949
CQUAD4      1822       1    1886    1887    1951    1950
CQUAD4      1823       1    1887    1888    1952    1951
CQUAD4      1824       1    1888    1889    1953    1952
CQUAD4      1825       1    1889    1890    1954    1953
CQUAD4      1826       1    1890    1891    1955    1954
CQUAD4      1827       1    1891    1892    1956    1955
CQUAD4      1828       1    1892    1893    1957    1956
CQUAD4      1829       1    1893    1894    1958    1957
CQUAD4      1830       1    1894    1895    1959    1958
CQUAD4      1831       1    1895    1896    1960    1959
CQUAD4      1832       1    1896    1897    1961    1960
CQUAD4      1833       1    1897    1898    1962    1961
CQUAD4      1834       1    1898    1899    1963    1962
CQUAD4      1835       1    1899    1900    1964    1963
CQUAD4      1836       1    1900    1901    1965    1964
CQUAD4      1837       1    1901    1902    1966    1965
CQUAD4      1838       1    1902    1903    1967    1966
CQUAD4      1839       1    1903    1904    1968    1967
CQUAD4      1840       1    1904    1905    1969    1968
CQUAD4      1841       1    1905    1906    1970    1969
CQUAD4      1842       1    1906    1907    1971    1970
CQUAD4      1843       1    1907    1908    1972    1971
CQUAD4      1844       1    1908    1909    1973    1972
CQUAD4      1845       1    1909    1910    1974    1973
CQUAD4      1846       1    1910    1911    1975    1974
CQUAD4      1847       1    1911    1912    1976    1975
CQUAD4      1848       1    1912    1913    1977    1976
CQUAD4      1849       1    1913    1914    1978    1977
CQUAD4      1850       1    1914    1915    1979    1978
CQUAD4      1851       1    1915    1916    1980    1979
CQUAD4      1852       1    1916    1917    1981    1980
CQUAD4      1853       1    1917    1918    1982    1981
CQUAD4      1854       1    1918    1919    1983    1982
CQUAD4      1855       1    1919    1920    1984    1983
CQUAD4      1856       1    1920    1857    1921    1984
CQUAD4      1857       1    1921    1922    1986    1985
CQUAD4      1858       1    1922    1923    1987    1986
CQUAD4      1859       1    1923    1924    1988    1987
CQUAD4      1860       1    1924    1925    1989    1988
CQUAD4      1861       1    1925    1926    1990    1989
CQUAD4      1862       1    1926    1927    1991    1990
CQUAD4      1863       1    1927    1928    1992    1991
CQUAD4      1864       1    1928    1929    1993    1992
CQUAD4      1865       1    1929    1930    1994    1993
CQUAD4      1866       1    1930    1931    1995    1994
CQUAD4      1867       1    1931    1932    1996    1995
CQUAD4      1868       1    1932    1933    1997    1996
CQUAD4      1869       1    1933    1934    1998    1997
CQUAD4      1870       1    1934    1935    1999    1998
CQUAD4      1871       1    1935    1936    2000    1999
CQUAD4      1872       1    1936    1937    2001    2000
CQUAD4      1873       1    1937    1938    2002    2001
CQUAD4      1874       1    1938    1939    2003    2002
CQUAD4      1875       1    1939    1940    2004    2003
CQUAD4      1876       1    1940    1941    2005    2004
CQUAD4      1877       1    1941    1942    2006    2005
CQUAD4      1878       1    1942    1943    2007    2006
CQUAD4      1879       1    1943    1944    2008    2007
CQUAD4      1880       1    1944    1945    2009    2008
CQUAD4      1881       1    1945    1946    2010    2009
CQUAD4      1882       1    1946    1947    2011    2010
CQUAD4      1883       1    1947    1948    2012    2011
CQUAD4      1884       1    1948    1949    2013    2012
CQUAD4      1885       1    1949    1950    2014    2013
CQUAD4      1886       1    1950    1951    2015    2014
CQUAD4      1887       1    1951    1952    2016    2015
CQUAD4      1888       1    1952    1953    2017    2016
CQUAD4      1889       1    1953    1954    2018    2017
CQUAD4      1890       1    1954    1955    2019    2018
CQUAD4      1891       1    1955    1956    2020    2019
CQUAD4      1892       1    1956    1957    2021    2020
CQUAD4      1893       1    1957    1958    2022    2021
CQUAD4      1894       1    1958    1959    2023    2022
CQUAD4      1895       1    1959    1960    2024    2023
CQUAD4      1896       1    1960    1961    2025    2024
CQUAD4      1897       1    1961    1962    2026    2025
CQUAD4      1898       1    1962    1963    2027    2026
CQUAD4      1899       1    1963    1964    2028    2027
CQUAD4      1900       1    1964    1965    2029    2028
CQUAD4      1901       1    1965    1966    2030    2029
CQUAD4      1902       1    1966    1967    2031    2030
CQUAD4      1903       1    1967    1968    2032    2031
CQUAD4      1904       1    1968    1969    2033    2032
CQUAD4      1905       1    1969    1970    2034    2033
CQUAD4      1906       1    1970    1971    2035    2034
CQUAD4      1907       1    1971    1972    2036    2035
CQUAD4      1908       1    1972    1973    2037    2036
CQUAD4      1909       1    1973    1974    2038    2037
CQUAD4      1910       1    1974    1975    2039    2038
CQUAD4      1911       1    1975    1976    2040    2039
CQUAD4      1912       1    1976    1977    2041    2040
CQUAD4      1913       1    1977    1978    2042    2041
CQUAD4      1914       1    1978    1979    2043    2042
CQUAD4      1915       1    1979    1980    2044    2043
CQUAD4      1916       1    1980    1981    2045    2044
CQUAD4      1917       1    1981    1982    2046    2045
CQUAD4      1918       1    1982    1983    2047    2046
CQUAD4      1919       1    1983    1984    2048    2047
CQUAD4      1920       1    1984    1921    1985    2048
ENDDATA
