0,0,0,0,0,0,0,0,0,0,0,0,0,0,0,0,0,0,0,0,0,0,0,0,0,0,0,0,0,0,0,0,0,0,0,0,0,0,0,0,0,0,0,0,0,0,0,0,0,0,0,0,0,0,0,0,0,0,0,0,0,0,0,0,0,0,0,0,0,0,0,0,0,0,0,0,0,0,0,0,0,0,0,0,0,0,0,0,0,0,0,0,0,0,0,0,0,0,0,0,0,0,0,0,0,0,0,0,0,0
0.00102040816326531,0.00102040816326531,0.00102040816326531,0.00102040816326531,0.00102040816326531,0.00102040816326531,0.00102040816326531,0.00102040816326531,0.00102040816326531,0.00102040816326531,0.00102040816326531,0.00102040816326531,0.00102040816326531,0.00102040816326531,0.00102040816326531,0.00102040816326531,0.00102040816326531,0.00102040816326531,0.00102040816326531,0.00102040816326531,0.00102040816326531,0.00102040816326531,0.00102040816326531,0.00102040816326531,0.00102040816326531,0.00102040816326531,0.00102040816326531,0.00102040816326531,0.00102040816326531,0.00102040816326531,0.00102040816326531,0.00102040816326531,0.00102040816326531,0.00102040816326531,0.00102040816326531,0.00102040816326531,0.00102040816326531,0.00102040816326531,0.00102040816326531,0.00102040816326531,0.00102040816326531,0.00102040816326531,0.00102040816326531,0.00102040816326531,0.00102040816326531,0.00102040816326531,0.00102040816326531,0.00102040816326531,0.00102040816326531,0.00102040816326531,0.00102040816326531,0.00102040816326531,0.00102040816326531,0.00102040816326531,0.00102040816326531,0.00102040816326531,0.00102040816326531,0.00102040816326531,0.00102040816326531,0.00102040816326531,0.00102040816326531,0.00102040816326531,0.00102040816326531,0.00102040816326531,0.00102040816326531,0.00102040816326531,0.00102040816326531,0.00102040816326531,0.00102040816326531,0.00102040816326531,0.00102040816326531,0.00102040816326531,0.00102040816326531,0.00102040816326531,0.00102040816326531,0.00102040816326531,0.00102040816326531,0.00102040816326531,0.00102040816326531,0.00102040816326531,0.00102040816326531,0.00102040816326531,0.00102040816326531,0.00102040816326531,0.00102040816326531,0.00102040816326531,0.00102040816326531,0.00102040816326531,0.00102040816326531,0.00102040816326531,0.00102040816326531,0.00102040816326531,0.00102040816326531,0.00102040816326531,0.00102040816326531,0.00102040816326531,0.00102040816326531,0.00102040816326531,0.00102040816326531,0.00102040816326531,0.00102040816326531,0.00102040816326531,0.00102040816326531,0.00102040816326531,0.00102040816326531,0.00102040816326531,0.00102040816326531,0.00102040816326531,0.00102040816326531,0.00102040816326531
0.00204081632653061,0.00204081632653061,0.00204081632653061,0.00204081632653061,0.00204081632653061,0.00204081632653061,0.00204081632653061,0.00204081632653061,0.00204081632653061,0.00204081632653061,0.00204081632653061,0.00204081632653061,0.00204081632653061,0.00204081632653061,0.00204081632653061,0.00204081632653061,0.00204081632653061,0.00204081632653061,0.00204081632653061,0.00204081632653061,0.00204081632653061,0.00204081632653061,0.00204081632653061,0.00204081632653061,0.00204081632653061,0.00204081632653061,0.00204081632653061,0.00204081632653061,0.00204081632653061,0.00204081632653061,0.00204081632653061,0.00204081632653061,0.00204081632653061,0.00204081632653061,0.00204081632653061,0.00204081632653061,0.00204081632653061,0.00204081632653061,0.00204081632653061,0.00204081632653061,0.00204081632653061,0.00204081632653061,0.00204081632653061,0.00204081632653061,0.00204081632653061,0.00204081632653061,0.00204081632653061,0.00204081632653061,0.00204081632653061,0.00204081632653061,0.00204081632653061,0.00204081632653061,0.00204081632653061,0.00204081632653061,0.00204081632653061,0.00204081632653061,0.00204081632653061,0.00204081632653061,0.00204081632653061,0.00204081632653061,0.00204081632653061,0.00204081632653061,0.00204081632653061,0.00204081632653061,0.00204081632653061,0.00204081632653061,0.00204081632653061,0.00204081632653061,0.00204081632653061,0.00204081632653061,0.00204081632653061,0.00204081632653061,0.00204081632653061,0.00204081632653061,0.00204081632653061,0.00204081632653061,0.00204081632653061,0.00204081632653061,0.00204081632653061,0.00204081632653061,0.00204081632653061,0.00204081632653061,0.00204081632653061,0.00204081632653061,0.00204081632653061,0.00204081632653061,0.00204081632653061,0.00204081632653061,0.00204081632653061,0.00204081632653061,0.00204081632653061,0.00204081632653061,0.00204081632653061,0.00204081632653061,0.00204081632653061,0.00204081632653061,0.00204081632653061,0.00204081632653061,0.00204081632653061,0.00204081632653061,0.00204081632653061,0.00204081632653061,0.00204081632653061,0.00204081632653061,0.00204081632653061,0.00204081632653061,0.00204081632653061,0.00204081632653061,0.00204081632653061,0.00204081632653061
0.00306122448979592,0.00306122448979592,0.00306122448979592,0.00306122448979592,0.00306122448979592,0.00306122448979592,0.00306122448979592,0.00306122448979592,0.00306122448979592,0.00306122448979592,0.00306122448979592,0.00306122448979592,0.00306122448979592,0.00306122448979592,0.00306122448979592,0.00306122448979592,0.00306122448979592,0.00306122448979592,0.00306122448979592,0.00306122448979592,0.00306122448979592,0.00306122448979592,0.00306122448979592,0.00306122448979592,0.00306122448979592,0.00306122448979592,0.00306122448979592,0.00306122448979592,0.00306122448979592,0.00306122448979592,0.00306122448979592,0.00306122448979592,0.00306122448979592,0.00306122448979592,0.00306122448979592,0.00306122448979592,0.00306122448979592,0.00306122448979592,0.00306122448979592,0.00306122448979592,0.00306122448979592,0.00306122448979592,0.00306122448979592,0.00306122448979592,0.00306122448979592,0.00306122448979592,0.00306122448979592,0.00306122448979592,0.00306122448979592,0.00306122448979592,0.00306122448979592,0.00306122448979592,0.00306122448979592,0.00306122448979592,0.00306122448979592,0.00306122448979592,0.00306122448979592,0.00306122448979592,0.00306122448979592,0.00306122448979592,0.00306122448979592,0.00306122448979592,0.00306122448979592,0.00306122448979592,0.00306122448979592,0.00306122448979592,0.00306122448979592,0.00306122448979592,0.00306122448979592,0.00306122448979592,0.00306122448979592,0.00306122448979592,0.00306122448979592,0.00306122448979592,0.00306122448979592,0.00306122448979592,0.00306122448979592,0.00306122448979592,0.00306122448979592,0.00306122448979592,0.00306122448979592,0.00306122448979592,0.00306122448979592,0.00306122448979592,0.00306122448979592,0.00306122448979592,0.00306122448979592,0.00306122448979592,0.00306122448979592,0.00306122448979592,0.00306122448979592,0.00306122448979592,0.00306122448979592,0.00306122448979592,0.00306122448979592,0.00306122448979592,0.00306122448979592,0.00306122448979592,0.00306122448979592,0.00306122448979592,0.00306122448979592,0.00306122448979592,0.00306122448979592,0.00306122448979592,0.00306122448979592,0.00306122448979592,0.00306122448979592,0.00306122448979592,0.00306122448979592,0.00306122448979592
0.00408163265306122,0.00408163265306122,0.00408163265306122,0.00408163265306122,0.00408163265306122,0.00408163265306122,0.00408163265306122,0.00408163265306122,0.00408163265306122,0.00408163265306122,0.00408163265306122,0.00408163265306122,0.00408163265306122,0.00408163265306122,0.00408163265306122,0.00408163265306122,0.00408163265306122,0.00408163265306122,0.00408163265306122,0.00408163265306122,0.00408163265306122,0.00408163265306122,0.00408163265306122,0.00408163265306122,0.00408163265306122,0.00408163265306122,0.00408163265306122,0.00408163265306122,0.00408163265306122,0.00408163265306122,0.00408163265306122,0.00408163265306122,0.00408163265306122,0.00408163265306122,0.00408163265306122,0.00408163265306122,0.00408163265306122,0.00408163265306122,0.00408163265306122,0.00408163265306122,0.00408163265306122,0.00408163265306122,0.00408163265306122,0.00408163265306122,0.00408163265306122,0.00408163265306122,0.00408163265306122,0.00408163265306122,0.00408163265306122,0.00408163265306122,0.00408163265306122,0.00408163265306122,0.00408163265306122,0.00408163265306122,0.00408163265306122,0.00408163265306122,0.00408163265306122,0.00408163265306122,0.00408163265306122,0.00408163265306122,0.00408163265306122,0.00408163265306122,0.00408163265306122,0.00408163265306122,0.00408163265306122,0.00408163265306122,0.00408163265306122,0.00408163265306122,0.00408163265306122,0.00408163265306122,0.00408163265306122,0.00408163265306122,0.00408163265306122,0.00408163265306122,0.00408163265306122,0.00408163265306122,0.00408163265306122,0.00408163265306122,0.00408163265306122,0.00408163265306122,0.00408163265306122,0.00408163265306122,0.00408163265306122,0.00408163265306122,0.00408163265306122,0.00408163265306122,0.00408163265306122,0.00408163265306122,0.00408163265306122,0.00408163265306122,0.00408163265306122,0.00408163265306122,0.00408163265306122,0.00408163265306122,0.00408163265306122,0.00408163265306122,0.00408163265306122,0.00408163265306122,0.00408163265306122,0.00408163265306122,0.00408163265306122,0.00408163265306122,0.00408163265306122,0.00408163265306122,0.00408163265306122,0.00408163265306122,0.00408163265306122,0.00408163265306122,0.00408163265306122,0.00408163265306122
0.00510204081632653,0.00510204081632653,0.00510204081632653,0.00510204081632653,0.00510204081632653,0.00510204081632653,0.00510204081632653,0.00510204081632653,0.00510204081632653,0.00510204081632653,0.00510204081632653,0.00510204081632653,0.00510204081632653,0.00510204081632653,0.00510204081632653,0.00510204081632653,0.00510204081632653,0.00510204081632653,0.00510204081632653,0.00510204081632653,0.00510204081632653,0.00510204081632653,0.00510204081632653,0.00510204081632653,0.00510204081632653,0.00510204081632653,0.00510204081632653,0.00510204081632653,0.00510204081632653,0.00510204081632653,0.00510204081632653,0.00510204081632653,0.00510204081632653,0.00510204081632653,0.00510204081632653,0.00510204081632653,0.00510204081632653,0.00510204081632653,0.00510204081632653,0.00510204081632653,0.00510204081632653,0.00510204081632653,0.00510204081632653,0.00510204081632653,0.00510204081632653,0.00510204081632653,0.00510204081632653,0.00510204081632653,0.00510204081632653,0.00510204081632653,0.00510204081632653,0.00510204081632653,0.00510204081632653,0.00510204081632653,0.00510204081632653,0.00510204081632653,0.00510204081632653,0.00510204081632653,0.00510204081632653,0.00510204081632653,0.00510204081632653,0.00510204081632653,0.00510204081632653,0.00510204081632653,0.00510204081632653,0.00510204081632653,0.00510204081632653,0.00510204081632653,0.00510204081632653,0.00510204081632653,0.00510204081632653,0.00510204081632653,0.00510204081632653,0.00510204081632653,0.00510204081632653,0.00510204081632653,0.00510204081632653,0.00510204081632653,0.00510204081632653,0.00510204081632653,0.00510204081632653,0.00510204081632653,0.00510204081632653,0.00510204081632653,0.00510204081632653,0.00510204081632653,0.00510204081632653,0.00510204081632653,0.00510204081632653,0.00510204081632653,0.00510204081632653,0.00510204081632653,0.00510204081632653,0.00510204081632653,0.00510204081632653,0.00510204081632653,0.00510204081632653,0.00510204081632653,0.00510204081632653,0.00510204081632653,0.00510204081632653,0.00510204081632653,0.00510204081632653,0.00510204081632653,0.00510204081632653,0.00510204081632653,0.00510204081632653,0.00510204081632653,0.00510204081632653,0.00510204081632653
0.00612244897959184,0.00612244897959184,0.00612244897959184,0.00612244897959184,0.00612244897959184,0.00612244897959184,0.00612244897959184,0.00612244897959184,0.00612244897959184,0.00612244897959184,0.00612244897959184,0.00612244897959184,0.00612244897959184,0.00612244897959184,0.00612244897959184,0.00612244897959184,0.00612244897959184,0.00612244897959184,0.00612244897959184,0.00612244897959184,0.00612244897959184,0.00612244897959184,0.00612244897959184,0.00612244897959184,0.00612244897959184,0.00612244897959184,0.00612244897959184,0.00612244897959184,0.00612244897959184,0.00612244897959184,0.00612244897959184,0.00612244897959184,0.00612244897959184,0.00612244897959184,0.00612244897959184,0.00612244897959184,0.00612244897959184,0.00612244897959184,0.00612244897959184,0.00612244897959184,0.00612244897959184,0.00612244897959184,0.00612244897959184,0.00612244897959184,0.00612244897959184,0.00612244897959184,0.00612244897959184,0.00612244897959184,0.00612244897959184,0.00612244897959184,0.00612244897959184,0.00612244897959184,0.00612244897959184,0.00612244897959184,0.00612244897959184,0.00612244897959184,0.00612244897959184,0.00612244897959184,0.00612244897959184,0.00612244897959184,0.00612244897959184,0.00612244897959184,0.00612244897959184,0.00612244897959184,0.00612244897959184,0.00612244897959184,0.00612244897959184,0.00612244897959184,0.00612244897959184,0.00612244897959184,0.00612244897959184,0.00612244897959184,0.00612244897959184,0.00612244897959184,0.00612244897959184,0.00612244897959184,0.00612244897959184,0.00612244897959184,0.00612244897959184,0.00612244897959184,0.00612244897959184,0.00612244897959184,0.00612244897959184,0.00612244897959184,0.00612244897959184,0.00612244897959184,0.00612244897959184,0.00612244897959184,0.00612244897959184,0.00612244897959184,0.00612244897959184,0.00612244897959184,0.00612244897959184,0.00612244897959184,0.00612244897959184,0.00612244897959184,0.00612244897959184,0.00612244897959184,0.00612244897959184,0.00612244897959184,0.00612244897959184,0.00612244897959184,0.00612244897959184,0.00612244897959184,0.00612244897959184,0.00612244897959184,0.00612244897959184,0.00612244897959184,0.00612244897959184,0.00612244897959184
0.00714285714285714,0.00714285714285714,0.00714285714285714,0.00714285714285714,0.00714285714285714,0.00714285714285714,0.00714285714285714,0.00714285714285714,0.00714285714285714,0.00714285714285714,0.00714285714285714,0.00714285714285714,0.00714285714285714,0.00714285714285714,0.00714285714285714,0.00714285714285714,0.00714285714285714,0.00714285714285714,0.00714285714285714,0.00714285714285714,0.00714285714285714,0.00714285714285714,0.00714285714285714,0.00714285714285714,0.00714285714285714,0.00714285714285714,0.00714285714285714,0.00714285714285714,0.00714285714285714,0.00714285714285714,0.00714285714285714,0.00714285714285714,0.00714285714285714,0.00714285714285714,0.00714285714285714,0.00714285714285714,0.00714285714285714,0.00714285714285714,0.00714285714285714,0.00714285714285714,0.00714285714285714,0.00714285714285714,0.00714285714285714,0.00714285714285714,0.00714285714285714,0.00714285714285714,0.00714285714285714,0.00714285714285714,0.00714285714285714,0.00714285714285714,0.00714285714285714,0.00714285714285714,0.00714285714285714,0.00714285714285714,0.00714285714285714,0.00714285714285714,0.00714285714285714,0.00714285714285714,0.00714285714285714,0.00714285714285714,0.00714285714285714,0.00714285714285714,0.00714285714285714,0.00714285714285714,0.00714285714285714,0.00714285714285714,0.00714285714285714,0.00714285714285714,0.00714285714285714,0.00714285714285714,0.00714285714285714,0.00714285714285714,0.00714285714285714,0.00714285714285714,0.00714285714285714,0.00714285714285714,0.00714285714285714,0.00714285714285714,0.00714285714285714,0.00714285714285714,0.00714285714285714,0.00714285714285714,0.00714285714285714,0.00714285714285714,0.00714285714285714,0.00714285714285714,0.00714285714285714,0.00714285714285714,0.00714285714285714,0.00714285714285714,0.00714285714285714,0.00714285714285714,0.00714285714285714,0.00714285714285714,0.00714285714285714,0.00714285714285714,0.00714285714285714,0.00714285714285714,0.00714285714285714,0.00714285714285714,0.00714285714285714,0.00714285714285714,0.00714285714285714,0.00714285714285714,0.00714285714285714,0.00714285714285714,0.00714285714285714,0.00714285714285714,0.00714285714285714,0.00714285714285714
0.00816326530612245,0.00816326530612245,0.00816326530612245,0.00816326530612245,0.00816326530612245,0.00816326530612245,0.00816326530612245,0.00816326530612245,0.00816326530612245,0.00816326530612245,0.00816326530612245,0.00816326530612245,0.00816326530612245,0.00816326530612245,0.00816326530612245,0.00816326530612245,0.00816326530612245,0.00816326530612245,0.00816326530612245,0.00816326530612245,0.00816326530612245,0.00816326530612245,0.00816326530612245,0.00816326530612245,0.00816326530612245,0.00816326530612245,0.00816326530612245,0.00816326530612245,0.00816326530612245,0.00816326530612245,0.00816326530612245,0.00816326530612245,0.00816326530612245,0.00816326530612245,0.00816326530612245,0.00816326530612245,0.00816326530612245,0.00816326530612245,0.00816326530612245,0.00816326530612245,0.00816326530612245,0.00816326530612245,0.00816326530612245,0.00816326530612245,0.00816326530612245,0.00816326530612245,0.00816326530612245,0.00816326530612245,0.00816326530612245,0.00816326530612245,0.00816326530612245,0.00816326530612245,0.00816326530612245,0.00816326530612245,0.00816326530612245,0.00816326530612245,0.00816326530612245,0.00816326530612245,0.00816326530612245,0.00816326530612245,0.00816326530612245,0.00816326530612245,0.00816326530612245,0.00816326530612245,0.00816326530612245,0.00816326530612245,0.00816326530612245,0.00816326530612245,0.00816326530612245,0.00816326530612245,0.00816326530612245,0.00816326530612245,0.00816326530612245,0.00816326530612245,0.00816326530612245,0.00816326530612245,0.00816326530612245,0.00816326530612245,0.00816326530612245,0.00816326530612245,0.00816326530612245,0.00816326530612245,0.00816326530612245,0.00816326530612245,0.00816326530612245,0.00816326530612245,0.00816326530612245,0.00816326530612245,0.00816326530612245,0.00816326530612245,0.00816326530612245,0.00816326530612245,0.00816326530612245,0.00816326530612245,0.00816326530612245,0.00816326530612245,0.00816326530612245,0.00816326530612245,0.00816326530612245,0.00816326530612245,0.00816326530612245,0.00816326530612245,0.00816326530612245,0.00816326530612245,0.00816326530612245,0.00816326530612245,0.00816326530612245,0.00816326530612245,0.00816326530612245,0.00816326530612245
0.00918367346938776,0.00918367346938776,0.00918367346938776,0.00918367346938776,0.00918367346938776,0.00918367346938776,0.00918367346938776,0.00918367346938776,0.00918367346938776,0.00918367346938776,0.00918367346938776,0.00918367346938776,0.00918367346938776,0.00918367346938776,0.00918367346938776,0.00918367346938776,0.00918367346938776,0.00918367346938776,0.00918367346938776,0.00918367346938776,0.00918367346938776,0.00918367346938776,0.00918367346938776,0.00918367346938776,0.00918367346938776,0.00918367346938776,0.00918367346938776,0.00918367346938776,0.00918367346938776,0.00918367346938776,0.00918367346938776,0.00918367346938776,0.00918367346938776,0.00918367346938776,0.00918367346938776,0.00918367346938776,0.00918367346938776,0.00918367346938776,0.00918367346938776,0.00918367346938776,0.00918367346938776,0.00918367346938776,0.00918367346938776,0.00918367346938776,0.00918367346938776,0.00918367346938776,0.00918367346938776,0.00918367346938776,0.00918367346938776,0.00918367346938776,0.00918367346938776,0.00918367346938776,0.00918367346938776,0.00918367346938776,0.00918367346938776,0.00918367346938776,0.00918367346938776,0.00918367346938776,0.00918367346938776,0.00918367346938776,0.00918367346938776,0.00918367346938776,0.00918367346938776,0.00918367346938776,0.00918367346938776,0.00918367346938776,0.00918367346938776,0.00918367346938776,0.00918367346938776,0.00918367346938776,0.00918367346938776,0.00918367346938776,0.00918367346938776,0.00918367346938776,0.00918367346938776,0.00918367346938776,0.00918367346938776,0.00918367346938776,0.00918367346938776,0.00918367346938776,0.00918367346938776,0.00918367346938776,0.00918367346938776,0.00918367346938776,0.00918367346938776,0.00918367346938776,0.00918367346938776,0.00918367346938776,0.00918367346938776,0.00918367346938776,0.00918367346938776,0.00918367346938776,0.00918367346938776,0.00918367346938776,0.00918367346938776,0.00918367346938776,0.00918367346938776,0.00918367346938776,0.00918367346938776,0.00918367346938776,0.00918367346938776,0.00918367346938776,0.00918367346938776,0.00918367346938776,0.00918367346938776,0.00918367346938776,0.00918367346938776,0.00918367346938776,0.00918367346938776,0.00918367346938776
0.0102040816326531,0.0102040816326531,0.0102040816326531,0.0102040816326531,0.0102040816326531,0.0102040816326531,0.0102040816326531,0.0102040816326531,0.0102040816326531,0.0102040816326531,0.0102040816326531,0.0102040816326531,0.0102040816326531,0.0102040816326531,0.0102040816326531,0.0102040816326531,0.0102040816326531,0.0102040816326531,0.0102040816326531,0.0102040816326531,0.0102040816326531,0.0102040816326531,0.0102040816326531,0.0102040816326531,0.0102040816326531,0.0102040816326531,0.0102040816326531,0.0102040816326531,0.0102040816326531,0.0102040816326531,0.0102040816326531,0.0102040816326531,0.0102040816326531,0.0102040816326531,0.0102040816326531,0.0102040816326531,0.0102040816326531,0.0102040816326531,0.0102040816326531,0.0102040816326531,0.0102040816326531,0.0102040816326531,0.0102040816326531,0.0102040816326531,0.0102040816326531,0.0102040816326531,0.0102040816326531,0.0102040816326531,0.0102040816326531,0.0102040816326531,0.0102040816326531,0.0102040816326531,0.0102040816326531,0.0102040816326531,0.0102040816326531,0.0102040816326531,0.0102040816326531,0.0102040816326531,0.0102040816326531,0.0102040816326531,0.0102040816326531,0.0102040816326531,0.0102040816326531,0.0102040816326531,0.0102040816326531,0.0102040816326531,0.0102040816326531,0.0102040816326531,0.0102040816326531,0.0102040816326531,0.0102040816326531,0.0102040816326531,0.0102040816326531,0.0102040816326531,0.0102040816326531,0.0102040816326531,0.0102040816326531,0.0102040816326531,0.0102040816326531,0.0102040816326531,0.0102040816326531,0.0102040816326531,0.0102040816326531,0.0102040816326531,0.0102040816326531,0.0102040816326531,0.0102040816326531,0.0102040816326531,0.0102040816326531,0.0102040816326531,0.0102040816326531,0.0102040816326531,0.0102040816326531,0.0102040816326531,0.0102040816326531,0.0102040816326531,0.0102040816326531,0.0102040816326531,0.0102040816326531,0.0102040816326531,0.0102040816326531,0.0102040816326531,0.0102040816326531,0.0102040816326531,0.0102040816326531,0.0102040816326531,0.0102040816326531,0.0102040816326531,0.0102040816326531,0.0102040816326531
0.0112244897959184,0.0112244897959184,0.0112244897959184,0.0112244897959184,0.0112244897959184,0.0112244897959184,0.0112244897959184,0.0112244897959184,0.0112244897959184,0.0112244897959184,0.0112244897959184,0.0112244897959184,0.0112244897959184,0.0112244897959184,0.0112244897959184,0.0112244897959184,0.0112244897959184,0.0112244897959184,0.0112244897959184,0.0112244897959184,0.0112244897959184,0.0112244897959184,0.0112244897959184,0.0112244897959184,0.0112244897959184,0.0112244897959184,0.0112244897959184,0.0112244897959184,0.0112244897959184,0.0112244897959184,0.0112244897959184,0.0112244897959184,0.0112244897959184,0.0112244897959184,0.0112244897959184,0.0112244897959184,0.0112244897959184,0.0112244897959184,0.0112244897959184,0.0112244897959184,0.0112244897959184,0.0112244897959184,0.0112244897959184,0.0112244897959184,0.0112244897959184,0.0112244897959184,0.0112244897959184,0.0112244897959184,0.0112244897959184,0.0112244897959184,0.0112244897959184,0.0112244897959184,0.0112244897959184,0.0112244897959184,0.0112244897959184,0.0112244897959184,0.0112244897959184,0.0112244897959184,0.0112244897959184,0.0112244897959184,0.0112244897959184,0.0112244897959184,0.0112244897959184,0.0112244897959184,0.0112244897959184,0.0112244897959184,0.0112244897959184,0.0112244897959184,0.0112244897959184,0.0112244897959184,0.0112244897959184,0.0112244897959184,0.0112244897959184,0.0112244897959184,0.0112244897959184,0.0112244897959184,0.0112244897959184,0.0112244897959184,0.0112244897959184,0.0112244897959184,0.0112244897959184,0.0112244897959184,0.0112244897959184,0.0112244897959184,0.0112244897959184,0.0112244897959184,0.0112244897959184,0.0112244897959184,0.0112244897959184,0.0112244897959184,0.0112244897959184,0.0112244897959184,0.0112244897959184,0.0112244897959184,0.0112244897959184,0.0112244897959184,0.0112244897959184,0.0112244897959184,0.0112244897959184,0.0112244897959184,0.0112244897959184,0.0112244897959184,0.0112244897959184,0.0112244897959184,0.0112244897959184,0.0112244897959184,0.0112244897959184,0.0112244897959184,0.0112244897959184,0.0112244897959184
0.0122448979591837,0.0122448979591837,0.0122448979591837,0.0122448979591837,0.0122448979591837,0.0122448979591837,0.0122448979591837,0.0122448979591837,0.0122448979591837,0.0122448979591837,0.0122448979591837,0.0122448979591837,0.0122448979591837,0.0122448979591837,0.0122448979591837,0.0122448979591837,0.0122448979591837,0.0122448979591837,0.0122448979591837,0.0122448979591837,0.0122448979591837,0.0122448979591837,0.0122448979591837,0.0122448979591837,0.0122448979591837,0.0122448979591837,0.0122448979591837,0.0122448979591837,0.0122448979591837,0.0122448979591837,0.0122448979591837,0.0122448979591837,0.0122448979591837,0.0122448979591837,0.0122448979591837,0.0122448979591837,0.0122448979591837,0.0122448979591837,0.0122448979591837,0.0122448979591837,0.0122448979591837,0.0122448979591837,0.0122448979591837,0.0122448979591837,0.0122448979591837,0.0122448979591837,0.0122448979591837,0.0122448979591837,0.0122448979591837,0.0122448979591837,0.0122448979591837,0.0122448979591837,0.0122448979591837,0.0122448979591837,0.0122448979591837,0.0122448979591837,0.0122448979591837,0.0122448979591837,0.0122448979591837,0.0122448979591837,0.0122448979591837,0.0122448979591837,0.0122448979591837,0.0122448979591837,0.0122448979591837,0.0122448979591837,0.0122448979591837,0.0122448979591837,0.0122448979591837,0.0122448979591837,0.0122448979591837,0.0122448979591837,0.0122448979591837,0.0122448979591837,0.0122448979591837,0.0122448979591837,0.0122448979591837,0.0122448979591837,0.0122448979591837,0.0122448979591837,0.0122448979591837,0.0122448979591837,0.0122448979591837,0.0122448979591837,0.0122448979591837,0.0122448979591837,0.0122448979591837,0.0122448979591837,0.0122448979591837,0.0122448979591837,0.0122448979591837,0.0122448979591837,0.0122448979591837,0.0122448979591837,0.0122448979591837,0.0122448979591837,0.0122448979591837,0.0122448979591837,0.0122448979591837,0.0122448979591837,0.0122448979591837,0.0122448979591837,0.0122448979591837,0.0122448979591837,0.0122448979591837,0.0122448979591837,0.0122448979591837,0.0122448979591837,0.0122448979591837,0.0122448979591837
0.013265306122449,0.013265306122449,0.013265306122449,0.013265306122449,0.013265306122449,0.013265306122449,0.013265306122449,0.013265306122449,0.013265306122449,0.013265306122449,0.013265306122449,0.013265306122449,0.013265306122449,0.013265306122449,0.013265306122449,0.013265306122449,0.013265306122449,0.013265306122449,0.013265306122449,0.013265306122449,0.013265306122449,0.013265306122449,0.013265306122449,0.013265306122449,0.013265306122449,0.013265306122449,0.013265306122449,0.013265306122449,0.013265306122449,0.013265306122449,0.013265306122449,0.013265306122449,0.013265306122449,0.013265306122449,0.013265306122449,0.013265306122449,0.013265306122449,0.013265306122449,0.013265306122449,0.013265306122449,0.013265306122449,0.013265306122449,0.013265306122449,0.013265306122449,0.013265306122449,0.013265306122449,0.013265306122449,0.013265306122449,0.013265306122449,0.013265306122449,0.013265306122449,0.013265306122449,0.013265306122449,0.013265306122449,0.013265306122449,0.013265306122449,0.013265306122449,0.013265306122449,0.013265306122449,0.013265306122449,0.013265306122449,0.013265306122449,0.013265306122449,0.013265306122449,0.013265306122449,0.013265306122449,0.013265306122449,0.013265306122449,0.013265306122449,0.013265306122449,0.013265306122449,0.013265306122449,0.013265306122449,0.013265306122449,0.013265306122449,0.013265306122449,0.013265306122449,0.013265306122449,0.013265306122449,0.013265306122449,0.013265306122449,0.013265306122449,0.013265306122449,0.013265306122449,0.013265306122449,0.013265306122449,0.013265306122449,0.013265306122449,0.013265306122449,0.013265306122449,0.013265306122449,0.013265306122449,0.013265306122449,0.013265306122449,0.013265306122449,0.013265306122449,0.013265306122449,0.013265306122449,0.013265306122449,0.013265306122449,0.013265306122449,0.013265306122449,0.013265306122449,0.013265306122449,0.013265306122449,0.013265306122449,0.013265306122449,0.013265306122449,0.013265306122449,0.013265306122449
0.0142857142857143,0.0142857142857143,0.0142857142857143,0.0142857142857143,0.0142857142857143,0.0142857142857143,0.0142857142857143,0.0142857142857143,0.0142857142857143,0.0142857142857143,0.0142857142857143,0.0142857142857143,0.0142857142857143,0.0142857142857143,0.0142857142857143,0.0142857142857143,0.0142857142857143,0.0142857142857143,0.0142857142857143,0.0142857142857143,0.0142857142857143,0.0142857142857143,0.0142857142857143,0.0142857142857143,0.0142857142857143,0.0142857142857143,0.0142857142857143,0.0142857142857143,0.0142857142857143,0.0142857142857143,0.0142857142857143,0.0142857142857143,0.0142857142857143,0.0142857142857143,0.0142857142857143,0.0142857142857143,0.0142857142857143,0.0142857142857143,0.0142857142857143,0.0142857142857143,0.0142857142857143,0.0142857142857143,0.0142857142857143,0.0142857142857143,0.0142857142857143,0.0142857142857143,0.0142857142857143,0.0142857142857143,0.0142857142857143,0.0142857142857143,0.0142857142857143,0.0142857142857143,0.0142857142857143,0.0142857142857143,0.0142857142857143,0.0142857142857143,0.0142857142857143,0.0142857142857143,0.0142857142857143,0.0142857142857143,0.0142857142857143,0.0142857142857143,0.0142857142857143,0.0142857142857143,0.0142857142857143,0.0142857142857143,0.0142857142857143,0.0142857142857143,0.0142857142857143,0.0142857142857143,0.0142857142857143,0.0142857142857143,0.0142857142857143,0.0142857142857143,0.0142857142857143,0.0142857142857143,0.0142857142857143,0.0142857142857143,0.0142857142857143,0.0142857142857143,0.0142857142857143,0.0142857142857143,0.0142857142857143,0.0142857142857143,0.0142857142857143,0.0142857142857143,0.0142857142857143,0.0142857142857143,0.0142857142857143,0.0142857142857143,0.0142857142857143,0.0142857142857143,0.0142857142857143,0.0142857142857143,0.0142857142857143,0.0142857142857143,0.0142857142857143,0.0142857142857143,0.0142857142857143,0.0142857142857143,0.0142857142857143,0.0142857142857143,0.0142857142857143,0.0142857142857143,0.0142857142857143,0.0142857142857143,0.0142857142857143,0.0142857142857143,0.0142857142857143,0.0142857142857143
0.0153061224489796,0.0153061224489796,0.0153061224489796,0.0153061224489796,0.0153061224489796,0.0153061224489796,0.0153061224489796,0.0153061224489796,0.0153061224489796,0.0153061224489796,0.0153061224489796,0.0153061224489796,0.0153061224489796,0.0153061224489796,0.0153061224489796,0.0153061224489796,0.0153061224489796,0.0153061224489796,0.0153061224489796,0.0153061224489796,0.0153061224489796,0.0153061224489796,0.0153061224489796,0.0153061224489796,0.0153061224489796,0.0153061224489796,0.0153061224489796,0.0153061224489796,0.0153061224489796,0.0153061224489796,0.0153061224489796,0.0153061224489796,0.0153061224489796,0.0153061224489796,0.0153061224489796,0.0153061224489796,0.0153061224489796,0.0153061224489796,0.0153061224489796,0.0153061224489796,0.0153061224489796,0.0153061224489796,0.0153061224489796,0.0153061224489796,0.0153061224489796,0.0153061224489796,0.0153061224489796,0.0153061224489796,0.0153061224489796,0.0153061224489796,0.0153061224489796,0.0153061224489796,0.0153061224489796,0.0153061224489796,0.0153061224489796,0.0153061224489796,0.0153061224489796,0.0153061224489796,0.0153061224489796,0.0153061224489796,0.0153061224489796,0.0153061224489796,0.0153061224489796,0.0153061224489796,0.0153061224489796,0.0153061224489796,0.0153061224489796,0.0153061224489796,0.0153061224489796,0.0153061224489796,0.0153061224489796,0.0153061224489796,0.0153061224489796,0.0153061224489796,0.0153061224489796,0.0153061224489796,0.0153061224489796,0.0153061224489796,0.0153061224489796,0.0153061224489796,0.0153061224489796,0.0153061224489796,0.0153061224489796,0.0153061224489796,0.0153061224489796,0.0153061224489796,0.0153061224489796,0.0153061224489796,0.0153061224489796,0.0153061224489796,0.0153061224489796,0.0153061224489796,0.0153061224489796,0.0153061224489796,0.0153061224489796,0.0153061224489796,0.0153061224489796,0.0153061224489796,0.0153061224489796,0.0153061224489796,0.0153061224489796,0.0153061224489796,0.0153061224489796,0.0153061224489796,0.0153061224489796,0.0153061224489796,0.0153061224489796,0.0153061224489796,0.0153061224489796,0.0153061224489796
0.0163265306122449,0.0163265306122449,0.0163265306122449,0.0163265306122449,0.0163265306122449,0.0163265306122449,0.0163265306122449,0.0163265306122449,0.0163265306122449,0.0163265306122449,0.0163265306122449,0.0163265306122449,0.0163265306122449,0.0163265306122449,0.0163265306122449,0.0163265306122449,0.0163265306122449,0.0163265306122449,0.0163265306122449,0.0163265306122449,0.0163265306122449,0.0163265306122449,0.0163265306122449,0.0163265306122449,0.0163265306122449,0.0163265306122449,0.0163265306122449,0.0163265306122449,0.0163265306122449,0.0163265306122449,0.0163265306122449,0.0163265306122449,0.0163265306122449,0.0163265306122449,0.0163265306122449,0.0163265306122449,0.0163265306122449,0.0163265306122449,0.0163265306122449,0.0163265306122449,0.0163265306122449,0.0163265306122449,0.0163265306122449,0.0163265306122449,0.0163265306122449,0.0163265306122449,0.0163265306122449,0.0163265306122449,0.0163265306122449,0.0163265306122449,0.0163265306122449,0.0163265306122449,0.0163265306122449,0.0163265306122449,0.0163265306122449,0.0163265306122449,0.0163265306122449,0.0163265306122449,0.0163265306122449,0.0163265306122449,0.0163265306122449,0.0163265306122449,0.0163265306122449,0.0163265306122449,0.0163265306122449,0.0163265306122449,0.0163265306122449,0.0163265306122449,0.0163265306122449,0.0163265306122449,0.0163265306122449,0.0163265306122449,0.0163265306122449,0.0163265306122449,0.0163265306122449,0.0163265306122449,0.0163265306122449,0.0163265306122449,0.0163265306122449,0.0163265306122449,0.0163265306122449,0.0163265306122449,0.0163265306122449,0.0163265306122449,0.0163265306122449,0.0163265306122449,0.0163265306122449,0.0163265306122449,0.0163265306122449,0.0163265306122449,0.0163265306122449,0.0163265306122449,0.0163265306122449,0.0163265306122449,0.0163265306122449,0.0163265306122449,0.0163265306122449,0.0163265306122449,0.0163265306122449,0.0163265306122449,0.0163265306122449,0.0163265306122449,0.0163265306122449,0.0163265306122449,0.0163265306122449,0.0163265306122449,0.0163265306122449,0.0163265306122449,0.0163265306122449,0.0163265306122449
0.0173469387755102,0.0173469387755102,0.0173469387755102,0.0173469387755102,0.0173469387755102,0.0173469387755102,0.0173469387755102,0.0173469387755102,0.0173469387755102,0.0173469387755102,0.0173469387755102,0.0173469387755102,0.0173469387755102,0.0173469387755102,0.0173469387755102,0.0173469387755102,0.0173469387755102,0.0173469387755102,0.0173469387755102,0.0173469387755102,0.0173469387755102,0.0173469387755102,0.0173469387755102,0.0173469387755102,0.0173469387755102,0.0173469387755102,0.0173469387755102,0.0173469387755102,0.0173469387755102,0.0173469387755102,0.0173469387755102,0.0173469387755102,0.0173469387755102,0.0173469387755102,0.0173469387755102,0.0173469387755102,0.0173469387755102,0.0173469387755102,0.0173469387755102,0.0173469387755102,0.0173469387755102,0.0173469387755102,0.0173469387755102,0.0173469387755102,0.0173469387755102,0.0173469387755102,0.0173469387755102,0.0173469387755102,0.0173469387755102,0.0173469387755102,0.0173469387755102,0.0173469387755102,0.0173469387755102,0.0173469387755102,0.0173469387755102,0.0173469387755102,0.0173469387755102,0.0173469387755102,0.0173469387755102,0.0173469387755102,0.0173469387755102,0.0173469387755102,0.0173469387755102,0.0173469387755102,0.0173469387755102,0.0173469387755102,0.0173469387755102,0.0173469387755102,0.0173469387755102,0.0173469387755102,0.0173469387755102,0.0173469387755102,0.0173469387755102,0.0173469387755102,0.0173469387755102,0.0173469387755102,0.0173469387755102,0.0173469387755102,0.0173469387755102,0.0173469387755102,0.0173469387755102,0.0173469387755102,0.0173469387755102,0.0173469387755102,0.0173469387755102,0.0173469387755102,0.0173469387755102,0.0173469387755102,0.0173469387755102,0.0173469387755102,0.0173469387755102,0.0173469387755102,0.0173469387755102,0.0173469387755102,0.0173469387755102,0.0173469387755102,0.0173469387755102,0.0173469387755102,0.0173469387755102,0.0173469387755102,0.0173469387755102,0.0173469387755102,0.0173469387755102,0.0173469387755102,0.0173469387755102,0.0173469387755102,0.0173469387755102,0.0173469387755102,0.0173469387755102,0.0173469387755102
0.0183673469387755,0.0183673469387755,0.0183673469387755,0.0183673469387755,0.0183673469387755,0.0183673469387755,0.0183673469387755,0.0183673469387755,0.0183673469387755,0.0183673469387755,0.0183673469387755,0.0183673469387755,0.0183673469387755,0.0183673469387755,0.0183673469387755,0.0183673469387755,0.0183673469387755,0.0183673469387755,0.0183673469387755,0.0183673469387755,0.0183673469387755,0.0183673469387755,0.0183673469387755,0.0183673469387755,0.0183673469387755,0.0183673469387755,0.0183673469387755,0.0183673469387755,0.0183673469387755,0.0183673469387755,0.0183673469387755,0.0183673469387755,0.0183673469387755,0.0183673469387755,0.0183673469387755,0.0183673469387755,0.0183673469387755,0.0183673469387755,0.0183673469387755,0.0183673469387755,0.0183673469387755,0.0183673469387755,0.0183673469387755,0.0183673469387755,0.0183673469387755,0.0183673469387755,0.0183673469387755,0.0183673469387755,0.0183673469387755,0.0183673469387755,0.0183673469387755,0.0183673469387755,0.0183673469387755,0.0183673469387755,0.0183673469387755,0.0183673469387755,0.0183673469387755,0.0183673469387755,0.0183673469387755,0.0183673469387755,0.0183673469387755,0.0183673469387755,0.0183673469387755,0.0183673469387755,0.0183673469387755,0.0183673469387755,0.0183673469387755,0.0183673469387755,0.0183673469387755,0.0183673469387755,0.0183673469387755,0.0183673469387755,0.0183673469387755,0.0183673469387755,0.0183673469387755,0.0183673469387755,0.0183673469387755,0.0183673469387755,0.0183673469387755,0.0183673469387755,0.0183673469387755,0.0183673469387755,0.0183673469387755,0.0183673469387755,0.0183673469387755,0.0183673469387755,0.0183673469387755,0.0183673469387755,0.0183673469387755,0.0183673469387755,0.0183673469387755,0.0183673469387755,0.0183673469387755,0.0183673469387755,0.0183673469387755,0.0183673469387755,0.0183673469387755,0.0183673469387755,0.0183673469387755,0.0183673469387755,0.0183673469387755,0.0183673469387755,0.0183673469387755,0.0183673469387755,0.0183673469387755,0.0183673469387755,0.0183673469387755,0.0183673469387755,0.0183673469387755,0.0183673469387755
0.0193877551020408,0.0193877551020408,0.0193877551020408,0.0193877551020408,0.0193877551020408,0.0193877551020408,0.0193877551020408,0.0193877551020408,0.0193877551020408,0.0193877551020408,0.0193877551020408,0.0193877551020408,0.0193877551020408,0.0193877551020408,0.0193877551020408,0.0193877551020408,0.0193877551020408,0.0193877551020408,0.0193877551020408,0.0193877551020408,0.0193877551020408,0.0193877551020408,0.0193877551020408,0.0193877551020408,0.0193877551020408,0.0193877551020408,0.0193877551020408,0.0193877551020408,0.0193877551020408,0.0193877551020408,0.0193877551020408,0.0193877551020408,0.0193877551020408,0.0193877551020408,0.0193877551020408,0.0193877551020408,0.0193877551020408,0.0193877551020408,0.0193877551020408,0.0193877551020408,0.0193877551020408,0.0193877551020408,0.0193877551020408,0.0193877551020408,0.0193877551020408,0.0193877551020408,0.0193877551020408,0.0193877551020408,0.0193877551020408,0.0193877551020408,0.0193877551020408,0.0193877551020408,0.0193877551020408,0.0193877551020408,0.0193877551020408,0.0193877551020408,0.0193877551020408,0.0193877551020408,0.0193877551020408,0.0193877551020408,0.0193877551020408,0.0193877551020408,0.0193877551020408,0.0193877551020408,0.0193877551020408,0.0193877551020408,0.0193877551020408,0.0193877551020408,0.0193877551020408,0.0193877551020408,0.0193877551020408,0.0193877551020408,0.0193877551020408,0.0193877551020408,0.0193877551020408,0.0193877551020408,0.0193877551020408,0.0193877551020408,0.0193877551020408,0.0193877551020408,0.0193877551020408,0.0193877551020408,0.0193877551020408,0.0193877551020408,0.0193877551020408,0.0193877551020408,0.0193877551020408,0.0193877551020408,0.0193877551020408,0.0193877551020408,0.0193877551020408,0.0193877551020408,0.0193877551020408,0.0193877551020408,0.0193877551020408,0.0193877551020408,0.0193877551020408,0.0193877551020408,0.0193877551020408,0.0193877551020408,0.0193877551020408,0.0193877551020408,0.0193877551020408,0.0193877551020408,0.0193877551020408,0.0193877551020408,0.0193877551020408,0.0193877551020408,0.0193877551020408,0.0193877551020408
0.0204081632653061,0.0204081632653061,0.0204081632653061,0.0204081632653061,0.0204081632653061,0.0204081632653061,0.0204081632653061,0.0204081632653061,0.0204081632653061,0.0204081632653061,0.0204081632653061,0.0204081632653061,0.0204081632653061,0.0204081632653061,0.0204081632653061,0.0204081632653061,0.0204081632653061,0.0204081632653061,0.0204081632653061,0.0204081632653061,0.0204081632653061,0.0204081632653061,0.0204081632653061,0.0204081632653061,0.0204081632653061,0.0204081632653061,0.0204081632653061,0.0204081632653061,0.0204081632653061,0.0204081632653061,0.0204081632653061,0.0204081632653061,0.0204081632653061,0.0204081632653061,0.0204081632653061,0.0204081632653061,0.0204081632653061,0.0204081632653061,0.0204081632653061,0.0204081632653061,0.0204081632653061,0.0204081632653061,0.0204081632653061,0.0204081632653061,0.0204081632653061,0.0204081632653061,0.0204081632653061,0.0204081632653061,0.0204081632653061,0.0204081632653061,0.0204081632653061,0.0204081632653061,0.0204081632653061,0.0204081632653061,0.0204081632653061,0.0204081632653061,0.0204081632653061,0.0204081632653061,0.0204081632653061,0.0204081632653061,0.0204081632653061,0.0204081632653061,0.0204081632653061,0.0204081632653061,0.0204081632653061,0.0204081632653061,0.0204081632653061,0.0204081632653061,0.0204081632653061,0.0204081632653061,0.0204081632653061,0.0204081632653061,0.0204081632653061,0.0204081632653061,0.0204081632653061,0.0204081632653061,0.0204081632653061,0.0204081632653061,0.0204081632653061,0.0204081632653061,0.0204081632653061,0.0204081632653061,0.0204081632653061,0.0204081632653061,0.0204081632653061,0.0204081632653061,0.0204081632653061,0.0204081632653061,0.0204081632653061,0.0204081632653061,0.0204081632653061,0.0204081632653061,0.0204081632653061,0.0204081632653061,0.0204081632653061,0.0204081632653061,0.0204081632653061,0.0204081632653061,0.0204081632653061,0.0204081632653061,0.0204081632653061,0.0204081632653061,0.0204081632653061,0.0204081632653061,0.0204081632653061,0.0204081632653061,0.0204081632653061,0.0204081632653061,0.0204081632653061,0.0204081632653061
0.0214285714285714,0.0214285714285714,0.0214285714285714,0.0214285714285714,0.0214285714285714,0.0214285714285714,0.0214285714285714,0.0214285714285714,0.0214285714285714,0.0214285714285714,0.0214285714285714,0.0214285714285714,0.0214285714285714,0.0214285714285714,0.0214285714285714,0.0214285714285714,0.0214285714285714,0.0214285714285714,0.0214285714285714,0.0214285714285714,0.0214285714285714,0.0214285714285714,0.0214285714285714,0.0214285714285714,0.0214285714285714,0.0214285714285714,0.0214285714285714,0.0214285714285714,0.0214285714285714,0.0214285714285714,0.0214285714285714,0.0214285714285714,0.0214285714285714,0.0214285714285714,0.0214285714285714,0.0214285714285714,0.0214285714285714,0.0214285714285714,0.0214285714285714,0.0214285714285714,0.0214285714285714,0.0214285714285714,0.0214285714285714,0.0214285714285714,0.0214285714285714,0.0214285714285714,0.0214285714285714,0.0214285714285714,0.0214285714285714,0.0214285714285714,0.0214285714285714,0.0214285714285714,0.0214285714285714,0.0214285714285714,0.0214285714285714,0.0214285714285714,0.0214285714285714,0.0214285714285714,0.0214285714285714,0.0214285714285714,0.0214285714285714,0.0214285714285714,0.0214285714285714,0.0214285714285714,0.0214285714285714,0.0214285714285714,0.0214285714285714,0.0214285714285714,0.0214285714285714,0.0214285714285714,0.0214285714285714,0.0214285714285714,0.0214285714285714,0.0214285714285714,0.0214285714285714,0.0214285714285714,0.0214285714285714,0.0214285714285714,0.0214285714285714,0.0214285714285714,0.0214285714285714,0.0214285714285714,0.0214285714285714,0.0214285714285714,0.0214285714285714,0.0214285714285714,0.0214285714285714,0.0214285714285714,0.0214285714285714,0.0214285714285714,0.0214285714285714,0.0214285714285714,0.0214285714285714,0.0214285714285714,0.0214285714285714,0.0214285714285714,0.0214285714285714,0.0214285714285714,0.0214285714285714,0.0214285714285714,0.0214285714285714,0.0214285714285714,0.0214285714285714,0.0214285714285714,0.0214285714285714,0.0214285714285714,0.0214285714285714,0.0214285714285714,0.0214285714285714,0.0214285714285714
0.0224489795918367,0.0224489795918367,0.0224489795918367,0.0224489795918367,0.0224489795918367,0.0224489795918367,0.0224489795918367,0.0224489795918367,0.0224489795918367,0.0224489795918367,0.0224489795918367,0.0224489795918367,0.0224489795918367,0.0224489795918367,0.0224489795918367,0.0224489795918367,0.0224489795918367,0.0224489795918367,0.0224489795918367,0.0224489795918367,0.0224489795918367,0.0224489795918367,0.0224489795918367,0.0224489795918367,0.0224489795918367,0.0224489795918367,0.0224489795918367,0.0224489795918367,0.0224489795918367,0.0224489795918367,0.0224489795918367,0.0224489795918367,0.0224489795918367,0.0224489795918367,0.0224489795918367,0.0224489795918367,0.0224489795918367,0.0224489795918367,0.0224489795918367,0.0224489795918367,0.0224489795918367,0.0224489795918367,0.0224489795918367,0.0224489795918367,0.0224489795918367,0.0224489795918367,0.0224489795918367,0.0224489795918367,0.0224489795918367,0.0224489795918367,0.0224489795918367,0.0224489795918367,0.0224489795918367,0.0224489795918367,0.0224489795918367,0.0224489795918367,0.0224489795918367,0.0224489795918367,0.0224489795918367,0.0224489795918367,0.0224489795918367,0.0224489795918367,0.0224489795918367,0.0224489795918367,0.0224489795918367,0.0224489795918367,0.0224489795918367,0.0224489795918367,0.0224489795918367,0.0224489795918367,0.0224489795918367,0.0224489795918367,0.0224489795918367,0.0224489795918367,0.0224489795918367,0.0224489795918367,0.0224489795918367,0.0224489795918367,0.0224489795918367,0.0224489795918367,0.0224489795918367,0.0224489795918367,0.0224489795918367,0.0224489795918367,0.0224489795918367,0.0224489795918367,0.0224489795918367,0.0224489795918367,0.0224489795918367,0.0224489795918367,0.0224489795918367,0.0224489795918367,0.0224489795918367,0.0224489795918367,0.0224489795918367,0.0224489795918367,0.0224489795918367,0.0224489795918367,0.0224489795918367,0.0224489795918367,0.0224489795918367,0.0224489795918367,0.0224489795918367,0.0224489795918367,0.0224489795918367,0.0224489795918367,0.0224489795918367,0.0224489795918367,0.0224489795918367,0.0224489795918367
0.023469387755102,0.023469387755102,0.023469387755102,0.023469387755102,0.023469387755102,0.023469387755102,0.023469387755102,0.023469387755102,0.023469387755102,0.023469387755102,0.023469387755102,0.023469387755102,0.023469387755102,0.023469387755102,0.023469387755102,0.023469387755102,0.023469387755102,0.023469387755102,0.023469387755102,0.023469387755102,0.023469387755102,0.023469387755102,0.023469387755102,0.023469387755102,0.023469387755102,0.023469387755102,0.023469387755102,0.023469387755102,0.023469387755102,0.023469387755102,0.023469387755102,0.023469387755102,0.023469387755102,0.023469387755102,0.023469387755102,0.023469387755102,0.023469387755102,0.023469387755102,0.023469387755102,0.023469387755102,0.023469387755102,0.023469387755102,0.023469387755102,0.023469387755102,0.023469387755102,0.023469387755102,0.023469387755102,0.023469387755102,0.023469387755102,0.023469387755102,0.023469387755102,0.023469387755102,0.023469387755102,0.023469387755102,0.023469387755102,0.023469387755102,0.023469387755102,0.023469387755102,0.023469387755102,0.023469387755102,0.023469387755102,0.023469387755102,0.023469387755102,0.023469387755102,0.023469387755102,0.023469387755102,0.023469387755102,0.023469387755102,0.023469387755102,0.023469387755102,0.023469387755102,0.023469387755102,0.023469387755102,0.023469387755102,0.023469387755102,0.023469387755102,0.023469387755102,0.023469387755102,0.023469387755102,0.023469387755102,0.023469387755102,0.023469387755102,0.023469387755102,0.023469387755102,0.023469387755102,0.023469387755102,0.023469387755102,0.023469387755102,0.023469387755102,0.023469387755102,0.023469387755102,0.023469387755102,0.023469387755102,0.023469387755102,0.023469387755102,0.023469387755102,0.023469387755102,0.023469387755102,0.023469387755102,0.023469387755102,0.023469387755102,0.023469387755102,0.023469387755102,0.023469387755102,0.023469387755102,0.023469387755102,0.023469387755102,0.023469387755102,0.023469387755102,0.023469387755102
0.0244897959183673,0.0244897959183673,0.0244897959183673,0.0244897959183673,0.0244897959183673,0.0244897959183673,0.0244897959183673,0.0244897959183673,0.0244897959183673,0.0244897959183673,0.0244897959183673,0.0244897959183673,0.0244897959183673,0.0244897959183673,0.0244897959183673,0.0244897959183673,0.0244897959183673,0.0244897959183673,0.0244897959183673,0.0244897959183673,0.0244897959183673,0.0244897959183673,0.0244897959183673,0.0244897959183673,0.0244897959183673,0.0244897959183673,0.0244897959183673,0.0244897959183673,0.0244897959183673,0.0244897959183673,0.0244897959183673,0.0244897959183673,0.0244897959183673,0.0244897959183673,0.0244897959183673,0.0244897959183673,0.0244897959183673,0.0244897959183673,0.0244897959183673,0.0244897959183673,0.0244897959183673,0.0244897959183673,0.0244897959183673,0.0244897959183673,0.0244897959183673,0.0244897959183673,0.0244897959183673,0.0244897959183673,0.0244897959183673,0.0244897959183673,0.0244897959183673,0.0244897959183673,0.0244897959183673,0.0244897959183673,0.0244897959183673,0.0244897959183673,0.0244897959183673,0.0244897959183673,0.0244897959183673,0.0244897959183673,0.0244897959183673,0.0244897959183673,0.0244897959183673,0.0244897959183673,0.0244897959183673,0.0244897959183673,0.0244897959183673,0.0244897959183673,0.0244897959183673,0.0244897959183673,0.0244897959183673,0.0244897959183673,0.0244897959183673,0.0244897959183673,0.0244897959183673,0.0244897959183673,0.0244897959183673,0.0244897959183673,0.0244897959183673,0.0244897959183673,0.0244897959183673,0.0244897959183673,0.0244897959183673,0.0244897959183673,0.0244897959183673,0.0244897959183673,0.0244897959183673,0.0244897959183673,0.0244897959183673,0.0244897959183673,0.0244897959183673,0.0244897959183673,0.0244897959183673,0.0244897959183673,0.0244897959183673,0.0244897959183673,0.0244897959183673,0.0244897959183673,0.0244897959183673,0.0244897959183673,0.0244897959183673,0.0244897959183673,0.0244897959183673,0.0244897959183673,0.0244897959183673,0.0244897959183673,0.0244897959183673,0.0244897959183673,0.0244897959183673,0.0244897959183673
0.0255102040816327,0.0255102040816327,0.0255102040816327,0.0255102040816327,0.0255102040816327,0.0255102040816327,0.0255102040816327,0.0255102040816327,0.0255102040816327,0.0255102040816327,0.0255102040816327,0.0255102040816327,0.0255102040816327,0.0255102040816327,0.0255102040816327,0.0255102040816327,0.0255102040816327,0.0255102040816327,0.0255102040816327,0.0255102040816327,0.0255102040816327,0.0255102040816327,0.0255102040816327,0.0255102040816327,0.0255102040816327,0.0255102040816327,0.0255102040816327,0.0255102040816327,0.0255102040816327,0.0255102040816327,0.0255102040816327,0.0255102040816327,0.0255102040816327,0.0255102040816327,0.0255102040816327,0.0255102040816327,0.0255102040816327,0.0255102040816327,0.0255102040816327,0.0255102040816327,0.0255102040816327,0.0255102040816327,0.0255102040816327,0.0255102040816327,0.0255102040816327,0.0255102040816327,0.0255102040816327,0.0255102040816327,0.0255102040816327,0.0255102040816327,0.0255102040816327,0.0255102040816327,0.0255102040816327,0.0255102040816327,0.0255102040816327,0.0255102040816327,0.0255102040816327,0.0255102040816327,0.0255102040816327,0.0255102040816327,0.0255102040816327,0.0255102040816327,0.0255102040816327,0.0255102040816327,0.0255102040816327,0.0255102040816327,0.0255102040816327,0.0255102040816327,0.0255102040816327,0.0255102040816327,0.0255102040816327,0.0255102040816327,0.0255102040816327,0.0255102040816327,0.0255102040816327,0.0255102040816327,0.0255102040816327,0.0255102040816327,0.0255102040816327,0.0255102040816327,0.0255102040816327,0.0255102040816327,0.0255102040816327,0.0255102040816327,0.0255102040816327,0.0255102040816327,0.0255102040816327,0.0255102040816327,0.0255102040816327,0.0255102040816327,0.0255102040816327,0.0255102040816327,0.0255102040816327,0.0255102040816327,0.0255102040816327,0.0255102040816327,0.0255102040816327,0.0255102040816327,0.0255102040816327,0.0255102040816327,0.0255102040816327,0.0255102040816327,0.0255102040816327,0.0255102040816327,0.0255102040816327,0.0255102040816327,0.0255102040816327,0.0255102040816327,0.0255102040816327,0.0255102040816327
0.026530612244898,0.026530612244898,0.026530612244898,0.026530612244898,0.026530612244898,0.026530612244898,0.026530612244898,0.026530612244898,0.026530612244898,0.026530612244898,0.026530612244898,0.026530612244898,0.026530612244898,0.026530612244898,0.026530612244898,0.026530612244898,0.026530612244898,0.026530612244898,0.026530612244898,0.026530612244898,0.026530612244898,0.026530612244898,0.026530612244898,0.026530612244898,0.026530612244898,0.026530612244898,0.026530612244898,0.026530612244898,0.026530612244898,0.026530612244898,0.026530612244898,0.026530612244898,0.026530612244898,0.026530612244898,0.026530612244898,0.026530612244898,0.026530612244898,0.026530612244898,0.026530612244898,0.026530612244898,0.026530612244898,0.026530612244898,0.026530612244898,0.026530612244898,0.026530612244898,0.026530612244898,0.026530612244898,0.026530612244898,0.026530612244898,0.026530612244898,0.026530612244898,0.026530612244898,0.026530612244898,0.026530612244898,0.026530612244898,0.026530612244898,0.026530612244898,0.026530612244898,0.026530612244898,0.026530612244898,0.026530612244898,0.026530612244898,0.026530612244898,0.026530612244898,0.026530612244898,0.026530612244898,0.026530612244898,0.026530612244898,0.026530612244898,0.026530612244898,0.026530612244898,0.026530612244898,0.026530612244898,0.026530612244898,0.026530612244898,0.026530612244898,0.026530612244898,0.026530612244898,0.026530612244898,0.026530612244898,0.026530612244898,0.026530612244898,0.026530612244898,0.026530612244898,0.026530612244898,0.026530612244898,0.026530612244898,0.026530612244898,0.026530612244898,0.026530612244898,0.026530612244898,0.026530612244898,0.026530612244898,0.026530612244898,0.026530612244898,0.026530612244898,0.026530612244898,0.026530612244898,0.026530612244898,0.026530612244898,0.026530612244898,0.026530612244898,0.026530612244898,0.026530612244898,0.026530612244898,0.026530612244898,0.026530612244898,0.026530612244898,0.026530612244898,0.026530612244898
0.0275510204081633,0.0275510204081633,0.0275510204081633,0.0275510204081633,0.0275510204081633,0.0275510204081633,0.0275510204081633,0.0275510204081633,0.0275510204081633,0.0275510204081633,0.0275510204081633,0.0275510204081633,0.0275510204081633,0.0275510204081633,0.0275510204081633,0.0275510204081633,0.0275510204081633,0.0275510204081633,0.0275510204081633,0.0275510204081633,0.0275510204081633,0.0275510204081633,0.0275510204081633,0.0275510204081633,0.0275510204081633,0.0275510204081633,0.0275510204081633,0.0275510204081633,0.0275510204081633,0.0275510204081633,0.0275510204081633,0.0275510204081633,0.0275510204081633,0.0275510204081633,0.0275510204081633,0.0275510204081633,0.0275510204081633,0.0275510204081633,0.0275510204081633,0.0275510204081633,0.0275510204081633,0.0275510204081633,0.0275510204081633,0.0275510204081633,0.0275510204081633,0.0275510204081633,0.0275510204081633,0.0275510204081633,0.0275510204081633,0.0275510204081633,0.0275510204081633,0.0275510204081633,0.0275510204081633,0.0275510204081633,0.0275510204081633,0.0275510204081633,0.0275510204081633,0.0275510204081633,0.0275510204081633,0.0275510204081633,0.0275510204081633,0.0275510204081633,0.0275510204081633,0.0275510204081633,0.0275510204081633,0.0275510204081633,0.0275510204081633,0.0275510204081633,0.0275510204081633,0.0275510204081633,0.0275510204081633,0.0275510204081633,0.0275510204081633,0.0275510204081633,0.0275510204081633,0.0275510204081633,0.0275510204081633,0.0275510204081633,0.0275510204081633,0.0275510204081633,0.0275510204081633,0.0275510204081633,0.0275510204081633,0.0275510204081633,0.0275510204081633,0.0275510204081633,0.0275510204081633,0.0275510204081633,0.0275510204081633,0.0275510204081633,0.0275510204081633,0.0275510204081633,0.0275510204081633,0.0275510204081633,0.0275510204081633,0.0275510204081633,0.0275510204081633,0.0275510204081633,0.0275510204081633,0.0275510204081633,0.0275510204081633,0.0275510204081633,0.0275510204081633,0.0275510204081633,0.0275510204081633,0.0275510204081633,0.0275510204081633,0.0275510204081633,0.0275510204081633,0.0275510204081633
0.0285714285714286,0.0285714285714286,0.0285714285714286,0.0285714285714286,0.0285714285714286,0.0285714285714286,0.0285714285714286,0.0285714285714286,0.0285714285714286,0.0285714285714286,0.0285714285714286,0.0285714285714286,0.0285714285714286,0.0285714285714286,0.0285714285714286,0.0285714285714286,0.0285714285714286,0.0285714285714286,0.0285714285714286,0.0285714285714286,0.0285714285714286,0.0285714285714286,0.0285714285714286,0.0285714285714286,0.0285714285714286,0.0285714285714286,0.0285714285714286,0.0285714285714286,0.0285714285714286,0.0285714285714286,0.0285714285714286,0.0285714285714286,0.0285714285714286,0.0285714285714286,0.0285714285714286,0.0285714285714286,0.0285714285714286,0.0285714285714286,0.0285714285714286,0.0285714285714286,0.0285714285714286,0.0285714285714286,0.0285714285714286,0.0285714285714286,0.0285714285714286,0.0285714285714286,0.0285714285714286,0.0285714285714286,0.0285714285714286,0.0285714285714286,0.0285714285714286,0.0285714285714286,0.0285714285714286,0.0285714285714286,0.0285714285714286,0.0285714285714286,0.0285714285714286,0.0285714285714286,0.0285714285714286,0.0285714285714286,0.0285714285714286,0.0285714285714286,0.0285714285714286,0.0285714285714286,0.0285714285714286,0.0285714285714286,0.0285714285714286,0.0285714285714286,0.0285714285714286,0.0285714285714286,0.0285714285714286,0.0285714285714286,0.0285714285714286,0.0285714285714286,0.0285714285714286,0.0285714285714286,0.0285714285714286,0.0285714285714286,0.0285714285714286,0.0285714285714286,0.0285714285714286,0.0285714285714286,0.0285714285714286,0.0285714285714286,0.0285714285714286,0.0285714285714286,0.0285714285714286,0.0285714285714286,0.0285714285714286,0.0285714285714286,0.0285714285714286,0.0285714285714286,0.0285714285714286,0.0285714285714286,0.0285714285714286,0.0285714285714286,0.0285714285714286,0.0285714285714286,0.0285714285714286,0.0285714285714286,0.0285714285714286,0.0285714285714286,0.0285714285714286,0.0285714285714286,0.0285714285714286,0.0285714285714286,0.0285714285714286,0.0285714285714286,0.0285714285714286,0.0285714285714286
0.0295918367346939,0.0295918367346939,0.0295918367346939,0.0295918367346939,0.0295918367346939,0.0295918367346939,0.0295918367346939,0.0295918367346939,0.0295918367346939,0.0295918367346939,0.0295918367346939,0.0295918367346939,0.0295918367346939,0.0295918367346939,0.0295918367346939,0.0295918367346939,0.0295918367346939,0.0295918367346939,0.0295918367346939,0.0295918367346939,0.0295918367346939,0.0295918367346939,0.0295918367346939,0.0295918367346939,0.0295918367346939,0.0295918367346939,0.0295918367346939,0.0295918367346939,0.0295918367346939,0.0295918367346939,0.0295918367346939,0.0295918367346939,0.0295918367346939,0.0295918367346939,0.0295918367346939,0.0295918367346939,0.0295918367346939,0.0295918367346939,0.0295918367346939,0.0295918367346939,0.0295918367346939,0.0295918367346939,0.0295918367346939,0.0295918367346939,0.0295918367346939,0.0295918367346939,0.0295918367346939,0.0295918367346939,0.0295918367346939,0.0295918367346939,0.0295918367346939,0.0295918367346939,0.0295918367346939,0.0295918367346939,0.0295918367346939,0.0295918367346939,0.0295918367346939,0.0295918367346939,0.0295918367346939,0.0295918367346939,0.0295918367346939,0.0295918367346939,0.0295918367346939,0.0295918367346939,0.0295918367346939,0.0295918367346939,0.0295918367346939,0.0295918367346939,0.0295918367346939,0.0295918367346939,0.0295918367346939,0.0295918367346939,0.0295918367346939,0.0295918367346939,0.0295918367346939,0.0295918367346939,0.0295918367346939,0.0295918367346939,0.0295918367346939,0.0295918367346939,0.0295918367346939,0.0295918367346939,0.0295918367346939,0.0295918367346939,0.0295918367346939,0.0295918367346939,0.0295918367346939,0.0295918367346939,0.0295918367346939,0.0295918367346939,0.0295918367346939,0.0295918367346939,0.0295918367346939,0.0295918367346939,0.0295918367346939,0.0295918367346939,0.0295918367346939,0.0295918367346939,0.0295918367346939,0.0295918367346939,0.0295918367346939,0.0295918367346939,0.0295918367346939,0.0295918367346939,0.0295918367346939,0.0295918367346939,0.0295918367346939,0.0295918367346939,0.0295918367346939,0.0295918367346939
0.0306122448979592,0.0306122448979592,0.0306122448979592,0.0306122448979592,0.0306122448979592,0.0306122448979592,0.0306122448979592,0.0306122448979592,0.0306122448979592,0.0306122448979592,0.0306122448979592,0.0306122448979592,0.0306122448979592,0.0306122448979592,0.0306122448979592,0.0306122448979592,0.0306122448979592,0.0306122448979592,0.0306122448979592,0.0306122448979592,0.0306122448979592,0.0306122448979592,0.0306122448979592,0.0306122448979592,0.0306122448979592,0.0306122448979592,0.0306122448979592,0.0306122448979592,0.0306122448979592,0.0306122448979592,0.0306122448979592,0.0306122448979592,0.0306122448979592,0.0306122448979592,0.0306122448979592,0.0306122448979592,0.0306122448979592,0.0306122448979592,0.0306122448979592,0.0306122448979592,0.0306122448979592,0.0306122448979592,0.0306122448979592,0.0306122448979592,0.0306122448979592,0.0306122448979592,0.0306122448979592,0.0306122448979592,0.0306122448979592,0.0306122448979592,0.0306122448979592,0.0306122448979592,0.0306122448979592,0.0306122448979592,0.0306122448979592,0.0306122448979592,0.0306122448979592,0.0306122448979592,0.0306122448979592,0.0306122448979592,0.0306122448979592,0.0306122448979592,0.0306122448979592,0.0306122448979592,0.0306122448979592,0.0306122448979592,0.0306122448979592,0.0306122448979592,0.0306122448979592,0.0306122448979592,0.0306122448979592,0.0306122448979592,0.0306122448979592,0.0306122448979592,0.0306122448979592,0.0306122448979592,0.0306122448979592,0.0306122448979592,0.0306122448979592,0.0306122448979592,0.0306122448979592,0.0306122448979592,0.0306122448979592,0.0306122448979592,0.0306122448979592,0.0306122448979592,0.0306122448979592,0.0306122448979592,0.0306122448979592,0.0306122448979592,0.0306122448979592,0.0306122448979592,0.0306122448979592,0.0306122448979592,0.0306122448979592,0.0306122448979592,0.0306122448979592,0.0306122448979592,0.0306122448979592,0.0306122448979592,0.0306122448979592,0.0306122448979592,0.0306122448979592,0.0306122448979592,0.0306122448979592,0.0306122448979592,0.0306122448979592,0.0306122448979592,0.0306122448979592,0.0306122448979592
0.0316326530612245,0.0316326530612245,0.0316326530612245,0.0316326530612245,0.0316326530612245,0.0316326530612245,0.0316326530612245,0.0316326530612245,0.0316326530612245,0.0316326530612245,0.0316326530612245,0.0316326530612245,0.0316326530612245,0.0316326530612245,0.0316326530612245,0.0316326530612245,0.0316326530612245,0.0316326530612245,0.0316326530612245,0.0316326530612245,0.0316326530612245,0.0316326530612245,0.0316326530612245,0.0316326530612245,0.0316326530612245,0.0316326530612245,0.0316326530612245,0.0316326530612245,0.0316326530612245,0.0316326530612245,0.0316326530612245,0.0316326530612245,0.0316326530612245,0.0316326530612245,0.0316326530612245,0.0316326530612245,0.0316326530612245,0.0316326530612245,0.0316326530612245,0.0316326530612245,0.0316326530612245,0.0316326530612245,0.0316326530612245,0.0316326530612245,0.0316326530612245,0.0316326530612245,0.0316326530612245,0.0316326530612245,0.0316326530612245,0.0316326530612245,0.0316326530612245,0.0316326530612245,0.0316326530612245,0.0316326530612245,0.0316326530612245,0.0316326530612245,0.0316326530612245,0.0316326530612245,0.0316326530612245,0.0316326530612245,0.0316326530612245,0.0316326530612245,0.0316326530612245,0.0316326530612245,0.0316326530612245,0.0316326530612245,0.0316326530612245,0.0316326530612245,0.0316326530612245,0.0316326530612245,0.0316326530612245,0.0316326530612245,0.0316326530612245,0.0316326530612245,0.0316326530612245,0.0316326530612245,0.0316326530612245,0.0316326530612245,0.0316326530612245,0.0316326530612245,0.0316326530612245,0.0316326530612245,0.0316326530612245,0.0316326530612245,0.0316326530612245,0.0316326530612245,0.0316326530612245,0.0316326530612245,0.0316326530612245,0.0316326530612245,0.0316326530612245,0.0316326530612245,0.0316326530612245,0.0316326530612245,0.0316326530612245,0.0316326530612245,0.0316326530612245,0.0316326530612245,0.0316326530612245,0.0316326530612245,0.0316326530612245,0.0316326530612245,0.0316326530612245,0.0316326530612245,0.0316326530612245,0.0316326530612245,0.0316326530612245,0.0316326530612245,0.0316326530612245,0.0316326530612245
0.0326530612244898,0.0326530612244898,0.0326530612244898,0.0326530612244898,0.0326530612244898,0.0326530612244898,0.0326530612244898,0.0326530612244898,0.0326530612244898,0.0326530612244898,0.0326530612244898,0.0326530612244898,0.0326530612244898,0.0326530612244898,0.0326530612244898,0.0326530612244898,0.0326530612244898,0.0326530612244898,0.0326530612244898,0.0326530612244898,0.0326530612244898,0.0326530612244898,0.0326530612244898,0.0326530612244898,0.0326530612244898,0.0326530612244898,0.0326530612244898,0.0326530612244898,0.0326530612244898,0.0326530612244898,0.0326530612244898,0.0326530612244898,0.0326530612244898,0.0326530612244898,0.0326530612244898,0.0326530612244898,0.0326530612244898,0.0326530612244898,0.0326530612244898,0.0326530612244898,0.0326530612244898,0.0326530612244898,0.0326530612244898,0.0326530612244898,0.0326530612244898,0.0326530612244898,0.0326530612244898,0.0326530612244898,0.0326530612244898,0.0326530612244898,0.0326530612244898,0.0326530612244898,0.0326530612244898,0.0326530612244898,0.0326530612244898,0.0326530612244898,0.0326530612244898,0.0326530612244898,0.0326530612244898,0.0326530612244898,0.0326530612244898,0.0326530612244898,0.0326530612244898,0.0326530612244898,0.0326530612244898,0.0326530612244898,0.0326530612244898,0.0326530612244898,0.0326530612244898,0.0326530612244898,0.0326530612244898,0.0326530612244898,0.0326530612244898,0.0326530612244898,0.0326530612244898,0.0326530612244898,0.0326530612244898,0.0326530612244898,0.0326530612244898,0.0326530612244898,0.0326530612244898,0.0326530612244898,0.0326530612244898,0.0326530612244898,0.0326530612244898,0.0326530612244898,0.0326530612244898,0.0326530612244898,0.0326530612244898,0.0326530612244898,0.0326530612244898,0.0326530612244898,0.0326530612244898,0.0326530612244898,0.0326530612244898,0.0326530612244898,0.0326530612244898,0.0326530612244898,0.0326530612244898,0.0326530612244898,0.0326530612244898,0.0326530612244898,0.0326530612244898,0.0326530612244898,0.0326530612244898,0.0326530612244898,0.0326530612244898,0.0326530612244898,0.0326530612244898,0.0326530612244898
0.0336734693877551,0.0336734693877551,0.0336734693877551,0.0336734693877551,0.0336734693877551,0.0336734693877551,0.0336734693877551,0.0336734693877551,0.0336734693877551,0.0336734693877551,0.0336734693877551,0.0336734693877551,0.0336734693877551,0.0336734693877551,0.0336734693877551,0.0336734693877551,0.0336734693877551,0.0336734693877551,0.0336734693877551,0.0336734693877551,0.0336734693877551,0.0336734693877551,0.0336734693877551,0.0336734693877551,0.0336734693877551,0.0336734693877551,0.0336734693877551,0.0336734693877551,0.0336734693877551,0.0336734693877551,0.0336734693877551,0.0336734693877551,0.0336734693877551,0.0336734693877551,0.0336734693877551,0.0336734693877551,0.0336734693877551,0.0336734693877551,0.0336734693877551,0.0336734693877551,0.0336734693877551,0.0336734693877551,0.0336734693877551,0.0336734693877551,0.0336734693877551,0.0336734693877551,0.0336734693877551,0.0336734693877551,0.0336734693877551,0.0336734693877551,0.0336734693877551,0.0336734693877551,0.0336734693877551,0.0336734693877551,0.0336734693877551,0.0336734693877551,0.0336734693877551,0.0336734693877551,0.0336734693877551,0.0336734693877551,0.0336734693877551,0.0336734693877551,0.0336734693877551,0.0336734693877551,0.0336734693877551,0.0336734693877551,0.0336734693877551,0.0336734693877551,0.0336734693877551,0.0336734693877551,0.0336734693877551,0.0336734693877551,0.0336734693877551,0.0336734693877551,0.0336734693877551,0.0336734693877551,0.0336734693877551,0.0336734693877551,0.0336734693877551,0.0336734693877551,0.0336734693877551,0.0336734693877551,0.0336734693877551,0.0336734693877551,0.0336734693877551,0.0336734693877551,0.0336734693877551,0.0336734693877551,0.0336734693877551,0.0336734693877551,0.0336734693877551,0.0336734693877551,0.0336734693877551,0.0336734693877551,0.0336734693877551,0.0336734693877551,0.0336734693877551,0.0336734693877551,0.0336734693877551,0.0336734693877551,0.0336734693877551,0.0336734693877551,0.0336734693877551,0.0336734693877551,0.0336734693877551,0.0336734693877551,0.0336734693877551,0.0336734693877551,0.0336734693877551,0.0336734693877551
0.0346938775510204,0.0346938775510204,0.0346938775510204,0.0346938775510204,0.0346938775510204,0.0346938775510204,0.0346938775510204,0.0346938775510204,0.0346938775510204,0.0346938775510204,0.0346938775510204,0.0346938775510204,0.0346938775510204,0.0346938775510204,0.0346938775510204,0.0346938775510204,0.0346938775510204,0.0346938775510204,0.0346938775510204,0.0346938775510204,0.0346938775510204,0.0346938775510204,0.0346938775510204,0.0346938775510204,0.0346938775510204,0.0346938775510204,0.0346938775510204,0.0346938775510204,0.0346938775510204,0.0346938775510204,0.0346938775510204,0.0346938775510204,0.0346938775510204,0.0346938775510204,0.0346938775510204,0.0346938775510204,0.0346938775510204,0.0346938775510204,0.0346938775510204,0.0346938775510204,0.0346938775510204,0.0346938775510204,0.0346938775510204,0.0346938775510204,0.0346938775510204,0.0346938775510204,0.0346938775510204,0.0346938775510204,0.0346938775510204,0.0346938775510204,0.0346938775510204,0.0346938775510204,0.0346938775510204,0.0346938775510204,0.0346938775510204,0.0346938775510204,0.0346938775510204,0.0346938775510204,0.0346938775510204,0.0346938775510204,0.0346938775510204,0.0346938775510204,0.0346938775510204,0.0346938775510204,0.0346938775510204,0.0346938775510204,0.0346938775510204,0.0346938775510204,0.0346938775510204,0.0346938775510204,0.0346938775510204,0.0346938775510204,0.0346938775510204,0.0346938775510204,0.0346938775510204,0.0346938775510204,0.0346938775510204,0.0346938775510204,0.0346938775510204,0.0346938775510204,0.0346938775510204,0.0346938775510204,0.0346938775510204,0.0346938775510204,0.0346938775510204,0.0346938775510204,0.0346938775510204,0.0346938775510204,0.0346938775510204,0.0346938775510204,0.0346938775510204,0.0346938775510204,0.0346938775510204,0.0346938775510204,0.0346938775510204,0.0346938775510204,0.0346938775510204,0.0346938775510204,0.0346938775510204,0.0346938775510204,0.0346938775510204,0.0346938775510204,0.0346938775510204,0.0346938775510204,0.0346938775510204,0.0346938775510204,0.0346938775510204,0.0346938775510204,0.0346938775510204,0.0346938775510204
0.0357142857142857,0.0357142857142857,0.0357142857142857,0.0357142857142857,0.0357142857142857,0.0357142857142857,0.0357142857142857,0.0357142857142857,0.0357142857142857,0.0357142857142857,0.0357142857142857,0.0357142857142857,0.0357142857142857,0.0357142857142857,0.0357142857142857,0.0357142857142857,0.0357142857142857,0.0357142857142857,0.0357142857142857,0.0357142857142857,0.0357142857142857,0.0357142857142857,0.0357142857142857,0.0357142857142857,0.0357142857142857,0.0357142857142857,0.0357142857142857,0.0357142857142857,0.0357142857142857,0.0357142857142857,0.0357142857142857,0.0357142857142857,0.0357142857142857,0.0357142857142857,0.0357142857142857,0.0357142857142857,0.0357142857142857,0.0357142857142857,0.0357142857142857,0.0357142857142857,0.0357142857142857,0.0357142857142857,0.0357142857142857,0.0357142857142857,0.0357142857142857,0.0357142857142857,0.0357142857142857,0.0357142857142857,0.0357142857142857,0.0357142857142857,0.0357142857142857,0.0357142857142857,0.0357142857142857,0.0357142857142857,0.0357142857142857,0.0357142857142857,0.0357142857142857,0.0357142857142857,0.0357142857142857,0.0357142857142857,0.0357142857142857,0.0357142857142857,0.0357142857142857,0.0357142857142857,0.0357142857142857,0.0357142857142857,0.0357142857142857,0.0357142857142857,0.0357142857142857,0.0357142857142857,0.0357142857142857,0.0357142857142857,0.0357142857142857,0.0357142857142857,0.0357142857142857,0.0357142857142857,0.0357142857142857,0.0357142857142857,0.0357142857142857,0.0357142857142857,0.0357142857142857,0.0357142857142857,0.0357142857142857,0.0357142857142857,0.0357142857142857,0.0357142857142857,0.0357142857142857,0.0357142857142857,0.0357142857142857,0.0357142857142857,0.0357142857142857,0.0357142857142857,0.0357142857142857,0.0357142857142857,0.0357142857142857,0.0357142857142857,0.0357142857142857,0.0357142857142857,0.0357142857142857,0.0357142857142857,0.0357142857142857,0.0357142857142857,0.0357142857142857,0.0357142857142857,0.0357142857142857,0.0357142857142857,0.0357142857142857,0.0357142857142857,0.0357142857142857,0.0357142857142857
0.036734693877551,0.036734693877551,0.036734693877551,0.036734693877551,0.036734693877551,0.036734693877551,0.036734693877551,0.036734693877551,0.036734693877551,0.036734693877551,0.036734693877551,0.036734693877551,0.036734693877551,0.036734693877551,0.036734693877551,0.036734693877551,0.036734693877551,0.036734693877551,0.036734693877551,0.036734693877551,0.036734693877551,0.036734693877551,0.036734693877551,0.036734693877551,0.036734693877551,0.036734693877551,0.036734693877551,0.036734693877551,0.036734693877551,0.036734693877551,0.036734693877551,0.036734693877551,0.036734693877551,0.036734693877551,0.036734693877551,0.036734693877551,0.036734693877551,0.036734693877551,0.036734693877551,0.036734693877551,0.036734693877551,0.036734693877551,0.036734693877551,0.036734693877551,0.036734693877551,0.036734693877551,0.036734693877551,0.036734693877551,0.036734693877551,0.036734693877551,0.036734693877551,0.036734693877551,0.036734693877551,0.036734693877551,0.036734693877551,0.036734693877551,0.036734693877551,0.036734693877551,0.036734693877551,0.036734693877551,0.036734693877551,0.036734693877551,0.036734693877551,0.036734693877551,0.036734693877551,0.036734693877551,0.036734693877551,0.036734693877551,0.036734693877551,0.036734693877551,0.036734693877551,0.036734693877551,0.036734693877551,0.036734693877551,0.036734693877551,0.036734693877551,0.036734693877551,0.036734693877551,0.036734693877551,0.036734693877551,0.036734693877551,0.036734693877551,0.036734693877551,0.036734693877551,0.036734693877551,0.036734693877551,0.036734693877551,0.036734693877551,0.036734693877551,0.036734693877551,0.036734693877551,0.036734693877551,0.036734693877551,0.036734693877551,0.036734693877551,0.036734693877551,0.036734693877551,0.036734693877551,0.036734693877551,0.036734693877551,0.036734693877551,0.036734693877551,0.036734693877551,0.036734693877551,0.036734693877551,0.036734693877551,0.036734693877551,0.036734693877551,0.036734693877551,0.036734693877551
0.0377551020408163,0.0377551020408163,0.0377551020408163,0.0377551020408163,0.0377551020408163,0.0377551020408163,0.0377551020408163,0.0377551020408163,0.0377551020408163,0.0377551020408163,0.0377551020408163,0.0377551020408163,0.0377551020408163,0.0377551020408163,0.0377551020408163,0.0377551020408163,0.0377551020408163,0.0377551020408163,0.0377551020408163,0.0377551020408163,0.0377551020408163,0.0377551020408163,0.0377551020408163,0.0377551020408163,0.0377551020408163,0.0377551020408163,0.0377551020408163,0.0377551020408163,0.0377551020408163,0.0377551020408163,0.0377551020408163,0.0377551020408163,0.0377551020408163,0.0377551020408163,0.0377551020408163,0.0377551020408163,0.0377551020408163,0.0377551020408163,0.0377551020408163,0.0377551020408163,0.0377551020408163,0.0377551020408163,0.0377551020408163,0.0377551020408163,0.0377551020408163,0.0377551020408163,0.0377551020408163,0.0377551020408163,0.0377551020408163,0.0377551020408163,0.0377551020408163,0.0377551020408163,0.0377551020408163,0.0377551020408163,0.0377551020408163,0.0377551020408163,0.0377551020408163,0.0377551020408163,0.0377551020408163,0.0377551020408163,0.0377551020408163,0.0377551020408163,0.0377551020408163,0.0377551020408163,0.0377551020408163,0.0377551020408163,0.0377551020408163,0.0377551020408163,0.0377551020408163,0.0377551020408163,0.0377551020408163,0.0377551020408163,0.0377551020408163,0.0377551020408163,0.0377551020408163,0.0377551020408163,0.0377551020408163,0.0377551020408163,0.0377551020408163,0.0377551020408163,0.0377551020408163,0.0377551020408163,0.0377551020408163,0.0377551020408163,0.0377551020408163,0.0377551020408163,0.0377551020408163,0.0377551020408163,0.0377551020408163,0.0377551020408163,0.0377551020408163,0.0377551020408163,0.0377551020408163,0.0377551020408163,0.0377551020408163,0.0377551020408163,0.0377551020408163,0.0377551020408163,0.0377551020408163,0.0377551020408163,0.0377551020408163,0.0377551020408163,0.0377551020408163,0.0377551020408163,0.0377551020408163,0.0377551020408163,0.0377551020408163,0.0377551020408163,0.0377551020408163,0.0377551020408163
0.0387755102040816,0.0387755102040816,0.0387755102040816,0.0387755102040816,0.0387755102040816,0.0387755102040816,0.0387755102040816,0.0387755102040816,0.0387755102040816,0.0387755102040816,0.0387755102040816,0.0387755102040816,0.0387755102040816,0.0387755102040816,0.0387755102040816,0.0387755102040816,0.0387755102040816,0.0387755102040816,0.0387755102040816,0.0387755102040816,0.0387755102040816,0.0387755102040816,0.0387755102040816,0.0387755102040816,0.0387755102040816,0.0387755102040816,0.0387755102040816,0.0387755102040816,0.0387755102040816,0.0387755102040816,0.0387755102040816,0.0387755102040816,0.0387755102040816,0.0387755102040816,0.0387755102040816,0.0387755102040816,0.0387755102040816,0.0387755102040816,0.0387755102040816,0.0387755102040816,0.0387755102040816,0.0387755102040816,0.0387755102040816,0.0387755102040816,0.0387755102040816,0.0387755102040816,0.0387755102040816,0.0387755102040816,0.0387755102040816,0.0387755102040816,0.0387755102040816,0.0387755102040816,0.0387755102040816,0.0387755102040816,0.0387755102040816,0.0387755102040816,0.0387755102040816,0.0387755102040816,0.0387755102040816,0.0387755102040816,0.0387755102040816,0.0387755102040816,0.0387755102040816,0.0387755102040816,0.0387755102040816,0.0387755102040816,0.0387755102040816,0.0387755102040816,0.0387755102040816,0.0387755102040816,0.0387755102040816,0.0387755102040816,0.0387755102040816,0.0387755102040816,0.0387755102040816,0.0387755102040816,0.0387755102040816,0.0387755102040816,0.0387755102040816,0.0387755102040816,0.0387755102040816,0.0387755102040816,0.0387755102040816,0.0387755102040816,0.0387755102040816,0.0387755102040816,0.0387755102040816,0.0387755102040816,0.0387755102040816,0.0387755102040816,0.0387755102040816,0.0387755102040816,0.0387755102040816,0.0387755102040816,0.0387755102040816,0.0387755102040816,0.0387755102040816,0.0387755102040816,0.0387755102040816,0.0387755102040816,0.0387755102040816,0.0387755102040816,0.0387755102040816,0.0387755102040816,0.0387755102040816,0.0387755102040816,0.0387755102040816,0.0387755102040816,0.0387755102040816,0.0387755102040816
0.0397959183673469,0.0397959183673469,0.0397959183673469,0.0397959183673469,0.0397959183673469,0.0397959183673469,0.0397959183673469,0.0397959183673469,0.0397959183673469,0.0397959183673469,0.0397959183673469,0.0397959183673469,0.0397959183673469,0.0397959183673469,0.0397959183673469,0.0397959183673469,0.0397959183673469,0.0397959183673469,0.0397959183673469,0.0397959183673469,0.0397959183673469,0.0397959183673469,0.0397959183673469,0.0397959183673469,0.0397959183673469,0.0397959183673469,0.0397959183673469,0.0397959183673469,0.0397959183673469,0.0397959183673469,0.0397959183673469,0.0397959183673469,0.0397959183673469,0.0397959183673469,0.0397959183673469,0.0397959183673469,0.0397959183673469,0.0397959183673469,0.0397959183673469,0.0397959183673469,0.0397959183673469,0.0397959183673469,0.0397959183673469,0.0397959183673469,0.0397959183673469,0.0397959183673469,0.0397959183673469,0.0397959183673469,0.0397959183673469,0.0397959183673469,0.0397959183673469,0.0397959183673469,0.0397959183673469,0.0397959183673469,0.0397959183673469,0.0397959183673469,0.0397959183673469,0.0397959183673469,0.0397959183673469,0.0397959183673469,0.0397959183673469,0.0397959183673469,0.0397959183673469,0.0397959183673469,0.0397959183673469,0.0397959183673469,0.0397959183673469,0.0397959183673469,0.0397959183673469,0.0397959183673469,0.0397959183673469,0.0397959183673469,0.0397959183673469,0.0397959183673469,0.0397959183673469,0.0397959183673469,0.0397959183673469,0.0397959183673469,0.0397959183673469,0.0397959183673469,0.0397959183673469,0.0397959183673469,0.0397959183673469,0.0397959183673469,0.0397959183673469,0.0397959183673469,0.0397959183673469,0.0397959183673469,0.0397959183673469,0.0397959183673469,0.0397959183673469,0.0397959183673469,0.0397959183673469,0.0397959183673469,0.0397959183673469,0.0397959183673469,0.0397959183673469,0.0397959183673469,0.0397959183673469,0.0397959183673469,0.0397959183673469,0.0397959183673469,0.0397959183673469,0.0397959183673469,0.0397959183673469,0.0397959183673469,0.0397959183673469,0.0397959183673469,0.0397959183673469,0.0397959183673469
0.0408163265306122,0.0408163265306122,0.0408163265306122,0.0408163265306122,0.0408163265306122,0.0408163265306122,0.0408163265306122,0.0408163265306122,0.0408163265306122,0.0408163265306122,0.0408163265306122,0.0408163265306122,0.0408163265306122,0.0408163265306122,0.0408163265306122,0.0408163265306122,0.0408163265306122,0.0408163265306122,0.0408163265306122,0.0408163265306122,0.0408163265306122,0.0408163265306122,0.0408163265306122,0.0408163265306122,0.0408163265306122,0.0408163265306122,0.0408163265306122,0.0408163265306122,0.0408163265306122,0.0408163265306122,0.0408163265306122,0.0408163265306122,0.0408163265306122,0.0408163265306122,0.0408163265306122,0.0408163265306122,0.0408163265306122,0.0408163265306122,0.0408163265306122,0.0408163265306122,0.0408163265306122,0.0408163265306122,0.0408163265306122,0.0408163265306122,0.0408163265306122,0.0408163265306122,0.0408163265306122,0.0408163265306122,0.0408163265306122,0.0408163265306122,0.0408163265306122,0.0408163265306122,0.0408163265306122,0.0408163265306122,0.0408163265306122,0.0408163265306122,0.0408163265306122,0.0408163265306122,0.0408163265306122,0.0408163265306122,0.0408163265306122,0.0408163265306122,0.0408163265306122,0.0408163265306122,0.0408163265306122,0.0408163265306122,0.0408163265306122,0.0408163265306122,0.0408163265306122,0.0408163265306122,0.0408163265306122,0.0408163265306122,0.0408163265306122,0.0408163265306122,0.0408163265306122,0.0408163265306122,0.0408163265306122,0.0408163265306122,0.0408163265306122,0.0408163265306122,0.0408163265306122,0.0408163265306122,0.0408163265306122,0.0408163265306122,0.0408163265306122,0.0408163265306122,0.0408163265306122,0.0408163265306122,0.0408163265306122,0.0408163265306122,0.0408163265306122,0.0408163265306122,0.0408163265306122,0.0408163265306122,0.0408163265306122,0.0408163265306122,0.0408163265306122,0.0408163265306122,0.0408163265306122,0.0408163265306122,0.0408163265306122,0.0408163265306122,0.0408163265306122,0.0408163265306122,0.0408163265306122,0.0408163265306122,0.0408163265306122,0.0408163265306122,0.0408163265306122,0.0408163265306122
0.0418367346938776,0.0418367346938776,0.0418367346938776,0.0418367346938776,0.0418367346938776,0.0418367346938776,0.0418367346938776,0.0418367346938776,0.0418367346938776,0.0418367346938776,0.0418367346938776,0.0418367346938776,0.0418367346938776,0.0418367346938776,0.0418367346938776,0.0418367346938776,0.0418367346938776,0.0418367346938776,0.0418367346938776,0.0418367346938776,0.0418367346938776,0.0418367346938776,0.0418367346938776,0.0418367346938776,0.0418367346938776,0.0418367346938776,0.0418367346938776,0.0418367346938776,0.0418367346938776,0.0418367346938776,0.0418367346938776,0.0418367346938776,0.0418367346938776,0.0418367346938776,0.0418367346938776,0.0418367346938776,0.0418367346938776,0.0418367346938776,0.0418367346938776,0.0418367346938776,0.0418367346938776,0.0418367346938776,0.0418367346938776,0.0418367346938776,0.0418367346938776,0.0418367346938776,0.0418367346938776,0.0418367346938776,0.0418367346938776,0.0418367346938776,0.0418367346938776,0.0418367346938776,0.0418367346938776,0.0418367346938776,0.0418367346938776,0.0418367346938776,0.0418367346938776,0.0418367346938776,0.0418367346938776,0.0418367346938776,0.0418367346938776,0.0418367346938776,0.0418367346938776,0.0418367346938776,0.0418367346938776,0.0418367346938776,0.0418367346938776,0.0418367346938776,0.0418367346938776,0.0418367346938776,0.0418367346938776,0.0418367346938776,0.0418367346938776,0.0418367346938776,0.0418367346938776,0.0418367346938776,0.0418367346938776,0.0418367346938776,0.0418367346938776,0.0418367346938776,0.0418367346938776,0.0418367346938776,0.0418367346938776,0.0418367346938776,0.0418367346938776,0.0418367346938776,0.0418367346938776,0.0418367346938776,0.0418367346938776,0.0418367346938776,0.0418367346938776,0.0418367346938776,0.0418367346938776,0.0418367346938776,0.0418367346938776,0.0418367346938776,0.0418367346938776,0.0418367346938776,0.0418367346938776,0.0418367346938776,0.0418367346938776,0.0418367346938776,0.0418367346938776,0.0418367346938776,0.0418367346938776,0.0418367346938776,0.0418367346938776,0.0418367346938776,0.0418367346938776,0.0418367346938776
0.0428571428571429,0.0428571428571429,0.0428571428571429,0.0428571428571429,0.0428571428571429,0.0428571428571429,0.0428571428571429,0.0428571428571429,0.0428571428571429,0.0428571428571429,0.0428571428571429,0.0428571428571429,0.0428571428571429,0.0428571428571429,0.0428571428571429,0.0428571428571429,0.0428571428571429,0.0428571428571429,0.0428571428571429,0.0428571428571429,0.0428571428571429,0.0428571428571429,0.0428571428571429,0.0428571428571429,0.0428571428571429,0.0428571428571429,0.0428571428571429,0.0428571428571429,0.0428571428571429,0.0428571428571429,0.0428571428571429,0.0428571428571429,0.0428571428571429,0.0428571428571429,0.0428571428571429,0.0428571428571429,0.0428571428571429,0.0428571428571429,0.0428571428571429,0.0428571428571429,0.0428571428571429,0.0428571428571429,0.0428571428571429,0.0428571428571429,0.0428571428571429,0.0428571428571429,0.0428571428571429,0.0428571428571429,0.0428571428571429,0.0428571428571429,0.0428571428571429,0.0428571428571429,0.0428571428571429,0.0428571428571429,0.0428571428571429,0.0428571428571429,0.0428571428571429,0.0428571428571429,0.0428571428571429,0.0428571428571429,0.0428571428571429,0.0428571428571429,0.0428571428571429,0.0428571428571429,0.0428571428571429,0.0428571428571429,0.0428571428571429,0.0428571428571429,0.0428571428571429,0.0428571428571429,0.0428571428571429,0.0428571428571429,0.0428571428571429,0.0428571428571429,0.0428571428571429,0.0428571428571429,0.0428571428571429,0.0428571428571429,0.0428571428571429,0.0428571428571429,0.0428571428571429,0.0428571428571429,0.0428571428571429,0.0428571428571429,0.0428571428571429,0.0428571428571429,0.0428571428571429,0.0428571428571429,0.0428571428571429,0.0428571428571429,0.0428571428571429,0.0428571428571429,0.0428571428571429,0.0428571428571429,0.0428571428571429,0.0428571428571429,0.0428571428571429,0.0428571428571429,0.0428571428571429,0.0428571428571429,0.0428571428571429,0.0428571428571429,0.0428571428571429,0.0428571428571429,0.0428571428571429,0.0428571428571429,0.0428571428571429,0.0428571428571429,0.0428571428571429,0.0428571428571429
0.0438775510204082,0.0438775510204082,0.0438775510204082,0.0438775510204082,0.0438775510204082,0.0438775510204082,0.0438775510204082,0.0438775510204082,0.0438775510204082,0.0438775510204082,0.0438775510204082,0.0438775510204082,0.0438775510204082,0.0438775510204082,0.0438775510204082,0.0438775510204082,0.0438775510204082,0.0438775510204082,0.0438775510204082,0.0438775510204082,0.0438775510204082,0.0438775510204082,0.0438775510204082,0.0438775510204082,0.0438775510204082,0.0438775510204082,0.0438775510204082,0.0438775510204082,0.0438775510204082,0.0438775510204082,0.0438775510204082,0.0438775510204082,0.0438775510204082,0.0438775510204082,0.0438775510204082,0.0438775510204082,0.0438775510204082,0.0438775510204082,0.0438775510204082,0.0438775510204082,0.0438775510204082,0.0438775510204082,0.0438775510204082,0.0438775510204082,0.0438775510204082,0.0438775510204082,0.0438775510204082,0.0438775510204082,0.0438775510204082,0.0438775510204082,0.0438775510204082,0.0438775510204082,0.0438775510204082,0.0438775510204082,0.0438775510204082,0.0438775510204082,0.0438775510204082,0.0438775510204082,0.0438775510204082,0.0438775510204082,0.0438775510204082,0.0438775510204082,0.0438775510204082,0.0438775510204082,0.0438775510204082,0.0438775510204082,0.0438775510204082,0.0438775510204082,0.0438775510204082,0.0438775510204082,0.0438775510204082,0.0438775510204082,0.0438775510204082,0.0438775510204082,0.0438775510204082,0.0438775510204082,0.0438775510204082,0.0438775510204082,0.0438775510204082,0.0438775510204082,0.0438775510204082,0.0438775510204082,0.0438775510204082,0.0438775510204082,0.0438775510204082,0.0438775510204082,0.0438775510204082,0.0438775510204082,0.0438775510204082,0.0438775510204082,0.0438775510204082,0.0438775510204082,0.0438775510204082,0.0438775510204082,0.0438775510204082,0.0438775510204082,0.0438775510204082,0.0438775510204082,0.0438775510204082,0.0438775510204082,0.0438775510204082,0.0438775510204082,0.0438775510204082,0.0438775510204082,0.0438775510204082,0.0438775510204082,0.0438775510204082,0.0438775510204082,0.0438775510204082,0.0438775510204082
0.0448979591836735,0.0448979591836735,0.0448979591836735,0.0448979591836735,0.0448979591836735,0.0448979591836735,0.0448979591836735,0.0448979591836735,0.0448979591836735,0.0448979591836735,0.0448979591836735,0.0448979591836735,0.0448979591836735,0.0448979591836735,0.0448979591836735,0.0448979591836735,0.0448979591836735,0.0448979591836735,0.0448979591836735,0.0448979591836735,0.0448979591836735,0.0448979591836735,0.0448979591836735,0.0448979591836735,0.0448979591836735,0.0448979591836735,0.0448979591836735,0.0448979591836735,0.0448979591836735,0.0448979591836735,0.0448979591836735,0.0448979591836735,0.0448979591836735,0.0448979591836735,0.0448979591836735,0.0448979591836735,0.0448979591836735,0.0448979591836735,0.0448979591836735,0.0448979591836735,0.0448979591836735,0.0448979591836735,0.0448979591836735,0.0448979591836735,0.0448979591836735,0.0448979591836735,0.0448979591836735,0.0448979591836735,0.0448979591836735,0.0448979591836735,0.0448979591836735,0.0448979591836735,0.0448979591836735,0.0448979591836735,0.0448979591836735,0.0448979591836735,0.0448979591836735,0.0448979591836735,0.0448979591836735,0.0448979591836735,0.0448979591836735,0.0448979591836735,0.0448979591836735,0.0448979591836735,0.0448979591836735,0.0448979591836735,0.0448979591836735,0.0448979591836735,0.0448979591836735,0.0448979591836735,0.0448979591836735,0.0448979591836735,0.0448979591836735,0.0448979591836735,0.0448979591836735,0.0448979591836735,0.0448979591836735,0.0448979591836735,0.0448979591836735,0.0448979591836735,0.0448979591836735,0.0448979591836735,0.0448979591836735,0.0448979591836735,0.0448979591836735,0.0448979591836735,0.0448979591836735,0.0448979591836735,0.0448979591836735,0.0448979591836735,0.0448979591836735,0.0448979591836735,0.0448979591836735,0.0448979591836735,0.0448979591836735,0.0448979591836735,0.0448979591836735,0.0448979591836735,0.0448979591836735,0.0448979591836735,0.0448979591836735,0.0448979591836735,0.0448979591836735,0.0448979591836735,0.0448979591836735,0.0448979591836735,0.0448979591836735,0.0448979591836735,0.0448979591836735,0.0448979591836735
0.0459183673469388,0.0459183673469388,0.0459183673469388,0.0459183673469388,0.0459183673469388,0.0459183673469388,0.0459183673469388,0.0459183673469388,0.0459183673469388,0.0459183673469388,0.0459183673469388,0.0459183673469388,0.0459183673469388,0.0459183673469388,0.0459183673469388,0.0459183673469388,0.0459183673469388,0.0459183673469388,0.0459183673469388,0.0459183673469388,0.0459183673469388,0.0459183673469388,0.0459183673469388,0.0459183673469388,0.0459183673469388,0.0459183673469388,0.0459183673469388,0.0459183673469388,0.0459183673469388,0.0459183673469388,0.0459183673469388,0.0459183673469388,0.0459183673469388,0.0459183673469388,0.0459183673469388,0.0459183673469388,0.0459183673469388,0.0459183673469388,0.0459183673469388,0.0459183673469388,0.0459183673469388,0.0459183673469388,0.0459183673469388,0.0459183673469388,0.0459183673469388,0.0459183673469388,0.0459183673469388,0.0459183673469388,0.0459183673469388,0.0459183673469388,0.0459183673469388,0.0459183673469388,0.0459183673469388,0.0459183673469388,0.0459183673469388,0.0459183673469388,0.0459183673469388,0.0459183673469388,0.0459183673469388,0.0459183673469388,0.0459183673469388,0.0459183673469388,0.0459183673469388,0.0459183673469388,0.0459183673469388,0.0459183673469388,0.0459183673469388,0.0459183673469388,0.0459183673469388,0.0459183673469388,0.0459183673469388,0.0459183673469388,0.0459183673469388,0.0459183673469388,0.0459183673469388,0.0459183673469388,0.0459183673469388,0.0459183673469388,0.0459183673469388,0.0459183673469388,0.0459183673469388,0.0459183673469388,0.0459183673469388,0.0459183673469388,0.0459183673469388,0.0459183673469388,0.0459183673469388,0.0459183673469388,0.0459183673469388,0.0459183673469388,0.0459183673469388,0.0459183673469388,0.0459183673469388,0.0459183673469388,0.0459183673469388,0.0459183673469388,0.0459183673469388,0.0459183673469388,0.0459183673469388,0.0459183673469388,0.0459183673469388,0.0459183673469388,0.0459183673469388,0.0459183673469388,0.0459183673469388,0.0459183673469388,0.0459183673469388,0.0459183673469388,0.0459183673469388,0.0459183673469388
0.0469387755102041,0.0469387755102041,0.0469387755102041,0.0469387755102041,0.0469387755102041,0.0469387755102041,0.0469387755102041,0.0469387755102041,0.0469387755102041,0.0469387755102041,0.0469387755102041,0.0469387755102041,0.0469387755102041,0.0469387755102041,0.0469387755102041,0.0469387755102041,0.0469387755102041,0.0469387755102041,0.0469387755102041,0.0469387755102041,0.0469387755102041,0.0469387755102041,0.0469387755102041,0.0469387755102041,0.0469387755102041,0.0469387755102041,0.0469387755102041,0.0469387755102041,0.0469387755102041,0.0469387755102041,0.0469387755102041,0.0469387755102041,0.0469387755102041,0.0469387755102041,0.0469387755102041,0.0469387755102041,0.0469387755102041,0.0469387755102041,0.0469387755102041,0.0469387755102041,0.0469387755102041,0.0469387755102041,0.0469387755102041,0.0469387755102041,0.0469387755102041,0.0469387755102041,0.0469387755102041,0.0469387755102041,0.0469387755102041,0.0469387755102041,0.0469387755102041,0.0469387755102041,0.0469387755102041,0.0469387755102041,0.0469387755102041,0.0469387755102041,0.0469387755102041,0.0469387755102041,0.0469387755102041,0.0469387755102041,0.0469387755102041,0.0469387755102041,0.0469387755102041,0.0469387755102041,0.0469387755102041,0.0469387755102041,0.0469387755102041,0.0469387755102041,0.0469387755102041,0.0469387755102041,0.0469387755102041,0.0469387755102041,0.0469387755102041,0.0469387755102041,0.0469387755102041,0.0469387755102041,0.0469387755102041,0.0469387755102041,0.0469387755102041,0.0469387755102041,0.0469387755102041,0.0469387755102041,0.0469387755102041,0.0469387755102041,0.0469387755102041,0.0469387755102041,0.0469387755102041,0.0469387755102041,0.0469387755102041,0.0469387755102041,0.0469387755102041,0.0469387755102041,0.0469387755102041,0.0469387755102041,0.0469387755102041,0.0469387755102041,0.0469387755102041,0.0469387755102041,0.0469387755102041,0.0469387755102041,0.0469387755102041,0.0469387755102041,0.0469387755102041,0.0469387755102041,0.0469387755102041,0.0469387755102041,0.0469387755102041,0.0469387755102041,0.0469387755102041,0.0469387755102041
0.0479591836734694,0.0479591836734694,0.0479591836734694,0.0479591836734694,0.0479591836734694,0.0479591836734694,0.0479591836734694,0.0479591836734694,0.0479591836734694,0.0479591836734694,0.0479591836734694,0.0479591836734694,0.0479591836734694,0.0479591836734694,0.0479591836734694,0.0479591836734694,0.0479591836734694,0.0479591836734694,0.0479591836734694,0.0479591836734694,0.0479591836734694,0.0479591836734694,0.0479591836734694,0.0479591836734694,0.0479591836734694,0.0479591836734694,0.0479591836734694,0.0479591836734694,0.0479591836734694,0.0479591836734694,0.0479591836734694,0.0479591836734694,0.0479591836734694,0.0479591836734694,0.0479591836734694,0.0479591836734694,0.0479591836734694,0.0479591836734694,0.0479591836734694,0.0479591836734694,0.0479591836734694,0.0479591836734694,0.0479591836734694,0.0479591836734694,0.0479591836734694,0.0479591836734694,0.0479591836734694,0.0479591836734694,0.0479591836734694,0.0479591836734694,0.0479591836734694,0.0479591836734694,0.0479591836734694,0.0479591836734694,0.0479591836734694,0.0479591836734694,0.0479591836734694,0.0479591836734694,0.0479591836734694,0.0479591836734694,0.0479591836734694,0.0479591836734694,0.0479591836734694,0.0479591836734694,0.0479591836734694,0.0479591836734694,0.0479591836734694,0.0479591836734694,0.0479591836734694,0.0479591836734694,0.0479591836734694,0.0479591836734694,0.0479591836734694,0.0479591836734694,0.0479591836734694,0.0479591836734694,0.0479591836734694,0.0479591836734694,0.0479591836734694,0.0479591836734694,0.0479591836734694,0.0479591836734694,0.0479591836734694,0.0479591836734694,0.0479591836734694,0.0479591836734694,0.0479591836734694,0.0479591836734694,0.0479591836734694,0.0479591836734694,0.0479591836734694,0.0479591836734694,0.0479591836734694,0.0479591836734694,0.0479591836734694,0.0479591836734694,0.0479591836734694,0.0479591836734694,0.0479591836734694,0.0479591836734694,0.0479591836734694,0.0479591836734694,0.0479591836734694,0.0479591836734694,0.0479591836734694,0.0479591836734694,0.0479591836734694,0.0479591836734694,0.0479591836734694,0.0479591836734694
0.0489795918367347,0.0489795918367347,0.0489795918367347,0.0489795918367347,0.0489795918367347,0.0489795918367347,0.0489795918367347,0.0489795918367347,0.0489795918367347,0.0489795918367347,0.0489795918367347,0.0489795918367347,0.0489795918367347,0.0489795918367347,0.0489795918367347,0.0489795918367347,0.0489795918367347,0.0489795918367347,0.0489795918367347,0.0489795918367347,0.0489795918367347,0.0489795918367347,0.0489795918367347,0.0489795918367347,0.0489795918367347,0.0489795918367347,0.0489795918367347,0.0489795918367347,0.0489795918367347,0.0489795918367347,0.0489795918367347,0.0489795918367347,0.0489795918367347,0.0489795918367347,0.0489795918367347,0.0489795918367347,0.0489795918367347,0.0489795918367347,0.0489795918367347,0.0489795918367347,0.0489795918367347,0.0489795918367347,0.0489795918367347,0.0489795918367347,0.0489795918367347,0.0489795918367347,0.0489795918367347,0.0489795918367347,0.0489795918367347,0.0489795918367347,0.0489795918367347,0.0489795918367347,0.0489795918367347,0.0489795918367347,0.0489795918367347,0.0489795918367347,0.0489795918367347,0.0489795918367347,0.0489795918367347,0.0489795918367347,0.0489795918367347,0.0489795918367347,0.0489795918367347,0.0489795918367347,0.0489795918367347,0.0489795918367347,0.0489795918367347,0.0489795918367347,0.0489795918367347,0.0489795918367347,0.0489795918367347,0.0489795918367347,0.0489795918367347,0.0489795918367347,0.0489795918367347,0.0489795918367347,0.0489795918367347,0.0489795918367347,0.0489795918367347,0.0489795918367347,0.0489795918367347,0.0489795918367347,0.0489795918367347,0.0489795918367347,0.0489795918367347,0.0489795918367347,0.0489795918367347,0.0489795918367347,0.0489795918367347,0.0489795918367347,0.0489795918367347,0.0489795918367347,0.0489795918367347,0.0489795918367347,0.0489795918367347,0.0489795918367347,0.0489795918367347,0.0489795918367347,0.0489795918367347,0.0489795918367347,0.0489795918367347,0.0489795918367347,0.0489795918367347,0.0489795918367347,0.0489795918367347,0.0489795918367347,0.0489795918367347,0.0489795918367347,0.0489795918367347,0.0489795918367347
0.05,0.05,0.05,0.05,0.05,0.05,0.05,0.05,0.05,0.05,0.05,0.05,0.05,0.05,0.05,0.05,0.05,0.05,0.05,0.05,0.05,0.05,0.05,0.05,0.05,0.05,0.05,0.05,0.05,0.05,0.05,0.05,0.05,0.05,0.05,0.05,0.05,0.05,0.05,0.05,0.05,0.05,0.05,0.05,0.05,0.05,0.05,0.05,0.05,0.05,0.05,0.05,0.05,0.05,0.05,0.05,0.05,0.05,0.05,0.05,0.05,0.05,0.05,0.05,0.05,0.05,0.05,0.05,0.05,0.05,0.05,0.05,0.05,0.05,0.05,0.05,0.05,0.05,0.05,0.05,0.05,0.05,0.05,0.05,0.05,0.05,0.05,0.05,0.05,0.05,0.05,0.05,0.05,0.05,0.05,0.05,0.05,0.05,0.05,0.05,0.05,0.05,0.05,0.05,0.05,0.05,0.05,0.05,0.05,0.05
