-0.00758005878068217,-0.00752181423261885,-0.00749371276928711,-0.00745115064028841,-0.00741614693026224,-0.00738712398932987,-0.00736046616902074,-0.00734359548132463,-0.00733194861479751,-0.00732891941838096,-0.00733398988574126,-0.00735726323670648,-0.0074156744741443,-0.00755700707543762,-0.00769837176713199,-0.00783422720252182,-0.0079741093481532,-0.00810924093731045,-0.00823279757269992,-0.00833316495816373,-0.00836949920462031,-0.00837048874095172,-0.00833944269041406,-0.00829024438054867,-0.00822802881367828,-0.00814067561591702,-0.00804095489560083,-0.00793257396058876,-0.00782481086774754,-0.0077253046171246,-0.00761380599978831,-0.00748941687462023,-0.00736278257252791,-0.00721942885322032,-0.00706664801615415,-0.00688775509074788,-0.00669283666263657,-0.00647872470767104,-0.00620923153202974,-0.00588977142490052,-0.00548946524271898,-0.00515288723571281,-0.00482438305199199,-0.00451168991224435,-0.00417800439113648,-0.00386963831126205,-0.00354311233114223,-0.00320832714223952,-0.00285305243361038,-0.00255990855322447,-0.00232414897746839,-0.00213335263914889,-0.00195279434455706,-0.00173846371021098,-0.00151760440306545,-0.00139883344901853,-0.00147974261908358,-0.00167645742103287,-0.00188622906323177,-0.00208476645217465,-0.00234195902303187,-0.00261844565801725,-0.00290591213756149,-0.00325556294635995,-0.00373460998477843,-0.00409540646951838,-0.00408775522374076,-0.00410619268236188,-0.00406094335211407,-0.00402116019955037,-0.00393600259993272,-0.00378253856292698,-0.00365368707981653,-0.00359568504276664,-0.00354157592592319,-0.0034671520125133,-0.00342531317005851,-0.00346170083014902,-0.00355735097185506,-0.0037137904830824,-0.00394702777569139,-0.00442880912441734,-0.00484530244724546,-0.00486147259931696,-0.00476092658576366,-0.00459609412784592,-0.00434194326553569,-0.0040059184948068,-0.00364825617449849,-0.00317611339400159,-0.00257137175280536,-0.00200578397758899,-0.00150362086204892,-0.000726671376753085,-0.000251544627198619,-0.000136038560864304,-0.000269252149181165,-0.000625335711715969,-0.00114934266782396,-0.00193732704018856,-0.00307854486657433,-0.00421386830334947,-0.00484321943463772,-0.00502547166922707,-0.00476959504115759,-0.00419043377202966,-0.00334546855309303,-0.00217511339439302,-0.00073165156794297,-0.00073165156794297
-0.0072779336186952,-0.00724553442227297,-0.00721750494481888,-0.00720022752691568,-0.00719201495351942,-0.00719253194238637,-0.00720206079612791,-0.00721832121368033,-0.00724003868738756,-0.00726792204200696,-0.0073042406324314,-0.0073516809367649,-0.00741574193603586,-0.00750429513794471,-0.00764824248544065,-0.0078389772896591,-0.00804712039104375,-0.00823512636814581,-0.0083832300529196,-0.0085018077533924,-0.00858582923503988,-0.00859945939748076,-0.00855782032904438,-0.0084831204779102,-0.00840239661945243,-0.00828985735232246,-0.00816476560528693,-0.00800446741760253,-0.00786990112282059,-0.00777222873626347,-0.00765463962303952,-0.00750430972829081,-0.00737561864991044,-0.00723057434442117,-0.00707121497112376,-0.00689396930211165,-0.00668894791962563,-0.00644366822309513,-0.0061847746923149,-0.00587823977917415,-0.00554432262223436,-0.00517736132897706,-0.00481224619721648,-0.00445646210983216,-0.00413560583258996,-0.00382985263439655,-0.00351290562597103,-0.00317277110527167,-0.00279561462439046,-0.00245522367350456,-0.00219644067587597,-0.00200168531333236,-0.00182975823812526,-0.00161779413834057,-0.00136023401818913,-0.00120109946247389,-0.0012876664839351,-0.00149400632886661,-0.00170052028951301,-0.00194412219526954,-0.00223885917131607,-0.00250878076874257,-0.00276874680447271,-0.00310755660029501,-0.00357711873389014,-0.00390013625764879,-0.0038500980858809,-0.00382376770682477,-0.00370561984493326,-0.00359687612300602,-0.00344398029403364,-0.00314247887717641,-0.00290951488083974,-0.00258292564248752,-0.00188189145664347,-0.00124992929338719,-0.00169421883934157,-0.00205109781483476,-0.00251402755097827,-0.00246544714700464,-0.0027690414624712,-0.00340877294914602,-0.00381774937787555,-0.00398388332763894,-0.00415823301258575,-0.0044264254542867,-0.00460150007393204,-0.00478411620486241,-0.00479660825244149,-0.00510026337750918,-0.00480073138710058,-0.00403937834499296,-0.00268722937332744,-0.00194415533175057,-0.00166412899308169,-0.0015811005834982,-0.00187475425951078,-0.00268088027536795,-0.00379938707645844,-0.00503975422534808,-0.00627615672753468,-0.00716494042581961,-0.0078736033049146,-0.00789038108996021,-0.00781115660958664,-0.00735579039100354,-0.00587415815199477,-0.00378654671880058,-0.00204614274521003,-0.00204614274521003
-0.00701821427470957,-0.00700086432389394,-0.00698477216183802,-0.0069657017816007,-0.00696685111731375,-0.0069703844018577,-0.0069999174466256,-0.00704681293409104,-0.00710008208339268,-0.00715990654335068,-0.00722384423624013,-0.00729015824359678,-0.00736392049210726,-0.00747058405879483,-0.00761713593773526,-0.00780412454253367,-0.00801934812626059,-0.00825378383708018,-0.00843808943666017,-0.00853670543424328,-0.00863375082007084,-0.00874471804881605,-0.00875540007525703,-0.00865631410407416,-0.00855932681758922,-0.00846704995194397,-0.00835082564095856,-0.00820176945628175,-0.00806639929124048,-0.00793000352876769,-0.00780731133466144,-0.00769004620328163,-0.00752413898903883,-0.00738049866498693,-0.0071838991959292,-0.00699621979608277,-0.00679664546654701,-0.00656811970413237,-0.00629081937847266,-0.00598426166173611,-0.00566968183631443,-0.00534748101619039,-0.00496136584631695,-0.00457172096003175,-0.00422666741180999,-0.0038985877375644,-0.00357164997587473,-0.00322876123628223,-0.00288288827941588,-0.00251343238622478,-0.00222590679840128,-0.00204868080363097,-0.00185083636520726,-0.00160127811566183,-0.00139291565732474,-0.0013071485354656,-0.00128844066543696,-0.00133880923038774,-0.00148593539592824,-0.00175134209998124,-0.00218799720708411,-0.00255779403238824,-0.00283066556198092,-0.00314367258673658,-0.0035562582599615,-0.00374063965297413,-0.00382873241485631,-0.00388429647163852,-0.00371524957539545,-0.00353975342755534,-0.00339885877468346,-0.00319731968100481,-0.00294023328085928,-0.00256061022724925,-0.00194848451381756,-0.00140869626085754,-0.00166140515683083,-0.00191993658686013,-0.00253702033639829,-0.00294106115313707,-0.00364970786930319,-0.00402192618178847,-0.00422373310946199,-0.00442791735550935,-0.00452281029873946,-0.00437834195712904,-0.00451169038658816,-0.00452716999829772,-0.00470386757762847,-0.00522055704399627,-0.00634035785627102,-0.00546132667012444,-0.00349515820479318,-0.00269419432606682,-0.00227013144730284,-0.00206230039042908,-0.00243358735205668,-0.00302601484858267,-0.00406224777045755,-0.00446418092372103,-0.00530414780189542,-0.00670842224733459,-0.00744492860858353,-0.00757009545618786,-0.00719266047730366,-0.0058398924996082,-0.00459950094905714,-0.00382563640808298,-0.00207301965987239,-0.00207301965987239
-0.00678299645153184,-0.00678292637736162,-0.00678018475078709,-0.00677664453215865,-0.00676925062314848,-0.00676264935017156,-0.00677902096225488,-0.00681686413114816,-0.00688042829815312,-0.00696122826159397,-0.00704968139230871,-0.00713689756770776,-0.00723068745628664,-0.00730975068750086,-0.00741047456768581,-0.00759482092344027,-0.00782155566106753,-0.00801016638179705,-0.00822496180895722,-0.00837979971495259,-0.00848636936223152,-0.00859839837395298,-0.00871516883763674,-0.00869514881293492,-0.00866492880577464,-0.00857227362996641,-0.00848899853072402,-0.00839666263464339,-0.00827987822737387,-0.00816029958533086,-0.00805890019143061,-0.00793728365239511,-0.0077875055505585,-0.00761159943987775,-0.00740730783604945,-0.00717200565503238,-0.00700216879756064,-0.00676456036808851,-0.0064849687164342,-0.00619646406937711,-0.00585554081060821,-0.00553453664343388,-0.0052085102215391,-0.0048503733994592,-0.00449936648727899,-0.00415207257216056,-0.00379714861590627,-0.00342712595311629,-0.00306038646796394,-0.00272456365217518,-0.00240249251691216,-0.00210348768170627,-0.00185919177863654,-0.00167321587812534,-0.00154845174681456,-0.00152607049885044,-0.00152484042322376,-0.00154690883596398,-0.00166617806195208,-0.00192686797291142,-0.00227049465726888,-0.00271337204087667,-0.00307842344272303,-0.00344040688528979,-0.00371072596942791,-0.00384730461545532,-0.00393514836329992,-0.00400834604117762,-0.00403440773529393,-0.00388307110339499,-0.00368651689801357,-0.00350937735791151,-0.00323133860110934,-0.00281260552804401,-0.00243272454038324,-0.00213815401372225,-0.00223201386819677,-0.00250473604741588,-0.00287216995279227,-0.00330416807307785,-0.00381300915686389,-0.00410660310326562,-0.00429132003235914,-0.0043351669493393,-0.00407980452943951,-0.00371038408942879,-0.00370278544566984,-0.00379399117182947,-0.00409885371570354,-0.0042938885519562,-0.00446454783170269,-0.00429864929926482,-0.00351991762968074,-0.00285771984117739,-0.00244733764540098,-0.00229030569281088,-0.00238497189179987,-0.00265634432476947,-0.00268947994300314,-0.00251603260557215,-0.00342114693286297,-0.00381479051377895,-0.00435207026313003,-0.00449097832128514,-0.0041051593870064,-0.00409216131064721,-0.00394204641784485,-0.00325775802860429,-0.00188321018513754,-0.00188321018513754
-0.0065638757656898,-0.00662884288058482,-0.00662367333260657,-0.00659141780430224,-0.00656394895770186,-0.00654968164384491,-0.00654389517128439,-0.00654761757911574,-0.00659223677336895,-0.00665960695629996,-0.0067511220895643,-0.00683584624085348,-0.00693524418840633,-0.00702021811286233,-0.00710936590256715,-0.0072235808045063,-0.00737858964952965,-0.0075730676265648,-0.00780189061756562,-0.00806331557548423,-0.00828119834404155,-0.00843378938108459,-0.00860126949058197,-0.00864211523987929,-0.00867295355735798,-0.00861091496773191,-0.00854787043895334,-0.00848107177554783,-0.00839794435040702,-0.00829859758857591,-0.00818571616768633,-0.00806246665974033,-0.00792563120531894,-0.00777929462017739,-0.0076064730902538,-0.00740886803002178,-0.00719649889612693,-0.00694963494763892,-0.00667374966748701,-0.00637955643322134,-0.00608587263860825,-0.0057886419045205,-0.00549326766264238,-0.00519001459612157,-0.00487640109629005,-0.00454720274418836,-0.0042026204979989,-0.00383858152798227,-0.00344332650443641,-0.00306728347467868,-0.00273208098612871,-0.00237498700286414,-0.00208199237137114,-0.00192230325405116,-0.00183409041180802,-0.00178163854785113,-0.00178830053217707,-0.0018535697841416,-0.00196468393482194,-0.00220719395649545,-0.00258505176943442,-0.00297662650551846,-0.00340807166175682,-0.00380087186244451,-0.00407551980874558,-0.00422770939924011,-0.00430970485520882,-0.00436214219300153,-0.00439513868417489,-0.00435139488387532,-0.00420671675877585,-0.00397783592931518,-0.00368554194019917,-0.00346839061469144,-0.00317724890681043,-0.00305518952179787,-0.00294490772049314,-0.00310205841124758,-0.00324357033617731,-0.00347694857596963,-0.00392102869898883,-0.00413988990207666,-0.00426265030288983,-0.00419754859396308,-0.00393020332633234,-0.00357142719692641,-0.00341506380666939,-0.00341441103979978,-0.00316392895550524,-0.00286303976112184,-0.00249048781391282,-0.00199220802483299,-0.00170585681741006,-0.00142007533716404,-0.00117065677660222,-0.000907006000092803,-0.000633329991362029,-0.000192223035128558,0.000245236237515933,0.000396779678150216,4.03691756520885e-05,-0.000542878710530603,-0.00107127175792232,-0.00117751055560222,-0.00135977844925378,-0.00195561581079734,-0.00199747104788878,-0.00191111983989845,-0.000827060016542092,-0.000827060016542092
-0.0064937847492311,-0.0065421518815415,-0.00661733665628558,-0.00657607906410792,-0.00649502098567057,-0.00640250969732899,-0.00632810617716807,-0.00628428836711672,-0.0062597118038723,-0.00624834139866815,-0.00627778242069239,-0.0063205783396198,-0.0063990437427604,-0.00651825646500077,-0.00664341962521741,-0.00677184170279276,-0.00692678694956754,-0.00710689568554724,-0.00734579528064973,-0.00767957101222767,-0.00797708719068797,-0.00824041443312604,-0.00847913160492825,-0.00861086434169447,-0.00861062369193991,-0.00856099176099799,-0.00852080804813594,-0.00847033549008426,-0.0084088579888049,-0.00832633249277995,-0.00823175203538789,-0.0081173044087759,-0.00799140010316619,-0.00785284522971399,-0.00769510697048189,-0.00751798345032812,-0.00731215454682944,-0.00707058432495725,-0.00680125719021369,-0.00653408892975833,-0.00627288527348743,-0.00599366351000496,-0.00573235888793617,-0.00548032453912245,-0.0052115334045261,-0.00492320054036518,-0.00462555174703673,-0.00426488843163731,-0.00385577803006193,-0.00341556907976884,-0.00300808357036359,-0.00261012776830103,-0.00238178250448324,-0.00224615503323349,-0.00214334679593499,-0.00210165420666768,-0.00211283604797988,-0.00218920799568687,-0.00231813925138472,-0.00247472339369301,-0.00277504245334509,-0.00322861751698475,-0.00372941000450299,-0.00411075746312031,-0.00433611075962979,-0.00451071375012716,-0.00466171158196627,-0.00481911906980539,-0.00493589898740919,-0.00498129767587195,-0.00477367875673471,-0.0046611860811047,-0.00448631576154632,-0.00439400021617048,-0.0043731667897598,-0.00439971167281643,-0.00453456574317371,-0.00473241455993656,-0.00493751837595194,-0.00495078219155243,-0.00490683757746707,-0.00485066052351102,-0.00499367180369617,-0.00478103787172855,-0.00435330888336298,-0.00383066524511065,-0.00317454519048729,-0.00247427860546484,-0.00192584619728492,-0.00143359909132129,-0.000821700028377781,-0.00019623666018076,0.000397306021321125,0.000745380026954581,0.000835856121206086,0.000838314378091967,0.00087741682730276,0.00121769579099151,0.00112079858596326,0.00115210891611794,0.00125187586713349,0.00105032963829432,0.000653428602633899,-0.000436336904039381,-0.00158539568524477,-0.00224794069838304,-0.00243866871439441,-0.00220297323830324,-0.00154333305266642,-0.00154333305266642
-0.00640057640689819,-0.00663788720276338,-0.00678171194820695,-0.00681671161725067,-0.00677930761820306,-0.00663234289560702,-0.00640421460022826,-0.00616487320604114,-0.00598258231125583,-0.0058892943485469,-0.00585921121236628,-0.00583208115830265,-0.00577312113341695,-0.00575299620132778,-0.00566931972721304,-0.00581661635840211,-0.00615342502451332,-0.00636769534538447,-0.00664905912153235,-0.00699777979098439,-0.00751547154973355,-0.00796033453998143,-0.00827407657574736,-0.00843837081973207,-0.00849533357972756,-0.00847058451968309,-0.00844367900356803,-0.00839759171038601,-0.00834528084695023,-0.00828796102909442,-0.00821454523824829,-0.00812209124921055,-0.00802277261849226,-0.00787933120312579,-0.00771564227948889,-0.00757421503436663,-0.00739475852486902,-0.00716179549748635,-0.00691431880150238,-0.00665939411103896,-0.00640739017892012,-0.00617773201544497,-0.00597114360344731,-0.00574449377613679,-0.00552630739329183,-0.00530433018016886,-0.00503591672800836,-0.00468561048717564,-0.00424971913484026,-0.00382256933273397,-0.00335457288635842,-0.0030054277437722,-0.00275377624024521,-0.00258299408612962,-0.00249043011047925,-0.00248246821711834,-0.00247938397738716,-0.00252159140839726,-0.00262146071141568,-0.0028415833595405,-0.00316890319120453,-0.00357142294685856,-0.00397830692649046,-0.00428264144244023,-0.00455783896073959,-0.0047512962170861,-0.00494723400044436,-0.00508185835355336,-0.00521931215322448,-0.00526499999046549,-0.00519436125590197,-0.00511517126694992,-0.00503112501720906,-0.00490087709514096,-0.00486684029901277,-0.00483493268156146,-0.00481075110083751,-0.00474224435939891,-0.00489293480853617,-0.00509416695040735,-0.00509320732797761,-0.00503090253015114,-0.00491632726381556,-0.00474071326608736,-0.00435155126442156,-0.00382749577070375,-0.0030927949785243,-0.00238076426745745,-0.00135509719256713,-0.000785059651858599,0.000324346968980566,0.000951049685308097,0.00137433477353949,0.00156604784580699,0.00146538024629911,0.00189601047907523,0.00247270777034267,0.00206889221543621,0.00107890668506395,0.0007414955267456,0.000367584270773581,3.95916817320652e-05,-0.000835118460118189,-0.0016886957501967,-0.00245981791396166,-0.00316108434103293,-0.00381558042118293,-0.00367442779871634,-0.00269022015442159,-0.00269022015442159
-0.00640944190832568,-0.00683763080825284,-0.00711886356106797,-0.00726437517510746,-0.00727814796612099,-0.00711843036350798,-0.00679157408960826,-0.00632846193925942,-0.00599024872205402,-0.00580924931559797,-0.00573736692835601,-0.00563363922168205,-0.00551309711118003,-0.00548764063223245,-0.00531954134368288,-0.0052645836354773,-0.0052327594188757,-0.00535827116887173,-0.00574144086829196,-0.00619625643807812,-0.0066398967643129,-0.00718300642862306,-0.00770626877378677,-0.00800919623943767,-0.00816368573025073,-0.00824382332866282,-0.00828076668409884,-0.00825242176528536,-0.008207236544303,-0.00819722671789267,-0.00815256454988496,-0.00810554621472073,-0.00801812527751295,-0.00788282870820632,-0.00766794602157836,-0.00757291330355867,-0.00739693506443021,-0.00722844924186797,-0.00701403479011833,-0.0068148065709392,-0.00662709306204668,-0.00648819424016508,-0.00631129039427801,-0.0060548305936993,-0.00583191802282994,-0.00560468955008331,-0.00537462033426344,-0.00511316819768677,-0.00478711279779504,-0.00440091685378435,-0.00399186418520795,-0.00363366620318846,-0.00328944685742344,-0.00301657927909203,-0.00284085461719884,-0.00277230567253577,-0.00273401307023422,-0.00269996556642334,-0.00271692385956109,-0.00283350134534906,-0.0031012897769636,-0.00330585259901028,-0.00353038396702917,-0.0038034724946795,-0.00401210465174592,-0.00420868060913469,-0.00437328767633747,-0.00453893019290794,-0.00470743243504748,-0.00495987141327711,-0.00501134382202541,-0.00478398860395972,-0.00440048130714112,-0.00419717188807515,-0.00408055588713217,-0.00402152433625121,-0.00400863415926971,-0.00389547378620241,-0.00358047655917844,-0.00419985189664218,-0.00447308856722937,-0.00450609952897545,-0.00448788762743924,-0.00410059333371141,-0.00374811275639851,-0.00333728105897259,-0.00300655053149151,-0.00241024987250091,-0.0019104277111718,-0.00133150170720298,-0.000640032055261801,0.000199220680906942,0.00121533656304332,0.00227806487666837,0.00317532564880119,0.00356036677198943,0.00195361694764763,0.000218737681763337,-0.000988440317092049,-0.0018864655094239,-0.00178822441486483,-0.00221966004503686,-0.00293274053975386,-0.00351630931944343,-0.00385424990952296,-0.00406625265171456,-0.00422335673703034,-0.00388901866380467,-0.00286616119837813,-0.00286616119837813
-0.00701388012445514,-0.00749688595890152,-0.00783774901835901,-0.00802787892147899,-0.00804451420429125,-0.0079096086240861,-0.00752130799176103,-0.0069374543553886,-0.00635104832598547,-0.00589120465697918,-0.00557122802230436,-0.00540561715370989,-0.00526032235113673,-0.00501525650626902,-0.00496565534487129,-0.00503475748486953,-0.00527827168195824,-0.00559132681442476,-0.00579192393414764,-0.0059892056148278,-0.0061991860789103,-0.00650642603795738,-0.00692587591717159,-0.00732307100217372,-0.00761866048835285,-0.00779182608284275,-0.00790750146168237,-0.00795430273989054,-0.00795687232539024,-0.00792714419108499,-0.00786592490601869,-0.0077822605048994,-0.00766864241403847,-0.0075169340288972,-0.00739174885287075,-0.00723549877393669,-0.00707293492708782,-0.0069388103321642,-0.00680127649309849,-0.00667381967172807,-0.0065363087147245,-0.00636757063716872,-0.00617682138988454,-0.00596695907373902,-0.00577489459088945,-0.00554535183215569,-0.00530342349540512,-0.00508088409207111,-0.00484417901156936,-0.00456853543329811,-0.00425403091633812,-0.00389435103084778,-0.00361754350587771,-0.00326759335019502,-0.00302044249678242,-0.00280667362111429,-0.00258529247430789,-0.00244155163361073,-0.00253620515139292,-0.00247514454749644,-0.00243629201491299,-0.00250840847785699,-0.00261528455755006,-0.00277398343654858,-0.00294581471282324,-0.00307634347589961,-0.00320446437594335,-0.00335921601505861,-0.00354111597436348,-0.00370703748434092,-0.00365472394876157,-0.00356693100654242,-0.00323176317241475,-0.00301840501616103,-0.00286035496530321,-0.00274775974215445,-0.00268683676166742,-0.00249061022718033,-0.00234362677584529,-0.002525964488553,-0.00280472229083199,-0.00316831448960894,-0.00341338885662577,-0.00362219811321143,-0.00358374288752608,-0.00326964163919265,-0.00313021957458834,-0.00292497658300081,-0.00264534233075249,-0.00233729313274317,-0.00200287467664759,-0.00155220006138646,-0.000812134265267786,-0.000201540432999928,-0.000383819375568091,-0.0010930488703326,-0.00185580042951872,-0.00247844745862917,-0.00286265951771246,-0.00267259672356671,-0.00262568948813345,-0.00288185135722294,-0.00317796998151813,-0.00350289195824811,-0.0037549186617139,-0.00387880273882107,-0.00380474763605936,-0.0035375755669375,-0.00279528231552292,-0.00279528231552292
-0.00858465903911351,-0.00877455306494007,-0.00881146319916282,-0.0087964011925612,-0.00869172390613215,-0.00848077155886603,-0.0081217584117757,-0.00750544396247876,-0.00693127577090123,-0.00641105140810748,-0.0059490325360594,-0.00558522815130896,-0.00531687328664443,-0.00519337830386646,-0.00512653158170079,-0.00532987919664014,-0.00550732975428088,-0.00561371404557841,-0.00568270335691548,-0.0057791087660726,-0.00592662627429042,-0.00615767640141294,-0.00647089275168587,-0.00675697929824189,-0.0069804972430877,-0.00715426958795373,-0.00733391643230958,-0.00737838640247059,-0.00740101105684752,-0.00737309803338361,-0.00727871818279318,-0.00715504661870911,-0.00699203840511939,-0.00682985048105559,-0.00668227433505339,-0.00656231180053081,-0.00646977064888785,-0.00637569644592105,-0.00632380007278951,-0.00627596351173809,-0.00619382339425379,-0.00606463973038268,-0.00590374171200492,-0.0057142377775956,-0.00553375948437694,-0.00536430412067027,-0.00516229828463582,-0.00496821827281183,-0.00475515447635193,-0.00454503962435512,-0.0043066078222994,-0.00406168003268068,-0.003714682018695,-0.00316291159892436,-0.00259314037000388,-0.00211099955292927,-0.00177221004089052,-0.00143603139548995,-0.00116335297825929,-0.000947925309992758,-0.000831651857295526,-0.000838579726764023,-0.000933787864695461,-0.00106456056288786,-0.00118789618812934,-0.00127171424837895,-0.00133356301009485,-0.00138948265318201,-0.00144424810869886,-0.00149483433768108,-0.00154098594607737,-0.00157163882624419,-0.00159152368971115,-0.00160750614835593,-0.00156166254308532,-0.00143404010897506,-0.00131869440309988,-0.00116990397639915,-0.00120459637249252,-0.00102939658361143,-0.00091617974893092,-0.0012889958220873,-0.00185642958550201,-0.00222516418375701,-0.00235780611647137,-0.00243085161910994,-0.00254812463104064,-0.00273881871631711,-0.00272489367219289,-0.00254606648065407,-0.00232323047936947,-0.00205734599391721,-0.00178850866107237,-0.0016646254874445,-0.00168918551759233,-0.00186172611178266,-0.00213783890023032,-0.00224726622268941,-0.00227750122865987,-0.0020625805887908,-0.00169307391378522,-0.00174456958336147,-0.00186257451158311,-0.00192073857967669,-0.00207376628149075,-0.00227524094320455,-0.00249796775568514,-0.00267536018450343,-0.00244066724843484,-0.00244066724843484
-0.00895435683172707,-0.00883562803875371,-0.00874423080355133,-0.00852546370018702,-0.00827836239204784,-0.00801686487482743,-0.00764732000750885,-0.00705503383416772,-0.00644254327770051,-0.00590844931943406,-0.00553178296685231,-0.00527937087551853,-0.00505295312155004,-0.00495557470372698,-0.0052279673921458,-0.00543618994353688,-0.00550993825710714,-0.00555309672655439,-0.00555727779178057,-0.00563191147092283,-0.00579447370585947,-0.00601174878057803,-0.00631611398942585,-0.00658251345049807,-0.00673695506907556,-0.00682633032809366,-0.00688212312487331,-0.00688304275005511,-0.0068468542311583,-0.00669185900169428,-0.00662830867471547,-0.00646679196770761,-0.00628244237195379,-0.00610800423004525,-0.00599181454583705,-0.00591934719079871,-0.00586938585078469,-0.00583865463979181,-0.00585802861081163,-0.00586834849339195,-0.00587891118569316,-0.00586697908396447,-0.00581359692049679,-0.00566561368407099,-0.00552001308859958,-0.00536830026451991,-0.00517766302842232,-0.00495468966051532,-0.00472515693899225,-0.00448484317754906,-0.00418684090162825,-0.0038302121775609,-0.00341981751002777,-0.00294343916341817,-0.00227554170109918,-0.00170363846070695,-0.00128905842024994,-0.000879163167994974,-0.000479449580024698,-0.000221099918241607,-9.10890438704064e-05,-0.000109510504524978,-0.000193066719640145,-0.000285487681561381,-0.000377790227854065,-0.000437680576728862,-0.000441023579924857,-0.000416237714777494,-0.000349609956701212,-0.000331914679710471,-0.000291628256176797,-0.000309054566680324,-0.000308025089637995,-0.000279323882219094,-0.000131277564046545,9.77146808554402e-05,0.000210262216741391,0.000123014084211032,-6.87626635395358e-05,-0.000301433518868105,-0.000326393232981045,-0.000648576146277842,-0.00103376375863005,-0.0013567971691642,-0.00150338205477138,-0.00157771355292915,-0.00162403895419527,-0.00172688196382392,-0.00182301869618517,-0.00187605670055533,-0.00201093537264586,-0.0019958596352176,-0.00184127302287588,-0.00174131801139865,-0.00167334351020654,-0.00166699295937282,-0.0015526841635403,-0.00137499994856631,-0.00117492684882903,-0.000862711422158574,-0.000233350252396659,0.000422399820639584,0.000176162422157559,-0.000236170177965775,-0.000843168211748763,-0.00153949422431277,-0.0024606318316073,-0.00348009530580645,-0.0030784635633318,-0.0030784635633318
-0.00656594174887692,-0.00665689736577754,-0.00669816413326871,-0.00664026666769753,-0.00644468407303735,-0.00625519758181237,-0.00593784914931001,-0.00561818866424355,-0.00535892704927097,-0.00510785649043722,-0.00480392194024237,-0.00452653093280042,-0.00423963035168752,-0.00425009667058166,-0.00457148555384599,-0.00476783428271495,-0.00497694815975696,-0.00520784357160914,-0.0054166883586259,-0.00555848470743774,-0.00563195071697866,-0.00578774238217599,-0.00608674543507565,-0.00631681186426004,-0.00645631237030242,-0.0065829565433212,-0.00666761709969032,-0.0066872722387692,-0.00663319484083327,-0.00649723228248266,-0.00625845624834319,-0.00598463151554568,-0.00578469018735582,-0.00565891820694095,-0.00559309828939943,-0.00557075247544318,-0.00559472638445341,-0.00559789525937723,-0.00565737791332484,-0.00570177904681976,-0.00573794327057579,-0.00578784112180576,-0.00583868195087103,-0.00590155170991485,-0.0057498361878596,-0.00553172588433942,-0.00529746666381406,-0.00496364073701036,-0.00463852481318955,-0.0043400244685031,-0.00402488763088735,-0.00368477842492607,-0.00332227028560414,-0.00288609592329523,-0.00230928779098277,-0.00158741643879339,-0.00107493088482769,-0.000652618152759167,-0.000268346794933108,-2.62032160650572e-05,6.19133585283045e-05,0.000110274632624838,0.000106147712365046,0.000107296882130237,9.10188183671778e-05,8.02437465157319e-05,0.000116554252709469,0.000168732959891102,0.000257632292718496,0.00039087777776442,0.000390733571725733,0.000388967977067139,0.00033435867076758,0.000248056990946374,0.00013702008674938,7.46829802538915e-05,-5.29001652054342e-06,-0.000211773582814177,-0.000426527678357606,-0.000661000828458304,-0.000839809026280808,-0.00101179264642216,-0.00113061973767072,-0.00117340019815178,-0.00111950033288959,-0.00110932201763017,-0.00118434926864996,-0.00120858056474095,-0.00117280495638835,-0.0010630803652923,-0.000966075026826094,-0.000826859442520818,-0.000668051519060089,-0.000539374204518876,-0.00032087289613579,-0.000252176305579312,2.49047138824177e-06,0.000267920561006163,0.000671182994460583,0.00108548790872819,0.00125794653151674,0.00124308523308603,0.00121572875415629,0.00108973949155475,0.00059991311748684,-0.000112309825875678,-0.000787564118683956,-0.00137506219238125,-0.00184559386937554,-0.00184559386937554
-0.00447135337499001,-0.00436152840528488,-0.00433015300823895,-0.00440269153784147,-0.00453707476727673,-0.00455614355368808,-0.00437544045596899,-0.00420582730459525,-0.00403560077441994,-0.00383776106646857,-0.00357750611038239,-0.0031125936828327,-0.00240231226704685,-0.00270889834977004,-0.00324665151067919,-0.00351065612235226,-0.00380592053336158,-0.0041065225049346,-0.00440315978044822,-0.00478180560723719,-0.00513649001604587,-0.00533273393536629,-0.00556509384405564,-0.00580497894765705,-0.0059493385547983,-0.00609984890686499,-0.00623388006334904,-0.00631441307102707,-0.00632146995122207,-0.00623765195270359,-0.00607946155651219,-0.00585916114364176,-0.00564755951756154,-0.00551835631979264,-0.00541971665377748,-0.00533306313731839,-0.00538176043297411,-0.00540856617468809,-0.00552130486684327,-0.00563747438981613,-0.00571672993841272,-0.00580007297860148,-0.00587543362675519,-0.00597963702262353,-0.00585441661635627,-0.00554942284397353,-0.00522285569976705,-0.00487466470009805,-0.00456729072587823,-0.00427579484422734,-0.00398938263072019,-0.00367805711805192,-0.00330252277465173,-0.00283303207341191,-0.0022414946030672,-0.00164595930857293,-0.00115977142615121,-0.000825141846288749,-0.000491881151983606,-0.000100899576924239,0.000157241423200109,0.000431680764036935,0.000408267905121405,0.000367427558401023,0.000219720477338134,0.00012576646105885,0.000115779716362376,0.000139935128877819,0.000211343789209964,0.000281803389355573,0.000246474071130858,0.000168231623196489,2.38807992542986e-05,-0.000151097719741446,-0.000386327954044285,-0.000663177073953018,-0.000967546478735621,-0.00132068472240788,-0.00150798363316638,-0.00161028194619874,-0.00186200171850102,-0.00205068709886462,-0.00223135395893008,-0.00216358407696153,-0.00195600293515762,-0.00165252377805442,-0.00140076998173237,-0.00112581081051613,-0.00083127239023139,-0.000524142827351567,-0.000182693252691477,0.000158312275559076,0.000570713267720527,0.00109650422715245,0.00146650108857427,0.0018088371933245,0.00214235859292431,0.00246081744828993,0.00269594328303491,0.00275988504956548,0.00261564086725947,0.0023377671157416,0.001988391649689,0.0015931801923403,0.00112751690787031,0.000573155762763546,-0.000136917642021665,-0.00086567502421895,-0.00152103519264665,-0.00152103519264665
-0.00287448301548752,-0.00261866844307439,-0.00249234980791246,-0.00240568034749618,-0.00237900233099371,-0.00231954815772599,-0.00215490864443046,-0.00200157370791251,-0.00190841949527303,-0.00181123443903269,-0.0017213465047563,-0.00164041746108867,-0.00141645215204741,-0.0012612575669283,-0.00157495466498222,-0.00187045998693718,-0.00228572295631666,-0.00266806072469105,-0.00318430309814488,-0.00371982090844108,-0.00424341263948776,-0.0046110889149035,-0.00493002969434493,-0.00519186981586918,-0.00539724528176428,-0.0055917918002915,-0.00576150896625998,-0.00586892297612734,-0.00594645703199312,-0.00595135715038284,-0.0058978061697381,-0.00578815410598428,-0.0056455727108336,-0.00553400456785582,-0.00543011562167138,-0.00531109223206941,-0.00527212214412484,-0.00532519472541652,-0.00549042195148699,-0.00562739022422202,-0.00573338971977034,-0.00581205531824228,-0.00590047157149547,-0.00594593065476445,-0.00581820952535587,-0.00554025811037696,-0.00523987003250428,-0.00497199871934763,-0.00468486176384187,-0.00439835508443756,-0.00413908307285201,-0.00382854563451057,-0.00345310784227541,-0.00291773123133629,-0.00231466243240347,-0.00179728189691549,-0.00147925226058472,-0.00118567733093494,-0.00093557871387207,-0.000782566563029842,-0.000570862711796207,-0.000512645780866662,-0.000542001840107272,-0.000613330585814652,-0.000671633606434224,-0.000702213955212857,-0.000686578663787015,-0.000637867600336114,-0.000583500549786994,-0.00054322686782932,-0.000581761478347478,-0.000730334772613517,-0.000953898868169461,-0.00119724912655288,-0.00144648411701328,-0.00173860263674639,-0.00213290723355266,-0.00249675458623135,-0.00271198755195175,-0.00292933881610435,-0.00316911498386676,-0.00335716273216977,-0.0033618622171342,-0.00331136868971185,-0.00304796228545696,-0.00259966055340665,-0.00203266028770437,-0.00137268297661724,-0.000448955279219759,0.000326767128841714,0.000930099151068071,0.00149390981465533,0.00200381192121238,0.0025308705416024,0.00294706800365341,0.00342759949411896,0.00415695775862291,0.00446626808928538,0.00440332219808873,0.00402720448484226,0.00357732111011257,0.0030621856425324,0.00248439068411224,0.0018384630353224,0.00114556334388773,0.0004514898567369,-0.00025635770095455,-0.000956840259423771,-0.00157096065292003,-0.00157096065292003
-0.0013170443865415,-0.00112888104691786,-0.00105654192794055,-0.00103033776588266,-0.000974736709540985,-0.000909147661154144,-0.000859856312933283,-0.000828040023088991,-0.000810441373258364,-0.00083572235593149,-0.000905469784352471,-0.00088863831807099,-0.00074628544375429,-0.000550074011530281,-0.000625218911787226,-0.000854174680664942,-0.00115269008053322,-0.00149629330675486,-0.00197098282994181,-0.00266944793198601,-0.0033693203190251,-0.00390883552915194,-0.00429459331806786,-0.00465664314821375,-0.00489287172926151,-0.00508270532470136,-0.0052476364579862,-0.00538966732724619,-0.00550573689311083,-0.00559246666946647,-0.00564197369548147,-0.00565220343225086,-0.005633484466017,-0.00558680273660188,-0.00552616250910578,-0.00549324907312277,-0.00543667320298793,-0.00543123903801292,-0.00548429987365848,-0.00556507903306224,-0.00568528428428678,-0.00578016625337021,-0.00586408782736162,-0.00583422552548082,-0.0056822839667557,-0.00554923769840732,-0.00533207816671357,-0.00507688031341872,-0.00480551424248346,-0.00449217302249841,-0.00418062970922463,-0.00383575055721665,-0.00339713283405209,-0.00283446486144641,-0.00225463430174413,-0.00198552324370992,-0.00181427531360661,-0.00173193053480051,-0.0016740371053958,-0.0016251017833097,-0.00162794846336225,-0.00167523415236193,-0.00176221512031337,-0.00186927524856772,-0.00186302781597704,-0.00178391166551681,-0.00167514288968262,-0.00155083281569382,-0.00144516612630007,-0.0013766651056707,-0.00137255675545426,-0.00149344522291474,-0.0016692599971659,-0.00188586785740336,-0.00210339236525176,-0.00233983632502376,-0.00261120665723534,-0.00281379982235478,-0.00293038315472668,-0.00301716309551707,-0.0031126539755744,-0.00311706912541668,-0.00322284267482019,-0.00346057414374362,-0.00331056722477707,-0.00275559794020272,-0.00208222181655129,-0.00125838574711984,-0.000202700315533506,0.000894209978612216,0.00167409796300287,0.00228979433333315,0.00282585916940858,0.0032670714496757,0.00376624108943209,0.0043523657967479,0.00508654552281603,0.00516417325682725,0.00480457413873599,0.00416055919785732,0.0036995627982437,0.00301442072469031,0.00223802275395457,0.00148533528099154,0.000791506647934821,0.000106658980674183,-0.000488426984916385,-0.000951881308805788,-0.00121122359804676,-0.00121122359804676
-0.000971080693102498,-0.000684108465562001,-0.000424734591946852,-0.000189570253298344,-4.08738188017142e-05,-5.04400226086221e-05,-0.000222918132607226,-0.000426233722653047,-0.000560401090972926,-0.00075673226219327,-0.00101574851353087,-0.000959208323714322,-0.000621347372066147,-0.000451994881622755,-0.000426814416947398,-0.000635692803032226,-0.000819165770635568,-0.00100041561873868,-0.0013273333485249,-0.0018594357463973,-0.00251607990454915,-0.00311112300902294,-0.00362411097710382,-0.00405148890356274,-0.00442403628089027,-0.00467101387101111,-0.00487103910876534,-0.00506029532753103,-0.00523138245092583,-0.00539829212929955,-0.00552331322067596,-0.00561745702702407,-0.00568368604006991,-0.00568074711766924,-0.00572722963720441,-0.00573951327506613,-0.00569616712305818,-0.00554003375198217,-0.00543675802527576,-0.00539723135799397,-0.00549398614874096,-0.00560932029178687,-0.00570214336982099,-0.00558184058299929,-0.0053802538902243,-0.0052050383500801,-0.00498871475930916,-0.00485517785705638,-0.00464037694047459,-0.00430446783047932,-0.00391737201440681,-0.00342611093366005,-0.00284470598629509,-0.00232959680741804,-0.00209792110309338,-0.00201895787661936,-0.00201885810958879,-0.0020692582570413,-0.00214683700112654,-0.00221027255399729,-0.00228902356876356,-0.00240267345898716,-0.0026287854854714,-0.00277143872677436,-0.00283543791282625,-0.00279538190832308,-0.00266762040475582,-0.00247992248669246,-0.0022759159987439,-0.00209749421648158,-0.00201760684388117,-0.00206238253247637,-0.00213862327508626,-0.00222911423815575,-0.00238932223469441,-0.00252446779183392,-0.00263694854856566,-0.00272824276596006,-0.00276668909029494,-0.00278465123265663,-0.00276437648737974,-0.0027467150224666,-0.0027666632858939,-0.00275976257530284,-0.00273342276953604,-0.00249451527958133,-0.00200986869468243,-0.00134701587962275,-0.00058712441133852,0.000408853510580991,0.00119506110764874,0.00171405857667863,0.00208904481753502,0.00248739967910502,0.00292066585616032,0.00331744820183846,0.00406961026999566,0.00455961889024288,0.00422998492064894,0.00360316566789328,0.0027173863226275,0.0019669149381414,0.00124211271895683,0.000571990444090939,6.5455704154796e-05,-0.000114775441759446,-0.000366578786636165,-0.000552398742504651,-0.000587053462060477,-0.000587053462060477
-0.000933791373705861,-0.000648219646484774,-0.00028818979851724,4.28747961417203e-05,0.000312231982610184,0.000319077851271735,-0.000324073325010305,-0.00100334047334473,-0.00183277253531854,-0.00152658186279152,-0.00123536195506019,-0.000877521525054398,-0.000567567511364685,-0.000386458493949604,-0.000343147994134015,-0.000399056362430044,-0.000470376235888441,-0.000644814520834052,-0.000928292963294721,-0.00133402422427663,-0.00189063471126785,-0.00244117462222783,-0.0030595245269362,-0.00362028279406552,-0.00408044056165772,-0.00443814769372912,-0.00472207539251835,-0.00498510465699063,-0.00517323747261373,-0.00538536262477573,-0.00555044702122614,-0.0056907186565469,-0.00579279087044119,-0.00594906763020931,-0.0060438843477672,-0.00603695778888895,-0.00597131043482932,-0.00576171550355551,-0.00555512961493954,-0.00547768702610223,-0.00545240542300223,-0.00540508785182272,-0.00529330206646337,-0.00516375168285911,-0.00489199593217317,-0.00464782236226504,-0.00446474339990314,-0.00428031315273237,-0.00397249655423993,-0.00361663750230206,-0.00317673448153449,-0.00274127178289788,-0.0023526265237661,-0.0021150615768875,-0.00202106123731183,-0.00199323297571114,-0.00208769538625517,-0.00231144781165833,-0.00250102738112847,-0.00265163908409053,-0.00281810755753496,-0.00300286625505392,-0.00321860424449029,-0.00343172965159181,-0.00355994400801174,-0.00355366859521136,-0.00347031096664221,-0.00332267521413925,-0.00306833795667004,-0.0028523483959472,-0.00265120121473922,-0.00255341195277293,-0.00255014553415338,-0.00250435587420258,-0.00252059655029609,-0.00256784297294259,-0.00258523188933517,-0.00259765912725637,-0.00258298800228923,-0.00254345672638907,-0.00248555577120099,-0.0023865472396363,-0.00225396899964549,-0.00211955682537797,-0.00199036072944963,-0.00180383811608847,-0.00157733221812689,-0.00128100650859166,-0.00089719574728301,-0.000385780053489694,0.000226160421897895,0.000749845746206498,0.00100265912496737,0.00109127814352164,0.00113826778194299,0.00113332304943446,0.000975499691457021,0.000889700965391808,0.000611635824859534,0.000281003579087065,-3.37923108564148e-05,-0.000384098758690568,-0.000791502008912162,-0.000823738327925955,-0.000673276234341297,-0.000547486074123943,-0.000393270383334199,-0.000319973300709611,-0.000281810358099044,-0.000281810358099044
-0.00136972256972707,-0.00135089410883363,-0.000899365074306872,-0.000751019128210753,3.00590052670566e-05,0.00111005609375966,0.00137974381023795,0.00065124398778358,-8.94271335764116e-05,-0.000876922540104436,-0.000633403354257833,-0.000233300935668337,5.21250865312376e-05,0.000227437111172632,0.0002945988145753,0.000197733226048921,8.88700943860177e-06,-0.000293896079913779,-0.00068478767908672,-0.00111036820422127,-0.00162383251696136,-0.00215121827033542,-0.00274445057792086,-0.00334502996481418,-0.00388408093563083,-0.00432838743343823,-0.00466848068293814,-0.00492613576419682,-0.00516601817562833,-0.00538739453758436,-0.00558960197674625,-0.00576839258265725,-0.00599052778508331,-0.00615773033670558,-0.00630415772129059,-0.00633408045270182,-0.00629303962796297,-0.00621435177768091,-0.00605521826373671,-0.00577476626335718,-0.00553356225495514,-0.00526564734902924,-0.00491876433044952,-0.0045367135641137,-0.00419379735850604,-0.00387297044156973,-0.00352683764902889,-0.00311269408181262,-0.00266642846162929,-0.00222150932502079,-0.00210240394535433,-0.00192568998839804,-0.00177744460893159,-0.00168850035568155,-0.00167502122399576,-0.00167610138455446,-0.00190422762215073,-0.00230807136990843,-0.00264443294606878,-0.00293695819482834,-0.00329040459090864,-0.00391898050712801,-0.00460724819932938,-0.00469941612791238,-0.00467367881042275,-0.00467853449466139,-0.00467754879688381,-0.00458899203126714,-0.0041997610844443,-0.00370811775589083,-0.0033449191071387,-0.00309098570146146,-0.00291100326905481,-0.00277083050699718,-0.00263623012874293,-0.00251679443517905,-0.00243463599167125,-0.00238247274881829,-0.00232213675238189,-0.0022619950039853,-0.00216872935596964,-0.0020312170015358,-0.00184998578663938,-0.00164423734506437,-0.00143731992546008,-0.00120784052721117,-0.0010172249991282,-0.000810057471937155,-0.000585656910795856,-0.000292935286209328,5.94406110080957e-05,0.000321729219443422,0.000244698644745519,-0.000101913833841352,-0.000433030185112433,-0.000712101459050589,-0.000918876005377593,-0.00106319884162206,-0.00117767745336045,-0.00130798666968139,-0.00145641535592976,-0.00161488121242608,-0.0016426474125931,-0.00136394045598037,-0.000974368450848681,-0.000416242276834414,6.84793633755898e-05,0.00026872794225194,0.000348930387953791,0.000348930387953791
-0.00237861849189668,-0.00223142802913996,-0.00168354459667661,-0.00101888738867777,-0.000505179592702992,-0.000491989059942938,-0.000481016418969357,-0.000623498729034735,-0.000712302437663206,-0.000386877792149871,0.000100268724402032,0.000463309470533853,0.000642555834421585,0.000567824844595312,0.000328776751388125,2.69735017778515e-05,-0.00029567658458091,-0.000625635557234456,-0.00093886593206937,-0.00128203386133583,-0.0016843036970028,-0.00216574515131793,-0.00268708900392606,-0.00324582083180337,-0.00380399002909508,-0.00427457008527793,-0.00464205214472826,-0.00495180702389058,-0.00521582819660115,-0.00544959527235753,-0.00568662528420818,-0.0059338102654092,-0.00618658219781312,-0.00637363387859088,-0.00650115430782944,-0.00657705893699454,-0.00661546351356967,-0.00657992380295361,-0.00640796770343254,-0.00609812747059203,-0.00565068747373434,-0.00507856739464413,-0.00448642402781748,-0.00391189596174145,-0.00335577885846533,-0.0028247435345625,-0.00233788052784686,-0.00191592008265966,-0.00154915926364198,-0.0013068387539313,-0.00116151852758429,-0.00111629693316271,-0.00115169898354917,-0.00131194035787633,-0.00151761140753294,-0.00179843911121178,-0.00216921702899805,-0.00263061395850341,-0.0031287979446143,-0.00348488068312761,-0.00412610756619461,-0.00489242070218677,-0.00538563512792536,-0.00539200909831555,-0.00538391164886258,-0.00539770358525051,-0.00535566333238982,-0.00522994747368686,-0.00499657849413976,-0.00462101171257298,-0.00410679989314118,-0.00372228800865772,-0.00339667279317322,-0.00311913615605163,-0.00282213079861078,-0.00255251501562914,-0.00240992737345406,-0.0022657858713113,-0.00213676254371756,-0.0019962261546568,-0.00183591256965033,-0.00160245607037551,-0.00135186526422225,-0.00110143658895745,-0.000856276183872832,-0.000653083320875994,-0.000494913665849049,-0.000371152008844128,-0.000254520143959365,-0.000131979201430992,1.90948807343889e-05,7.5633283603653e-06,-0.00023008868670531,-0.000488844692222172,-0.000698588109278218,-0.000903997342765736,-0.00108055438145001,-0.00129168942813182,-0.00149748611855129,-0.0013414638797147,-0.00128985702215301,-0.00113706647547453,-0.00086258667051797,-0.000477235750571573,1.7627123616722e-05,0.000573376741339698,0.00102614492884312,0.00134951279742692,0.00147161959077386,0.00147161959077386
-0.00358591306571101,-0.00333058783972091,-0.00299705495382808,-0.00267177349759703,-0.00242761461158409,-0.00220749708457186,-0.00196657185184855,-0.00163900503851839,-0.00121363037786259,-0.000654665567172799,-0.000201756349423947,6.75364353835573e-05,0.000106608983989108,0.000106915172391102,-0.000144942024422428,-0.000487447321611037,-0.000838306664795999,-0.00122864006028938,-0.0015148979968261,-0.00168773091486296,-0.00195174665747692,-0.00235412719730011,-0.00284820523762894,-0.00341224019405707,-0.00398556970789631,-0.00444259873613793,-0.00480452772782577,-0.00512016510710717,-0.00543795736540483,-0.00569941720363511,-0.00599124371362971,-0.00629461549233676,-0.00654561301056771,-0.00669597534953076,-0.00680226109940608,-0.00684686601512482,-0.00683015674972375,-0.00674285905318358,-0.00648321048258666,-0.00609987011264537,-0.00561524654898559,-0.00504641683184606,-0.00439493345305291,-0.00382332153490379,-0.00316421286607476,-0.00258340117620695,-0.00208101246038807,-0.00159038405700582,-0.00128737007618089,-0.00107354536722176,-0.000886269137249564,-0.000813433819730644,-0.000988249118681002,-0.00129743898838883,-0.00169882121836307,-0.00212704087838084,-0.00259555961667445,-0.00309521133310112,-0.00358593399913498,-0.00408733005175914,-0.00457559392461388,-0.00494770129313058,-0.00511296161264681,-0.00527157900038233,-0.00529894528343111,-0.00528729287341086,-0.00528370164250923,-0.0052536153310563,-0.00516446414043928,-0.00493346115422793,-0.0045552890048119,-0.00417287612520903,-0.00382939953372217,-0.00351066536340971,-0.00318330366173661,-0.00283549353357369,-0.00254006427458832,-0.00229720861906153,-0.00209216536091143,-0.00191269629536648,-0.0017025901254944,-0.00143272714111586,-0.00112168718936319,-0.000788850353812004,-0.000497365026302004,-0.0002010430386726,3.2666050650605e-05,0.00017289858600429,0.000313672308158322,0.000472389638401421,0.000659236847921151,0.000502579057101914,0.000170201459081998,-8.92163829813511e-06,-0.000134644769605818,-0.0001980554447763,-0.000226546083276267,-0.000223933198068395,-0.000196984840418273,-0.000137684952501803,-2.98438766396739e-05,0.00012058994515338,0.000323225531589581,0.000651540107357317,0.00103636791368745,0.00144204904783812,0.0018021796776316,0.00213707978027693,0.00238347269871859,0.00238347269871859
-0.00444664584694284,-0.00409641761570751,-0.00371736346547894,-0.00332964962870536,-0.00292915642723056,-0.00250503062762205,-0.00207158308035146,-0.00160648809967952,-0.00112702223190678,-0.000743071154036115,-0.000422943300211029,-0.000242938189659129,-0.000244908999794975,-0.000316705555008553,-0.000570460700341285,-0.000910669817905442,-0.00132209585524507,-0.00169607217933878,-0.00202386789908088,-0.00230771900515077,-0.00259081035246962,-0.00293616359118947,-0.00337800530282934,-0.00392343782480922,-0.00448173405952714,-0.00490237164458211,-0.00525736697430374,-0.00558210115459114,-0.0058866914318379,-0.00618378714646004,-0.00656091413039268,-0.0069378237266494,-0.00719411426005407,-0.0073544453721834,-0.00743480340288096,-0.00739803047639151,-0.00730652196730657,-0.00712611880961868,-0.00681947944795193,-0.00640601614501315,-0.00590235606400842,-0.00533347806242519,-0.00471575510728051,-0.00408756471948269,-0.00342141569470028,-0.0027086129163768,-0.00201744775103286,-0.00160738713379878,-0.0012763332942411,-0.00107081459593383,-0.00095376875843383,-0.000993618700827167,-0.00129073453886104,-0.00175937221978869,-0.00214969057867936,-0.00246557866909566,-0.00281969407743956,-0.00318316159735356,-0.00356268623757135,-0.00393158364443068,-0.00427703752939624,-0.00450456284643032,-0.00466630286610124,-0.00474807125164875,-0.00474400822595318,-0.00470731639054947,-0.00473838022587572,-0.00475461643228216,-0.00479208430180251,-0.00479678182583094,-0.00468235663772562,-0.00441866736975738,-0.00407177212699122,-0.00380604443162651,-0.00351762422661208,-0.0032104704468615,-0.00277231570298138,-0.00242956455279806,-0.0021281307712601,-0.00185873862672804,-0.00158218269604353,-0.00129838638528963,-0.0010228444710886,-0.000716239085783021,-0.000390115060981992,-4.69257423332122e-05,0.000247301946015391,0.000509168538011551,0.000702845347162267,0.000918882694697009,0.00113406258448494,0.00117686742552023,0.00115471871942125,0.00112454158342605,0.00112143882185635,0.00107749697023388,0.00103191028841822,0.00108247669609201,0.00114360367105483,0.00118672414614358,0.0012402865620767,0.00135210470074824,0.0015043479781497,0.00169555692875284,0.00188412343386877,0.00208941715585329,0.00230837477115066,0.00251379608402038,0.00266175918128807,0.00266175918128807
-0.00485232295738528,-0.00449759269074574,-0.00406481786826175,-0.00369406050035194,-0.00331943201236255,-0.00298028954575314,-0.00253218062885447,-0.00200833896791795,-0.00152123430916422,-0.00117396306493884,-0.000861690019715584,-0.000677853429866235,-0.000636067364267521,-0.00075911562966024,-0.00104870447998408,-0.00142154262033614,-0.00175092111530564,-0.00207439786192248,-0.0024967710698518,-0.00274294244860204,-0.00293762877994305,-0.0032146476931157,-0.00361846675595798,-0.00411719349790427,-0.00466713765670511,-0.00509595717122314,-0.00547012365484459,-0.0058058872064662,-0.00611033838315648,-0.00642906713588805,-0.00679710372990279,-0.00714035281427003,-0.0073633505287292,-0.00747659807286064,-0.00754869449658257,-0.00747082445512666,-0.00741251882264987,-0.00718805793694621,-0.00692471616948887,-0.00658770824636908,-0.0060728597636168,-0.005509076718595,-0.00490078505288691,-0.00422002501903998,-0.00347395129623543,-0.00258690046758102,-0.00180523474874128,-0.00144578230211449,-0.00123208771182658,-0.0011171600607462,-0.00110613042869318,-0.00117398526054815,-0.00141419898307145,-0.00191343213090956,-0.00245562317788425,-0.00273899937151391,-0.00300058602589902,-0.00322658606687673,-0.00341424398438035,-0.00365851374720581,-0.00394983987977151,-0.00423500607558858,-0.00436493734902737,-0.00435207900855402,-0.00428933216144425,-0.00409553458878523,-0.00385748876408225,-0.00391320313223929,-0.00422179876438677,-0.0044740268380463,-0.00460012198893449,-0.00456801017733448,-0.00438975766013018,-0.00410025465676877,-0.00360403367953752,-0.00311789122482203,-0.00261015928199691,-0.00217355037484292,-0.00180778563393314,-0.00154995070890793,-0.001416170601759,-0.00121638385955996,-0.00097159052114851,-0.000670782335703341,-0.000355292006747378,-4.31512875748719e-05,0.000251294918477373,0.000539119546492743,0.000750392092091279,0.000975556512565656,0.00116695709684101,0.00139804195947363,0.00156775338171427,0.00177936417597973,0.00210947144624515,0.00235413685626848,0.00232814954952196,0.00239289657464211,0.00252065858592873,0.00253558047269034,0.00255999573990973,0.00256379428427298,0.00260673923873074,0.00258597879983554,0.00265877670303677,0.0026421531220511,0.00271039291826571,0.00275860698541683,0.00273827023275933,0.00273827023275933
-0.00507205247070737,-0.00471896120737188,-0.00433247897607106,-0.00395132826920946,-0.00353683472656328,-0.00316810912079115,-0.00278848023874985,-0.00239769506785812,-0.00193165077586635,-0.00146580405416623,-0.00118300732745206,-0.001049887186856,-0.00103631500529769,-0.00129677643697286,-0.00151394951323942,-0.00172161589369341,-0.00193752371879813,-0.00214386317602112,-0.00258976539962492,-0.00288987744842768,-0.00307688949907995,-0.00325782560716504,-0.00350846986754576,-0.00388631398358852,-0.00438110135168573,-0.00481290376703418,-0.00518538771076538,-0.00551290198355517,-0.00581237618817156,-0.00616425994461016,-0.00650397042957944,-0.00685947968966113,-0.00705609570810651,-0.00720987377037399,-0.00728495999673512,-0.00734081510823504,-0.00730637646817149,-0.00714161570653686,-0.0068560293236244,-0.00644712017728012,-0.00594884146009838,-0.0054770411507832,-0.00491196243324553,-0.00420592762100764,-0.00330233948908073,-0.00229044463704762,-0.00166267870853178,-0.00131941985921278,-0.00115281983102026,-0.00109046080635148,-0.00111787717168492,-0.00123842367002645,-0.00156733538114543,-0.00219250106916521,-0.00268965902252081,-0.00297338294994131,-0.00324484682883669,-0.00342471099776063,-0.00352867990230933,-0.00362317293207728,-0.00374896738962594,-0.00392058516586992,-0.00396360391343864,-0.00391284773845828,-0.00376780062231822,-0.00361342822575844,-0.00353945491004106,-0.00361164158882152,-0.00370332777911513,-0.00380854763608447,-0.00393857507166282,-0.00395624643572564,-0.00369396817910854,-0.00338966802024291,-0.00299073698825309,-0.00255822836667463,-0.0021594618841941,-0.00169265168960877,-0.00134418543630186,-0.00104984773116317,-0.000871674674164349,-0.000748530931350426,-0.000695994023071532,-0.000567885661148968,-0.000332227167987469,-0.000161536546311284,7.35708432652356e-06,0.000205204489909237,0.000416880084325772,0.000608880947895223,0.000828252911272766,0.00118954498349703,0.00153271568548086,0.00186523261651779,0.00227669782848271,0.00272020098508606,0.00320142023209369,0.00340058314842767,0.00357952265300964,0.00359339643624066,0.00354152715708228,0.00360400140400086,0.00358746384516863,0.00343657629421663,0.00334401001493115,0.0032511212357482,0.0031454818270607,0.00298120546582911,0.00274890504392724,0.00274890504392724
-0.00469595140974893,-0.00442286735754479,-0.00398147505266375,-0.00348472477468518,-0.00301209329360091,-0.00264937677997809,-0.00239374418127581,-0.00216445569955035,-0.00187110166251269,-0.00163900607783914,-0.00150370090618877,-0.00150219505873917,-0.0014815615437439,-0.00156012162378859,-0.00168356827253673,-0.00186824742920495,-0.0021251683479021,-0.00237748262696004,-0.00241783726344824,-0.00253458034678824,-0.00256056146932194,-0.0027563431384794,-0.00298130528743109,-0.0033479604383644,-0.00389571788435271,-0.00425624287257572,-0.00457375617923925,-0.00487448735299328,-0.00511496303541525,-0.00543245810601296,-0.00578884975117993,-0.00609581137646631,-0.00632406968712287,-0.00646058121711653,-0.00658536883505406,-0.00670962069077309,-0.00677370129836239,-0.00671637077745314,-0.00643807277256176,-0.00597759354916566,-0.00548841533651925,-0.00499818426895568,-0.00440203568610993,-0.00358729709129011,-0.00268265942331722,-0.00188337796352046,-0.00149192633950843,-0.00112667832025685,-0.000917482397301194,-0.000865267309848279,-0.000878656805501965,-0.00102578450239819,-0.00137350828435796,-0.00208043520591911,-0.00258197788395549,-0.00301355284725108,-0.00324442932507415,-0.00333891379310284,-0.0033993896891863,-0.00351454538448656,-0.00360624108275225,-0.00363063520049675,-0.00351554475509378,-0.00338644728839603,-0.0033160505737338,-0.00329097071380254,-0.0032341225431735,-0.00323216005055076,-0.00311069134405775,-0.00300873823362229,-0.00289475398541408,-0.00273020128091125,-0.00241572994586057,-0.00209628393400565,-0.00174679262935335,-0.0013602324180453,-0.000964588306474989,-0.000659780049442079,-0.000455143788382892,-0.000283712179251061,-0.000191147308079152,-0.000127671944707855,-0.000146167304507652,-0.000175359801261313,-0.000259677413462028,-0.00022034423642142,-0.000144276686476723,-4.98388977349848e-05,5.93296928315485e-05,0.000166660442122825,0.000289076969961118,0.000530197230209295,0.00101386754605427,0.00146793457006159,0.00186343001297259,0.00238948209385592,0.0027982503907053,0.00320277008878305,0.00351335181718202,0.00369877290349433,0.00361087779599951,0.00359031082990575,0.0035409962483732,0.00348502906172887,0.00346357268632118,0.00336525233106625,0.00318336323012932,0.00287728973286597,0.00248516545965423,0.00248516545965423
-0.00386570373293135,-0.00370018998937102,-0.0032984936305106,-0.00272550405160863,-0.00203610641838431,-0.00141940714333431,-0.000879935456452509,-0.000865041854061599,-0.00107534396454386,-0.00139285406501968,-0.00185006718270748,-0.00214236436360051,-0.00226304978112518,-0.00227235924807007,-0.00234600580010459,-0.00238581308333888,-0.00243691988779522,-0.0024861513752705,-0.00250240612529628,-0.00250331563439276,-0.00253918999181824,-0.00267130917917725,-0.00279804973975981,-0.00311169808402268,-0.00337248506706745,-0.0036367986953402,-0.00380190604958986,-0.00392365969996102,-0.00407650279660322,-0.00423292652628342,-0.00433877451382303,-0.00447595397065874,-0.00462811809909664,-0.00479164828508213,-0.00497518245660741,-0.00516467917310806,-0.00521192274719451,-0.00523696245331261,-0.0052837823187392,-0.00496148544781177,-0.00436473661913886,-0.00375712752377104,-0.00294510130802706,-0.00210305551036078,-0.00137047978381128,-0.00102962455081408,-0.000849185563249566,-0.000678818827615354,-0.000467949249585708,-0.00042170574218795,-0.000504530250935255,-0.000709784742675247,-0.00116729477574321,-0.00171329929764835,-0.00220019673519659,-0.00272752207028648,-0.00305497593068377,-0.00328340544136071,-0.00346514019934967,-0.00360647937875272,-0.00370616656047493,-0.00372238232952949,-0.00358745028820307,-0.00337635494316108,-0.00322722748150665,-0.00308505237643439,-0.00291155886270942,-0.00272932589714219,-0.00254753404484774,-0.00230980272338396,-0.00203543401785408,-0.00170136354403076,-0.00126656808950196,-0.000894633828738187,-0.000497770067341875,-0.00011309106153891,0.000210774280649751,0.000397969045726173,0.000499402824131446,0.000513121063424265,0.000501751188054548,0.000467238269701134,0.000385727462670177,0.000241372532302999,-5.94508818872201e-05,-0.000271229588002413,-0.000311047400460643,-0.000338327171861963,-0.000377619735588582,-0.000395935299157067,-0.000366745234260488,-0.000285688820760456,-3.09421468125116e-05,0.000382376302337766,0.000822262692862605,0.00126084409633706,0.0017722503949183,0.00226198537667885,0.00243245256137983,0.00253608045959119,0.00263561006872276,0.00261636228822363,0.00268829278195887,0.00273232278961557,0.00276432904450161,0.00271316879574943,0.00256649217035685,0.00232673055264989,0.00200641170405432,0.00200641170405432
-0.00314977858424127,-0.00297896502132334,-0.00266491554880223,-0.00229189698770991,-0.00194594373576363,-0.00171962327364421,-0.00155250616308306,-0.00150635911736203,-0.00169419528017032,-0.00221470210325283,-0.0029563335494585,-0.00348153367377394,-0.00364461733302,-0.00372085040255318,-0.00324986505680541,-0.00278759957804899,-0.00261633906506455,-0.00256333072026338,-0.002469737771971,-0.00235429286443383,-0.0023965784321406,-0.00250324471942266,-0.00249277772906717,-0.00250474317998167,-0.00260991312403478,-0.00273807244263217,-0.00277863271256073,-0.0027586578605365,-0.00276735399691341,-0.00275518831407866,-0.00277403479992425,-0.00281317746573975,-0.00286804866681418,-0.00290101738331366,-0.0029194338201783,-0.0029796875898233,-0.00310881595548465,-0.00321517189887142,-0.00340240730435065,-0.00344913556678985,-0.00306833354884088,-0.00209584392393891,-0.0012323724190756,-0.000554211885295604,-0.00018613151995686,-4.67322956989537e-05,2.19011957565885e-05,7.9469022100475e-05,0.00011615327471513,0.000171114512271945,4.81057185650372e-05,-0.000363658169724127,-0.00100260808767784,-0.00164780372082641,-0.002224002151112,-0.00271156909944068,-0.00306380580010308,-0.00333857251237105,-0.00359643988776758,-0.00380060582135557,-0.00390671828605071,-0.00393093531202398,-0.00384240273593358,-0.0036427812802141,-0.00324228207539655,-0.00290507288983225,-0.00262178904072779,-0.00232709813811712,-0.00204039420206723,-0.00174094511102865,-0.00140127851923604,-0.00101472625989856,-0.000539971597140201,-6.52941254065492e-05,0.000345920199472589,0.00078345637917787,0.00104014818188465,0.00115152391281233,0.0011465886414333,0.00107473315505923,0.000985437129700191,0.00089073670504513,0.00073924339640483,0.000509553583385956,0.00012778698609027,-0.00031716637100287,-0.00062558783090286,-0.000866042604819049,-0.00107275437487847,-0.00118117325437584,-0.00126493223747433,-0.0011700823932411,-0.000975951826130931,-0.000682620192033058,-0.000379495136049153,-4.79028915875034e-05,0.000404359098980831,0.000924480322621573,0.00136256469390568,0.00168999124670778,0.00190289471891006,0.00206944130046656,0.00217908812129711,0.0022328724763055,0.00225831899869522,0.00226068146130278,0.00219075571629355,0.00203271700534364,0.00174921554061958,0.00174921554061958
-0.00263490591911762,-0.00262802610832033,-0.00260512966515572,-0.00255558087882132,-0.00248814878929338,-0.00243516830066483,-0.00247407527848447,-0.00264704754155543,-0.00297255678944506,-0.00336196035812387,-0.00376253975900085,-0.00411228738982124,-0.00416481722716205,-0.00399664176043306,-0.00365219289004778,-0.00326940654486572,-0.00290023549169958,-0.00265001606145146,-0.00245842755003713,-0.00238812184971643,-0.00234941115531755,-0.00235054488754079,-0.00230655073190525,-0.0022398672326189,-0.00212987190165419,-0.00200032286423978,-0.00191653238158131,-0.00184194484376778,-0.00181647314394931,-0.00182148973387527,-0.00183438106861179,-0.00190160902609465,-0.00192724015202189,-0.00196900273171444,-0.00200555318812013,-0.0020749065407655,-0.00205274397686032,-0.00201354440535306,-0.00194237808749345,-0.00195630342955598,-0.00165737000348506,-0.00063209474106108,0.000178822868352726,0.000602702500721283,0.000800977806983414,0.000890696510825288,0.000909519557976935,0.000873384312116424,0.000820675206984237,0.000866313915816553,0.000874260767603639,0.000381257785836362,-0.000436958542597525,-0.00129746333816585,-0.00214992192614669,-0.00277328594567702,-0.00320854831746975,-0.00355816197540681,-0.00382519530495277,-0.00400655848500847,-0.00407828627577609,-0.00400035005497037,-0.00382199030225245,-0.00366128456155507,-0.00348207970954142,-0.00299505076234077,-0.0025642028774599,-0.00221728789644643,-0.00185299974514316,-0.00146547884953553,-0.00102482050603143,-0.000523182966080358,4.21815137852481e-05,0.000758263363187293,0.00131777987114418,0.00154748191322936,0.00172578473878905,0.00171248715712158,0.00169205627109559,0.00157100071537213,0.00144892193166945,0.00128026331908514,0.00103330419571587,0.000668497565099053,9.12719239277323e-05,-0.000483966074620639,-0.00094055321153124,-0.00133531768699601,-0.00164656598763974,-0.00192721168768332,-0.00198135089110814,-0.00190534592575107,-0.00169353573886104,-0.00141774895437552,-0.00116358325730755,-0.000836202564979046,-0.000453727714328475,-4.66548923121765e-07,0.000394482764301418,0.000734053318292666,0.00101668185847752,0.00122896850045302,0.00142219878712264,0.00156835209725232,0.00167236180645101,0.00171369170762703,0.00174044770903186,0.00166320302348922,0.00142877811441163,0.00142877811441163
-0.00236076023621922,-0.00253114620481158,-0.0026571674133614,-0.00274359404050768,-0.00279838235924215,-0.00284550366578945,-0.00293151812446594,-0.00304156030900184,-0.00317879890409621,-0.00339065682837679,-0.00355907556070314,-0.00373658595799659,-0.00376631486901297,-0.00374454056671509,-0.00358781799081758,-0.00333374321495963,-0.00315146537782765,-0.00295439016620997,-0.0027464181266015,-0.00258191972512607,-0.00243633164669158,-0.00233440698158148,-0.00223052947936801,-0.00211624714317552,-0.0019930785801887,-0.00183028598329574,-0.00164301104986755,-0.00149989621989646,-0.0014605144463719,-0.00148531931322168,-0.00150233049566221,-0.00154627454855788,-0.00158542036573954,-0.00163719475556974,-0.0016818085853958,-0.00171576973218611,-0.00168059614590943,-0.00154359554499272,-0.00133580495870728,-0.00110598164850914,-0.000723052970998532,5.77930302991397e-05,0.000636205669383151,0.000988135541270782,0.00121298670395146,0.00131387350989001,0.00127362375891707,0.00119483277805865,0.00110693419516844,0.00104711801040002,0.00112469322816184,0.000845643995105015,0.000207525299558069,-0.000670493127588657,-0.00174572196904073,-0.00269870285123136,-0.00334611385481603,-0.00368204571144839,-0.00395434810953797,-0.00417054568238133,-0.00418708751313803,-0.00396387951290381,-0.00360051122601043,-0.00328739418285947,-0.00311549468900598,-0.00289349526468159,-0.00256168320243708,-0.00203585978954243,-0.00151448127740775,-0.000991915448914456,-0.000458927198037994,0.000126146770714501,0.000824322967707736,0.00149170642517207,0.00185659525307394,0.00209189897795008,0.00226980058372191,0.00226904899387624,0.00227467904006418,0.00214870939378842,0.00197855377032474,0.0017381341638129,0.00137505618188362,0.000724307430770755,2.01049887080195e-05,-0.000505239404854789,-0.000959624297779698,-0.00131105774128951,-0.00162396256593486,-0.00186447995925144,-0.00213358318758986,-0.00200175802503469,-0.00185464572651732,-0.00167762378279413,-0.00152006375675078,-0.00132335940081063,-0.0010335549978628,-0.000602046071177231,-0.000110066268266129,0.000226343364463547,0.000491320470856058,0.000713185942246633,0.000891751013595645,0.00103514212012179,0.00114140461932705,0.00123071188515236,0.0012671343225271,0.00129766233908206,0.00122233868074367,0.00122233868074367
-0.00168196535287604,-0.00207000979167494,-0.00243142094385906,-0.00276851139951169,-0.00309957987153,-0.00340458008693644,-0.00365926099184807,-0.00383380698403583,-0.0039910818791225,-0.00400563756360635,-0.00402327952726738,-0.00405402726339835,-0.00399986021999743,-0.00386217747248388,-0.00360751248447374,-0.00345907098912881,-0.00338461015696025,-0.00323721314347273,-0.00301903768416082,-0.00282373091021733,-0.00266294899801632,-0.00249607058791344,-0.0023506357972731,-0.00223994060952633,-0.00212966314684341,-0.00201400099653922,-0.00185640717736919,-0.00172256598311022,-0.00163860663573706,-0.00157653114671533,-0.00154458055413875,-0.00155206867776869,-0.00158757442787293,-0.00162175001274892,-0.00161356507360437,-0.00154938271629104,-0.0014510717494145,-0.00133003521298136,-0.00115211507417307,-0.000918868585914313,-0.000582051342006635,-0.000219677630201762,0.000176011433178701,0.000510122742231549,0.000746985049533383,0.000966897865365151,0.00104274613744363,0.00108843548071736,0.0010864952117028,0.00116802553409211,0.00133189927389481,0.00112072605005655,0.000486642586884814,-0.00029783866812827,-0.00125407080066586,-0.00217767411315911,-0.00304941833064096,-0.00357453175164373,-0.00376770891553984,-0.00398223225887921,-0.00406375554873434,-0.00369344290530627,-0.00298188986622408,-0.00249266352558143,-0.00226547281539623,-0.00209199177770075,-0.00186387809064876,-0.00147202014160138,-0.000866497545709543,-0.000286572732622562,0.000252813313561471,0.000788437480130214,0.00128895312740542,0.00141098739654911,0.00157176456980999,0.00180745384356394,0.00199140207619447,0.0021841176154387,0.0023822436733219,0.00239899240237103,0.00230415197892101,0.00208477621417281,0.00167513960753754,0.00114701487592589,0.000606914701585757,3.95173094463151e-06,-0.000437185145272503,-0.000845789474377767,-0.00116545509408341,-0.00153546716629267,-0.00166259700079118,-0.00163989037520594,-0.00134245209347918,-0.00124881980159075,-0.00118421402632008,-0.00102650473478414,-0.000844083977098434,-0.000568487258726102,-0.000276106136096005,4.16155766009988e-05,0.00037687697904287,0.00063786397879969,0.000817392828188998,0.000948688769109327,0.00100893971039817,0.00104472543747651,0.00105454602498987,0.00103363816265417,0.000971727757638706,0.000971727757638706
-0.000685923671252121,-0.00125127427876164,-0.00182994030085912,-0.00240828441829631,-0.00299894160357254,-0.00352536336161085,-0.00396382208098981,-0.00429472879306143,-0.00454768052106156,-0.00468720729857811,-0.00471535793200313,-0.0046495013410249,-0.00453015884455247,-0.00430673597669906,-0.00407145233399009,-0.00398246197692638,-0.00383833572817469,-0.00372447693987173,-0.00345562783174152,-0.00320516470233053,-0.00300161120992362,-0.00284635006268566,-0.00270881481774407,-0.0025947356500492,-0.00249660497901985,-0.00241120373323795,-0.00234365116755593,-0.00230988636732483,-0.0023152667110905,-0.00230969453676758,-0.00226938132664324,-0.00220833125643519,-0.00211192559726766,-0.00194928102358666,-0.00182871773775493,-0.00180322999747341,-0.0017507706916761,-0.00173046586049524,-0.00160742190632497,-0.00139933352382925,-0.00121846311809947,-0.000950290910338314,-0.000619917723231817,-0.000337183622597099,-9.07454328256405e-05,0.000122287549397754,0.000365204820469124,0.000711667488986693,0.000913974590521076,0.00117530414792278,0.00136642537122505,0.000964076852214157,0.000465203851114445,-8.14116759994079e-05,-0.0006542108388785,-0.00133485973160599,-0.00220702443825951,-0.00308881038986908,-0.00361973542415701,-0.00375109539824531,-0.00340423780718759,-0.0028052629237829,-0.00207520563159068,-0.00156341809511727,-0.00133051098412057,-0.00115277557788355,-0.00098171676405379,-0.000749816781417618,-0.000427847776277832,-1.68209109624451e-05,0.000234571553276099,0.000389099713568548,0.000551684710228078,0.00072397235638073,0.000912119363001053,0.00112254812968546,0.00136039639335916,0.00163399607516534,0.00198020510617175,0.0021613893800053,0.00206344516893362,0.00192741352059936,0.00174600525297882,0.00148374013336899,0.00122089797422253,0.000906707962650116,0.000612147172964612,0.000337186200432241,0.000209761612451521,-0.000169144089721081,-0.000196106580623352,-0.000238903177174199,-6.33885451418121e-05,-1.82017901867344e-05,1.97346238898647e-05,7.33612603084181e-05,0.00014477310437226,0.000222557256674106,0.000360473448759099,0.00052415560606364,0.000673040668301306,0.000767096929569783,0.000804801909169452,0.00084776507179425,0.000880673123289877,0.000892133046260353,0.000889571141448806,0.000838920786479925,0.000704667310966512,0.000704667310966512
-0.000273683803035239,-0.000728681224012581,-0.00126400704193855,-0.00188469753218352,-0.00255667339771179,-0.00325217461108068,-0.0038350229188437,-0.00429348293152674,-0.00462464631150494,-0.00490323730005026,-0.00503535622805644,-0.0049959118562772,-0.00481684819506819,-0.00452828147805562,-0.00440389877668374,-0.0043239003465772,-0.00424594263997949,-0.00407860168710067,-0.00380771346841765,-0.00353063909538725,-0.00333662410593126,-0.00320798149403654,-0.00313825079889262,-0.00304845167438971,-0.00298125549525658,-0.00292799550356868,-0.00290960243229586,-0.00293479082349412,-0.00297739052539472,-0.00303179415387404,-0.00309010259069253,-0.0031465117732763,-0.0031640568934841,-0.00320227340305744,-0.00319585847266096,-0.0032009248618088,-0.00323663876984799,-0.00320439028572878,-0.00292748917141055,-0.0025869246300811,-0.00223537675321987,-0.00193065113286813,-0.00157098395214031,-0.00114052062918159,-0.000765071559778678,-0.000454692353745389,-0.000160022568956195,0.000280422668003291,0.000928416871093653,0.00143493496738363,0.00132946976280726,0.000956637835821514,0.000612490346635691,0.000155893293935074,-0.000385940208642821,-0.000919719664190439,-0.00150085483002775,-0.00214261976125051,-0.00245271287888798,-0.00226454963722706,-0.00199665487791169,-0.00166780579541306,-0.00125201903472508,-0.000912158241182573,-0.000764714697383182,-0.000785635348130721,-0.000775695893318214,-0.000794400508426652,-0.000785623047408779,-0.000781626113676446,-0.000657483263963287,-0.000539269946863667,-0.000193217772357813,0.000109903241738006,0.000354655960523541,0.000587851648991459,0.000829161493779026,0.00103999599787262,0.00130167902065339,0.00161340440240735,0.00180809729241747,0.00185028012358887,0.00180294850515213,0.00170972033235169,0.00158447351485469,0.00137734647645315,0.00120714752573603,0.00112358851740226,0.0010704881975706,0.0010162018447985,0.000933167601981175,0.000854012775382277,0.000871705298927723,0.000808386241517718,0.000761059859152225,0.000660769183277217,0.000683773033103538,0.000697103923392143,0.000794120120463265,0.000919731183339188,0.000956999509916725,0.000938386363558093,0.000902219667101325,0.000838422195703559,0.000798172873534491,0.000798373878882406,0.000733738139838,0.000594524127268257,0.000374073735920237,0.000374073735920237
-2.32025694671453e-05,-0.000450266416140823,-0.000898298735159961,-0.0015636110977106,-0.00219797933254981,-0.00284175743310006,-0.00359648615939256,-0.0041388585361392,-0.00452344220359557,-0.0049986643572181,-0.00527232118850676,-0.0055770859848957,-0.00548792604389367,-0.00503251375958994,-0.00473971534915594,-0.00453492902950604,-0.00437204294252796,-0.0041483848232817,-0.0038673804048836,-0.00363658508909168,-0.00343519879198788,-0.00340211452272231,-0.00336772057419601,-0.00332795188287457,-0.00330003924417672,-0.00328890179832283,-0.00331237960418922,-0.00336415388846605,-0.00343310889316042,-0.00352915105380872,-0.00364720329158968,-0.00378769564476166,-0.00395148572580574,-0.00412175742494948,-0.00434024427149971,-0.00461534466519325,-0.00470443928158297,-0.00470852481922423,-0.00452313945694228,-0.00398285925485209,-0.00351710419711449,-0.00292851605218859,-0.00233653569057784,-0.00184266114825969,-0.00137680585302175,-0.0009618371045258,-0.000539167623793481,4.37750225169911e-05,0.00102952437228668,0.00132936489277688,0.00135110755042137,0.00117305824604555,0.000907872984993189,0.000567607726082977,0.000177053943305815,-0.000193620499779212,-0.000506300228951161,-0.000839051119512571,-0.000993933603538074,-0.000994247615084254,-0.000978834767325442,-0.000936916972367423,-0.000801087455626649,-0.000780134910750607,-0.000933190045271747,-0.00109476330068175,-0.00115706036527167,-0.00121686739347357,-0.00126015560909448,-0.00132379874127716,-0.00133707280174442,-0.00125255821286143,-0.00100504306151588,-0.000662838034977152,-0.000352154994180963,-8.08882434156819e-05,0.000175656988190211,0.000412249331508196,0.000701889028324247,0.00104520219432989,0.00142486795372359,0.00175696348729201,0.00185532028896702,0.00186787753534743,0.00173499179555556,0.00159689290481746,0.00143149775855724,0.0012997935105743,0.00120622178919543,0.00118335621884651,0.00115786710024328,0.00102753545154361,0.00088775186343896,0.000826716667911207,0.00083756722046484,0.000958935504331314,0.00112053004026962,0.00130691336774529,0.00156896553409757,0.00156109007260628,0.00151275324198635,0.00148483142870932,0.00143302629992548,0.00131002004212319,0.00115453279666163,0.00109060858839003,0.000932055940468017,0.000719035947560051,0.000468601048822292,0.000468601048822292
0.00120152421745603,0.000833209811557573,0.000324780795382333,-0.000245791811124307,-0.000788872063938951,-0.00176057096879796,-0.00292274472713087,-0.00371762233129593,-0.00435889946421846,-0.00492379257757992,-0.00534481614393697,-0.0056153619527535,-0.00568519430167075,-0.00556317656095574,-0.00509683026513172,-0.00480850353857818,-0.0045335718908971,-0.00422013896700986,-0.00385535951937592,-0.00355095472959381,-0.00334927557860158,-0.00323209992510249,-0.00324545902840202,-0.00324494407746391,-0.0032988449378902,-0.00332060944282382,-0.00341775215948338,-0.00350335265069571,-0.00360851344196962,-0.00374111338799044,-0.00389119926122857,-0.00406247527946594,-0.00433883401667722,-0.00456944705888027,-0.00479433009560601,-0.00502325172533865,-0.00523126218833191,-0.00521950018320147,-0.00508857440746733,-0.00492711852271405,-0.00450729031986505,-0.00388485224961938,-0.00337319110734192,-0.00275295827115028,-0.00207349397676344,-0.00151202725336365,-0.000848722375853751,-0.000194910135494534,0.000614103306920249,0.00120634447738366,0.00132449021076662,0.00127612088221704,0.00116987053845399,0.00105849084161314,0.000854311198149891,0.000688709336984362,0.000434273094399577,8.98704820166425e-05,-0.000140545295941845,-0.000153244154639543,-0.000129513816121992,-0.000113854731039267,-0.000159568444674479,-0.000392422331059765,-0.000695199052122978,-0.000925802638791419,-0.00114016659069554,-0.00136577665195195,-0.00159303057718912,-0.00177505477718861,-0.00193085189971252,-0.00191530365857891,-0.00177079867109437,-0.0016920626777879,-0.00155206837559497,-0.00132953655380121,-0.00101436830589314,-0.000584862433736871,-0.000101546066250766,0.000411449924770089,0.000914602676253335,0.00141058546410983,0.00160464288924401,0.00165327490059935,0.00158156825588969,0.00141556581661809,0.00116697615584858,0.000993549601247375,0.000870059451234202,0.000797844111464923,0.000744953257603594,0.000523761007039294,0.000391335739091425,0.000545974355513247,0.000832568672776222,0.0011666883141841,0.0014204697299793,0.00180505139310799,0.00257941793353439,0.00291390257715214,0.00280470561194742,0.00277575047743423,0.00263839048476531,0.00252609717815187,0.00230935911076639,0.00200200057881779,0.00167361198612116,0.00135853305490445,0.00106871093188803,0.00106871093188803
0.00324526560367779,0.00255674146457797,0.00191079101138836,0.00115952973467841,0.000297638327576046,-0.000377864912978476,-0.00151241436156729,-0.00266361971852422,-0.00382070138171173,-0.00481670271339753,-0.00545683601095163,-0.0058757229308844,-0.00604168743057089,-0.00571929428717058,-0.00514725627962464,-0.0047309963633623,-0.00444502550418136,-0.00417962398777198,-0.00391102314066279,-0.00362295172936846,-0.00337328551841294,-0.00315889368337781,-0.00297596536098649,-0.00288291611379939,-0.00294848002728897,-0.00310053486794162,-0.00318877336278462,-0.0033586439713536,-0.00347686572198454,-0.00360974164640509,-0.00377204842449616,-0.00397925477917946,-0.0042189795185627,-0.00447391348096543,-0.00471798460458392,-0.00491297229305837,-0.00515507383119258,-0.00529831426826656,-0.00526484535866426,-0.00510751534651948,-0.00489558369770868,-0.004463421377131,-0.00382946298328496,-0.00305087319345205,-0.00232180689327654,-0.00171316163385532,-0.00113577331919687,-0.000599527119872505,-0.000103612298257976,0.000504994482899905,0.000969917004523596,0.00126456643779794,0.00138610461364187,0.00143316426387688,0.00139071880026656,0.00120265239014408,0.000916901844822293,0.000586804448941988,0.000395709454777651,0.000402714282361039,0.00044092345678212,0.000459434683393365,0.000288230768839473,-2.60437590778487e-05,-0.000457691097807945,-0.000944107195899595,-0.00139574520969115,-0.00180738385485879,-0.00217214053395552,-0.00246629636136624,-0.00269865329197062,-0.00285284401019648,-0.00285354338374095,-0.00276707133527946,-0.0026232690819721,-0.00239276631643319,-0.00205864796005022,-0.00160261115913865,-0.00103145758745813,-0.000351113888090999,0.000332325628208773,0.0007601034106102,0.00103368152816019,0.00111321046708794,0.0010087490088927,0.00085256921889618,0.000593372618088419,0.00026606429487892,-2.69944932378922e-05,-0.000361235198368798,-0.000904689006272776,-0.00125095485065177,-0.00123372744636156,-0.00101925817937944,-0.000689098359955448,-0.000218572594562698,0.000561640789794291,0.0016883423735426,0.00288892080235419,0.00344204904858003,0.00382147616821161,0.00385681835732327,0.00376134431346894,0.00330632023320098,0.00292459304662875,0.00254233962208173,0.00215920010911459,0.00175211910652119,0.00135905177130517,0.00135905177130517
0.000408955749097953,0.000857165283228704,0.000596133128996812,-0.000238493405381762,-0.00122553175158131,-0.00211420828776006,-0.00304023003796133,-0.00384303683576355,-0.00463072778446603,-0.00532596982141897,-0.00579903419584535,-0.00598469242404283,-0.00577289231565401,-0.00526169637860986,-0.00474296776715244,-0.00436914888588575,-0.00412042251701926,-0.00388779358229185,-0.00365762788649334,-0.00342435306742515,-0.00320886548055509,-0.00304784883995575,-0.0029789714713905,-0.00290527762119162,-0.0028355219293388,-0.00278731196264565,-0.00278388132341807,-0.00293534390458248,-0.00308968066685755,-0.00323759036811302,-0.00337668832121369,-0.00355520757813619,-0.00374841535117753,-0.00396059249248856,-0.00418430776611417,-0.0044411018979958,-0.00461235985314112,-0.0047667524120357,-0.00476997732939338,-0.00465868191734317,-0.00448686333244621,-0.00416658842565217,-0.00378735253508844,-0.00320665211694786,-0.00264253416490678,-0.00199028240165276,-0.00126652725009054,-0.000685433132026594,-0.000351892353990014,-5.85047635417515e-05,0.000417796171269503,0.00085012022557106,0.00103777501532568,0.00108682309143609,0.00102338309650068,0.000894219980928678,0.000775657750701734,0.000745200560580517,0.000719335292825675,0.000644619898238444,0.000526449811537514,0.000343249268631217,2.48007484947507e-05,-0.000472662356140471,-0.00108815605078127,-0.00157018147524993,-0.00195434099739612,-0.00231476975109409,-0.00263291693909893,-0.00294875236596408,-0.00313126057025433,-0.00321777092716537,-0.0032855506396168,-0.00318128769631459,-0.0029710232562396,-0.00272872921400028,-0.00243671258087167,-0.00203306102844789,-0.00152358257248702,-0.00101104471901535,-0.00055388164684878,-0.000131186653444612,0.0002864676610641,0.000550719028809014,0.000524490521033576,0.000269979612751867,-0.000108471526644135,-0.000621596008428818,-0.0011936352511222,-0.00195934187229026,-0.00261415169183511,-0.00302802641170317,-0.00328540392896492,-0.00331968065395693,-0.00279431397064386,-0.0023950453420547,-0.00143781716081522,9.17784619417564e-05,0.00133986411448124,0.0020266514394383,0.00251334038441421,0.00287520153935951,0.00297053940922464,0.00321489455749823,0.00298299134732916,0.00224063751823724,0.00129927053169659,0.000561256481327557,1.66090098969243e-05,1.66090098969243e-05
-7.07436441098885e-05,-0.000492308154511678,-0.00118409899399272,-0.0020063860642236,-0.00278771158011931,-0.00339777719334797,-0.00390245875037229,-0.00432133149114261,-0.00465021734602038,-0.00490883920090691,-0.00506533278517758,-0.00505856787761224,-0.00491812450777229,-0.00459718154985205,-0.00418614349030419,-0.00393557376830436,-0.00373617753753025,-0.00350578682114382,-0.00324016884014827,-0.00301622032504699,-0.00283091028340665,-0.00272892593723926,-0.00269466091106782,-0.0026447598160466,-0.00259575905316583,-0.00255532191759613,-0.00251345467681709,-0.00248365664189525,-0.00248819198143922,-0.00253188255341191,-0.0026366352254472,-0.00275157665471927,-0.00286540656458794,-0.00301215832964265,-0.00319909867008421,-0.0034148299922201,-0.00360103741682292,-0.00376308873942218,-0.00380655295467622,-0.00371175677035153,-0.00349185543699532,-0.00319128335136411,-0.00285746824746558,-0.00248877414075675,-0.00211247209141991,-0.00167165438997016,-0.00135124723506817,-0.00107280586595041,-0.00083584734108581,-0.000577003296744382,-0.000329704734570389,-9.13070072708685e-05,0.00017888227046841,0.000166015596853694,-9.63722422621146e-05,-0.000268078194195947,-0.000221289495178737,-9.33357944006806e-05,-2.82315703142972e-05,-0.000196606530073527,-0.000621854059569175,-0.000915231731637081,-0.00127907118735978,-0.00162680295447006,-0.00195194243843356,-0.00225601231315096,-0.00246330537409151,-0.00261599061584788,-0.00275613930321039,-0.00287802652638399,-0.00294563472361915,-0.00296100176068716,-0.00281735204099759,-0.00270522127771069,-0.00251174732447653,-0.00223312108000694,-0.00187930387008057,-0.00150651882309423,-0.00114333856691256,-0.00081315108138341,-0.000520046480246561,-0.000382172923327822,-0.000162091172908559,2.2568293103882e-05,-0.000110094199577325,-0.000498030511747155,-0.00107327166699548,-0.00173514740664148,-0.00259952370075858,-0.00313606743243541,-0.00369199315513783,-0.00393859786870553,-0.00412997161670679,-0.00398544168832113,-0.00334980257352411,-0.00260709655253291,-0.00160769103675384,-0.000704635175146309,9.51207907231438e-06,0.000651036593447361,0.00118555345778949,0.00144170459018048,0.00146196682846482,0.00130714721620025,0.000978939104498429,0.000509294138705943,-0.000125588465633504,-0.00081523887101826,-0.0013107260053681,-0.0013107260053681
-0.000819246875755658,-0.00138667783264075,-0.00202809690509208,-0.00260696665945125,-0.00310222582204014,-0.00353185054381323,-0.00387861302272929,-0.00399451441688053,-0.00424935902980601,-0.00429518949627393,-0.0043898262401354,-0.00425487344850642,-0.00416205715004055,-0.00390129681680825,-0.00362326967015711,-0.00344965096418739,-0.00329820061762112,-0.00305103150601237,-0.00275036913640533,-0.00253437458645376,-0.00234904409519479,-0.00226059308251324,-0.00220156839069048,-0.00214846379209959,-0.00209901299205186,-0.00205012553954867,-0.00199451258981425,-0.00192638578318584,-0.00186514160807977,-0.00179881891923135,-0.00174598627023478,-0.00170208687050497,-0.00168127216225007,-0.00169001638384288,-0.00173576569035848,-0.00178582149222211,-0.00184945208538436,-0.00203182568342228,-0.00198557167172965,-0.00190644258861666,-0.00183609775076982,-0.00174989000510295,-0.00165121588077035,-0.00153216784981001,-0.00143939251770533,-0.00125796062950709,-0.00107874841226249,-0.000917074331957677,-0.000750536263153984,-0.000640773003977843,-0.000603349609632977,-0.000632506631172459,-0.000824366987798341,-0.00135386829570104,-0.00171617671376807,-0.00165462516288051,-0.00151766405054768,-0.00141116609859055,-0.00140118107182076,-0.00122242489555966,-0.0012389058677696,-0.00181017788463907,-0.00189121470403566,-0.00191141427508128,-0.00204366508650803,-0.00217756032492759,-0.00227481070484294,-0.00231667058004576,-0.00236100099112409,-0.00234736313599191,-0.00221576405556989,-0.00195419462059054,-0.00176804805631586,-0.00155575676133021,-0.00132713060735857,-0.000989500532533049,-0.000759021119171287,-0.000496815344268342,-0.000246787005463839,3.43332664924905e-06,0.000185132703585268,0.000278300405281379,0.00029464886865336,0.00025101258738458,4.66980642219623e-05,-0.000370697121221893,-0.000897152600506192,-0.0014049321136216,-0.00189837288536907,-0.00291016319320284,-0.003452272977753,-0.00364045900725547,-0.00342417386168811,-0.00317856957883366,-0.00284932026850844,-0.00236671534124987,-0.00156435530106514,-0.000999496322137687,-0.00049230406106622,2.9607209005092e-05,-4.2238332341113e-05,0.000141271778736241,0.00018308441932164,7.93569230572652e-05,-0.000165842259366469,-0.000527786847546679,-0.00100028720245679,-0.00153829697983885,-0.00190592971126186,-0.00190592971126186
-0.00152560880966116,-0.00194685514698023,-0.00231641051395047,-0.0026112784233608,-0.00285200412872304,-0.00297599013363994,-0.00313448920362978,-0.00310793657262698,-0.00315408427274169,-0.00322358786602725,-0.00321921385632385,-0.00320639901422543,-0.0031844947465326,-0.00299184657190302,-0.00279483441799457,-0.00273528364807273,-0.00265301411527161,-0.00257994595000068,-0.00237746063097845,-0.00222194794279347,-0.00210726311902984,-0.00199546887663585,-0.00189014630692325,-0.00178246215156422,-0.00171807720598243,-0.00164406544306471,-0.00155073924983957,-0.00143867585527657,-0.00131085460866947,-0.00119346580435946,-0.00110149501315191,-0.00100633341911918,-0.000919788549430412,-0.000825079429065638,-0.000742537883063152,-0.000676956761333405,-0.000626417575353684,-0.000586054876157574,-0.000558366760197945,-0.000542513373961764,-0.000548242545822737,-0.000577035301533351,-0.000593216244002919,-0.000596252120838279,-0.000579851876057486,-0.000569429039027507,-0.000557195432250848,-0.0005662333401303,-0.000576278937501501,-0.000619096664930562,-0.000768242006483746,-0.000996434998107535,-0.0013066403823965,-0.00152400561421301,-0.00179627326437182,-0.00179008447916987,-0.00168007387282543,-0.00158298808208926,-0.00170159541727165,-0.00169797362039784,-0.00166095074426762,-0.00173179107020726,-0.00180121136456883,-0.00163771203670978,-0.00151238222294812,-0.00152180350708248,-0.00157242891487791,-0.00158082058726225,-0.00150880183266693,-0.00137813626954549,-0.00120110563052522,-0.000999376698456161,-0.000759167366573223,-0.000508679002060952,-0.000314425099919306,-0.000147633683978693,2.91826865815442e-05,0.000235329066482635,0.000474833433255155,0.000692976323123234,0.00085556735729584,0.000911658185482996,0.000818821897023694,0.000633216768383506,0.000404953421402818,0.000171325916046672,-4.1187800348317e-05,-0.000297452378245765,-0.000586784009918025,-0.00108678136768869,-0.00177243990363364,-0.00226358051740111,-0.00239365139173179,-0.00225200675641581,-0.00204754690911968,-0.00173231827492325,-0.00109703256690066,-0.00078724368116892,-0.000640868924350418,-0.000673967442546261,-0.000741967265598692,-0.000867069167897298,-0.00108436564953948,-0.00138891571308172,-0.00152984947887935,-0.00205262147921313,-0.00251037302871426,-0.00245646088134355,-0.00233870901994424,-0.00233870901994424
-0.00124090153263692,-0.00153405686564939,-0.00177326771430342,-0.00189335662613796,-0.00195298691448616,-0.00211033763817889,-0.00222052375963239,-0.00225467451343639,-0.00225692230190062,-0.00222570776468659,-0.0021398783696341,-0.00198576384626985,-0.00174367047472534,-0.00148652564223684,-0.00160109666523966,-0.00184649884545616,-0.00197774504338174,-0.00208202924827872,-0.00215664836964625,-0.00215293201581157,-0.00201753660230159,-0.00190579381017787,-0.00179422603470289,-0.0016289287041432,-0.00144143020912584,-0.00127762046243675,-0.00113484665957778,-0.00100850118702553,-0.000892981999611268,-0.000767428563396622,-0.000633366221409269,-0.000489529225399115,-0.000351775386197295,-0.000221532000524034,-0.000110417587372387,-2.73633686239012e-05,2.58993245830551e-05,4.65862368917956e-05,4.12801638785707e-05,4.67661830273461e-05,4.4920628440236e-05,7.99690484511988e-05,8.44257738438683e-05,0.000115417018018872,4.56690907035583e-05,-1.93471333047928e-05,-0.000108154909239081,-0.000242163714197231,-0.000412095256221091,-0.000624856917036455,-0.000846314996679805,-0.00100309397984964,-0.0011258242965837,-0.00127134944231177,-0.00127226700970184,-0.0011856177748578,-0.00113828171567922,-0.00115608364056049,-0.00118519626491412,-0.00116253642804212,-0.00114072441450119,-0.00113791277873934,-0.00112505007504641,-0.00095459794081304,-0.000821255203126592,-0.00069167834204887,-0.000631961699015287,-0.000555809058346218,-0.000405068302841295,-0.000245122274519677,-7.53488612715721e-05,0.00010321544301127,0.00027304713075299,0.000402215467060492,0.000522548144618086,0.000577671093731795,0.000665141412619412,0.000776840076552918,0.000907277120701121,0.00101028214822389,0.00107811754861019,0.0010450697490738,0.000952509806791051,0.000835652669810047,0.000729750460967736,0.000647075820248795,0.000539160700739311,0.000445073546997177,0.000294900952228162,8.45476952850716e-05,-0.000128320597786892,-0.000375942131099108,-0.000635816184214676,-0.000734691653551875,-0.000652109675343557,-0.000621987693032844,-0.000464660993736224,-0.00026145766846225,-0.000310776651359812,-0.000435949855510639,-0.000613110831416866,-0.000798263085312344,-0.00118569063909505,-0.00176368524581091,-0.00209365394543998,-0.00229548637940399,-0.0023290403748905,-0.00219805879219548,-0.0019022348676293,-0.0019022348676293
-0.00120240795225993,-0.00139104067791315,-0.00150091353363341,-0.00157356352274177,-0.00161349970312741,-0.00162020578161615,-0.00159984711800998,-0.00155221161449727,-0.00148212388951055,-0.0013347767572351,-0.00100507484433373,-0.000674821629102696,-0.000412411248261187,-0.000280381209869229,-0.000321179111620093,-0.000997316897738881,-0.00149509783007357,-0.00180103130589712,-0.0021001222540589,-0.00229426325557211,-0.00248860360680038,-0.00230904586108886,-0.00213744879662554,-0.00192108297764408,-0.00162298187383205,-0.00130831214449503,-0.00102398032759255,-0.000785641448934546,-0.000563710806829765,-0.000366928542529682,-0.000169486711584446,3.19419305278984e-05,0.000188484273291425,0.000290954569894404,0.000353966617672577,0.00040428006820795,0.000433874228679007,0.000445705900122124,0.000445391033924325,0.000445142148387735,0.000421455004231677,0.000403028988254896,0.000385042894815734,0.00038934667959906,0.00037882394008058,0.00038157127430305,0.000321044060353083,0.000188327006678743,1.77362592935978e-05,-0.000173059127609249,-0.000323524166068068,-0.000518771205942868,-0.000657703335633197,-0.00079046988296809,-0.000885742974493127,-0.000872348707509818,-0.000804780661459756,-0.000722603400470766,-0.000696349991489874,-0.000670178890018813,-0.000636916589427442,-0.000596725464636294,-0.000463679532436725,-0.00016006182129914,0.000119460564116186,0.000359653373420426,0.000593142873178427,0.00084769485679919,0.00111811363460304,0.00136135616135379,0.00156519955576125,0.0016159540034145,0.00155140018203666,0.00153061421898702,0.0014605532230882,0.00128531615435949,0.00112110963707451,0.00102802483204392,0.00101252127460435,0.00100581829249672,0.00101262101309854,0.00100623601750444,0.00101962816407854,0.00104518385508394,0.00103264569613569,0.001027673670698,0.00102555498149342,0.000980937441868928,0.000888586049592494,0.000814317251744679,0.000724287633193009,0.000589226775548651,0.000422682560285638,0.000289740070312627,0.000240540163116601,0.000293161914513271,0.000476217314305305,0.000496982021982381,0.000286206356935541,-3.61347778962684e-06,-0.000513817846046049,-0.00133394702600215,-0.00175643468808644,-0.00174975635706402,-0.00171823568115933,-0.00168535911051136,-0.00157542655398698,-0.00135455829463596,-0.00118827490933512,-0.00118827490933512
-0.00183931128426362,-0.00185815720268406,-0.00182453550971426,-0.0017284190011318,-0.00159707176216456,-0.00146260881222829,-0.00130032111493665,-0.00105384768944275,-0.000721786908669024,-0.000299602897358368,5.24004942675342e-05,0.000329139990052803,0.000368111157580724,0.000143394642708204,-0.0002911980158187,-0.000958599452794778,-0.00168019684966714,-0.0021856547541064,-0.00268332926623262,-0.0030624092080775,-0.0032187589036653,-0.00306348353716286,-0.00256758169846831,-0.00219327831500196,-0.00181616997938068,-0.00141123876643675,-0.00103309887830067,-0.000743347614373152,-0.000489806890048473,-0.000175339994798285,0.000147769816606188,0.000397281445048586,0.000572111690853253,0.000593984560549703,0.000475382407004985,0.000469023687661893,0.000463866734312835,0.000500161643239025,0.000548384088350457,0.000587621793440864,0.000600557734941079,0.000590875580821135,0.000544872588367162,0.000446713546475373,0.00035420818741003,0.000280512373689489,0.00026937046790243,0.000235641878491132,0.000297074861048643,0.000155956455399724,1.08116685569384e-05,-0.000102861410500199,-0.000189814117647649,-0.000262235276776965,-0.000325834242875942,-0.000398499901041828,-0.000320323334898268,-0.000176897266877377,-3.81913880959997e-05,8.8275430087591e-05,0.000318391513342821,0.000508518765899125,0.000689058033013272,0.000916859722439031,0.00122755687345362,0.00152780793088235,0.0018321515077187,0.00214009262726203,0.00243382760693483,0.00268550802706665,0.00285523051013743,0.00289628893339264,0.00259605159722871,0.0022379176415052,0.00188458466046525,0.00155067612654224,0.00115118853250519,0.000853802958523706,0.000725948559925998,0.000630198093339904,0.000531806521640824,0.000496373123106878,0.000522471967615876,0.000616146404083836,0.000707709033991253,0.000806493855007851,0.000912984593687639,0.00105622148139803,0.00122949203633261,0.00150478541149105,0.0017319953035321,0.00175689419208928,0.00159600359384398,0.00140885494563579,0.00127991281893725,0.0011887247242358,0.0011912930057998,0.00105139951451396,0.000763338801579121,0.000382319244464194,-7.40680124875562e-05,-0.000479160620196775,-0.000660770534951366,-0.000941086916300987,-0.00133249468969299,-0.00168381935146708,-0.00177656591741274,-0.00151504133919575,-0.00106478148676656,-0.00106478148676656
-0.00273533958203938,-0.00259264736080705,-0.00244704714468535,-0.00217820697941135,-0.00177900559094613,-0.00135373234124141,-0.000946862422884651,-0.000612910825705318,-0.000317799920600131,-0.000156341306173834,-6.20392766635548e-05,5.97116765748383e-05,5.25676933297008e-05,-0.000198995994985005,-0.000633629269885506,-0.00113930743383127,-0.00158556334251391,-0.00243058984850306,-0.00286061215211835,-0.0027553419967719,-0.00266941362510106,-0.0025800647725096,-0.00239509826797484,-0.00211807649852526,-0.00196095507823307,-0.0017060820405006,-0.00128971915626768,-0.000838184031919174,-0.000412718781941299,-0.000120700269149988,3.03690219587635e-05,0.000168003350122835,0.000379749280069607,0.000404869071127549,0.000507157527682129,0.000463079052699207,0.000386083908369663,0.000431993382032768,0.000522775581180445,0.000566246618248834,0.000544817861291797,0.00039763333052339,0.000280931437346142,0.000126558515661297,-2.00374057927229e-05,-0.000168264666439247,-0.000334851546269186,-0.000522253261645302,-0.000575983431594469,-0.000463956262318183,-0.00021344500287844,-0.000162078160447426,-0.000132417396657807,-8.67121659063851e-05,-3.15193072638331e-05,2.73054114907651e-05,0.000126194015957256,0.000293764063347781,0.000549519982798678,0.000850132612516746,0.00114176947386407,0.00141800997984449,0.00165165610247902,0.0018205239383681,0.00198663305717069,0.00217319780274203,0.00245865334377097,0.00283514242452017,0.00314885854323026,0.00329083346774421,0.00317294465628284,0.00305508625457249,0.00287525343355321,0.00227347107629274,0.00140362484085385,0.000734426883579564,0.000216253093576767,-0.000197345129461107,-0.000440357673499554,-0.000506532388101935,-0.000432831779132255,-0.000492680637534274,-0.000583933296854675,-0.000551751585705279,-0.000451406366602444,-0.000253861878355535,8.83521071466456e-05,0.000471953023947067,0.000952898260299028,0.00133983922311152,0.00143106439234522,0.00117725220262931,0.000722340826712499,0.000579411009748468,0.001291165481679,0.00177247305695927,0.00118700754376523,0.000918171972573538,0.000597204472311569,0.000258324336468906,9.36841937389226e-05,-0.000339512535868077,-0.000876195669448795,-0.00131764482908226,-0.00170132709108304,-0.00194750537919446,-0.00202628495465321,-0.00190701998250509,-0.00153014055975034,-0.00153014055975034
-0.00314927059346302,-0.00315423493002078,-0.00303014611235047,-0.00276401938337795,-0.00239463829750057,-0.00190308129385235,-0.00120192840505225,-0.000461499449045943,-0.000131710715452787,0.000269651967310408,0.000615043644792271,0.000741271165539584,0.000698520562801785,0.000314096544021855,-0.000169812498979738,-0.000602670699056777,-0.00115588569699373,-0.00143915052475317,-0.00150526508573441,-0.0016511480393973,-0.00168429113371216,-0.00174001293288446,-0.00175691253126013,-0.00183010785010987,-0.00189293539369564,-0.00179043206822659,-0.00157642361274006,-0.0011479901831349,-0.000566367265432535,-0.000140703349092035,-1.37573383770448e-05,4.7977583412055e-05,0.000173011252160548,0.000309589263681193,0.000488454135221885,0.000546861442707512,0.000472380312481391,0.000441909463909642,0.000469189288267479,0.00039987463249018,0.000281409358955338,7.50651301283517e-05,-0.000238219487334684,-0.000460143898439576,-0.000599171359962965,-0.000789268860607935,-0.00102600419669849,-0.00120802602935679,-0.00122409868936291,-0.00117969939253847,-0.000985805686320559,-0.000523318379118887,-0.000143902894979838,1.29501204328038e-05,0.00018964915458923,0.000397331135057948,0.000632207753549179,0.000918252134988518,0.00123420076200752,0.00158650849389777,0.0019320305953287,0.00212766645304485,0.0022006599021842,0.00231370976870328,0.00245247800985864,0.00245169565899673,0.00261883378812681,0.00280485015729359,0.00283358288902749,0.00283869943498367,0.00276683540023809,0.00260531912626433,0.00230082143114793,0.00173411900768976,0.000941778323744698,0.000392998381296705,-3.51405582369804e-05,-0.000447586722207884,-0.000769729772207683,-0.000956065497648137,-0.00107287416062128,-0.00111731197727575,-0.00127267981238938,-0.00141189645398573,-0.00117084830121966,-0.000813675432442165,-0.000309782060627269,0.000275966970839658,0.000873792951542206,0.00102066245156095,0.000898615336476304,0.000236314896640239,-0.00121846420915284,-0.00145537224136159,-0.00101317019079119,-9.31906910943345e-05,0.000706552973228705,0.000657898126909001,0.00075498213132455,0.000942107188344449,0.000272868369338208,-0.000467177487099554,-0.000905577293796409,-0.00117568541238521,-0.00139844511075823,-0.00155648373876729,-0.00162278090736158,-0.00158735949687269,-0.00146629425402334,-0.00146629425402334
-0.00299970092172232,-0.00306648313928176,-0.00302475950454635,-0.00288707771026733,-0.00262359156659585,-0.00224818736364744,-0.00178470500078358,-0.00118492910113249,-0.000510476714684308,0.00020028178725312,0.000772429529076912,0.0012830284838167,0.00149485724668083,0.00142735190402274,0.00106654306864362,0.000630719671904395,0.000145640136480635,-2.2768877968371e-05,-0.000167175572633793,-0.000314248709876737,-0.000478508073775199,-0.000715324233713684,-0.000884223992268313,-0.00100676729574448,-0.0010844836016232,-0.00111591417422972,-0.00107511925447544,-0.000868990894654455,-0.000507547352258074,-0.000236188305147838,-6.05869856833887e-05,7.39168583112713e-05,0.00020550711107754,0.000372897900715362,0.00057131044707852,0.000791399048929654,0.000856883088390703,0.000749506543765655,0.000673461767986935,0.000576115356682557,0.000392950481421166,0.000154691063671587,-0.000254478300357998,-0.000614499068510618,-0.000883688643976657,-0.00112187565532874,-0.00132436904212374,-0.00147705620581486,-0.00157971602538933,-0.00151960728834318,-0.00134445993462605,-0.0010113777810379,-0.00055989045047939,-3.92287540281998e-05,0.000359236857320297,0.000707873073306834,0.00108464015586136,0.00149849236853365,0.00197785114455816,0.00245064440921212,0.00274845841566681,0.00289767152458948,0.00296463802154004,0.00296313552448391,0.00281258407488859,0.00253194579991866,0.00230833913945352,0.00223914774765824,0.00228580811855082,0.00230734158324099,0.00226832800317141,0.00217508174529307,0.00201521357105957,0.00165314674725738,0.0012068563760909,0.000736110330027684,0.000284704028288119,-9.04258114847664e-05,-0.000401044558149578,-0.000571349378859928,-0.000959699505052217,-0.00122330692682185,-0.0012758215031837,-0.000992817311227134,-0.000832230664170049,-0.000606653445855854,-0.000278889242733907,0.000203740731948256,0.000786150847909263,0.000795347473554441,0.000695084689439303,-1.76581335450607e-05,-0.00169591939731409,-0.00242943815856682,-0.00230544756761614,-0.00198466980882342,-0.00157453162018328,-0.00076478645216993,0.00036567417910674,0.00082969251190515,0.000732660331455526,0.000414622075386784,0.000107789874524783,-5.30355242883696e-05,-0.000164557312791136,-0.000263205137161382,-0.000347575182445353,-0.00048261683962908,-0.000563176227131451,-0.000563176227131451
-0.00266770589533546,-0.00281051436193946,-0.00290776834262854,-0.00292994321941931,-0.00281038174115045,-0.00252090887448073,-0.00210312888216369,-0.00156981818857019,-0.000859200221943461,-1.75476488147933e-05,0.000758053459218644,0.00129181245210422,0.00167802535651662,0.00199774489307925,0.00200332466162645,0.00163272785299823,0.00126913365322109,0.00105302589250283,0.000885751972474508,0.000689456286802448,0.00042881500955317,4.52447116315244e-05,-0.000286368632723882,-0.000518915151017804,-0.000710464593956399,-0.000896594964854197,-0.000910605302199836,-0.000770284781274101,-0.000539250792596703,-0.000315233693116173,-0.00012833684750194,4.85047568044086e-05,0.000239902939575104,0.000452386554784504,0.000652571846222619,0.000815699053558753,0.000971204867135227,0.00101642903399663,0.000925340696859778,0.000784659547702016,0.000611827167768902,0.000368371236672556,4.49129590399042e-05,-0.000363931821774827,-0.000687625516473098,-0.000912286351569203,-0.00113604219871916,-0.00148018352448947,-0.00166905380168941,-0.00157639536232776,-0.00141447317174008,-0.00114092251518029,-0.000722492558089921,-0.000131881697217551,0.000478749287522933,0.000960618782019175,0.00136970775108991,0.00185563283693977,0.0025116528749849,0.00303878132833651,0.00335490296567379,0.00349126479882207,0.00357953495071484,0.00360816933693133,0.00337879251846918,0.00284241589489583,0.00249828445932881,0.00228304089039334,0.00222693626690403,0.00220928105608835,0.00217705004580161,0.00220834903480174,0.0021859728754302,0.00201874431620476,0.00170578448735409,0.00129833743647324,0.000926264940530695,0.00067095331854982,0.000494810237726741,0.000344237302369473,0.000157731181475756,-0.000162056019903743,-0.000283108380706117,-0.000188419379839787,-7.88537951095791e-05,8.17950967687935e-05,0.000227602978262263,0.000517149674729794,0.000739832164563891,0.000785045141957324,0.000547414914726079,0.000156121502525745,-0.000433337748660653,-0.00126818149078609,-0.00155771335310062,-0.00150750094430456,-0.00149140520663402,-0.0010763832567986,-0.000196569559099691,0.000737447721273932,0.00110866721709862,0.00131732679239666,0.00150296831713864,0.00161497605189714,0.00168376241921603,0.00168122827596467,0.0016469792751638,0.00163626942172251,0.00160784710481562,0.00160784710481562
-0.00196843155160864,-0.00213826295389119,-0.00228200377486387,-0.00239451132152702,-0.00244603261473764,-0.00243458339063046,-0.00233954417295484,-0.00211320999986092,-0.00175436803118562,-0.00118057264620157,-0.000148162709439736,0.000719146146087979,0.00120938613726534,0.00172881072637898,0.00214207638350578,0.00224731242765952,0.00212977828651945,0.00188211648905937,0.00171503726854944,0.00155128887638332,0.00124204234804687,0.000642453161798291,0.000163878043371576,-0.000193620980969533,-0.000439463495905044,-0.000690604431396673,-0.000701521330762934,-0.000676469291232589,-0.000608419336270698,-0.000395242410843392,-0.000201967726745399,5.53105100940463e-07,0.000196408386013067,0.000427176467757008,0.000666672750489192,0.000898262474422961,0.00106284351011309,0.00109453291226252,0.00105171415886028,0.000926999307787051,0.000744274700010886,0.000524610852848781,0.00022709191713966,-0.000128351886849822,-0.000514697606543053,-0.000833767465975438,-0.00108890141418147,-0.00134158204481831,-0.00156287225594383,-0.00160924666719236,-0.00142500697147027,-0.00115003040137002,-0.000759096104314176,-0.000245095800061511,0.000427392802108052,0.00116019795204467,0.00186633965830926,0.00251117734127566,0.00297000390533225,0.00341151453361976,0.00387990310512264,0.00408127378051545,0.00433829993281545,0.00445151614186998,0.00361400103518558,0.00306114968625822,0.00268838968008504,0.00240041164822795,0.00222048544560457,0.00225603048465742,0.0023666823272821,0.0023913528971093,0.00238270446049757,0.00228690975784342,0.0020486693118225,0.00173012065722517,0.00142451122086613,0.00119756469755492,0.00108774334249846,0.00099845508303217,0.00086907506702194,0.000699468384046158,0.000553618325263412,0.000373643840700308,0.00034451747113156,0.000361769571095856,0.000459557018289668,0.000545081431958992,0.000596173413129758,0.000639383411917965,0.000452886277825151,0.000202212090681164,-4.23727934161372e-05,-0.000197214234272776,-0.000432311916712433,-0.000643429121915964,-0.000411982465371094,-7.59997505089122e-05,0.000428838965337769,0.0012328177340963,0.00207257774580138,0.00252546590639739,0.00281695321365003,0.0030299548449807,0.0032937225331871,0.00349309472471698,0.00364897472218451,0.00384505901716251,0.0040667356529481,0.0040667356529481
-0.00100040708852059,-0.00134229594754937,-0.00165663917292677,-0.00192943381694508,-0.0022009200105565,-0.00234655450128546,-0.00245203228332169,-0.00251221305954399,-0.00247701126398672,-0.00219579297709072,-0.00144430195961494,-0.000550956952295331,0.000162020778794653,0.00103343239606227,0.00190610916790743,0.0027320649959873,0.00303582702233687,0.00245887465330581,0.00215943087397621,0.0019545414332726,0.00165192249573196,0.00106866441995738,0.000357803424009939,-9.53174036237778e-05,-0.000343413784338262,-0.000573412955829735,-0.000654865280662021,-0.000685554036037001,-0.000645637936105933,-0.000561650742686813,-0.000317567084160283,-5.39730887959035e-05,0.000301763699468934,0.000574786589675337,0.00083614487147031,0.00102572333120168,0.00111609238750079,0.00120503927758959,0.00116232284278543,0.000946235354826894,0.000795594661287019,0.000638909310154786,0.000398090287888195,9.2146552131701e-05,-0.000250839323449109,-0.000553980906653213,-0.000794103077114918,-0.00103668919395778,-0.00143161248280415,-0.00161832388998309,-0.00154426351734908,-0.001231491279631,-0.000919092850300812,-0.000444761482006752,0.000275938892261754,0.0012666931329069,0.00212628487975782,0.0027168917870048,0.00328594238785834,0.00382303696399027,0.00448416729599677,0.00486549605294342,0.00514452600755721,0.00476971260886572,0.00376737251311522,0.00313985200620502,0.00279636558286994,0.00250916100452669,0.00236189769992145,0.0023550896129643,0.00247947347185907,0.00251486075983917,0.00260157458739844,0.00264875666927623,0.00250086718066717,0.00221498291829879,0.00192980895365407,0.00174178390864017,0.00164703573334693,0.00154311080172843,0.00140215712466645,0.0012257993982786,0.00112599283225973,0.000920571636420897,0.00083954587349859,0.00077932589608451,0.000716370108565081,0.000651739947315474,0.000710833547045105,0.000583617281128566,0.000350595161447177,0.00011570137549885,-1.71433274464769e-05,-7.66482800891866e-05,-9.55274990456917e-05,-0.000163530700758641,-0.000160017788794597,0.000152176559663347,0.00061070796016359,0.00126900010458753,0.00224710630310802,0.00315784279016941,0.00366219021768099,0.00409317884429164,0.00457543817469419,0.00498898039791659,0.00560938491911825,0.00618486518088809,0.00672488004740801,0.00672488004740801
0.00021719347852292,-0.000354417403324425,-0.000881415765348059,-0.00134461831565652,-0.00178574057613029,-0.00212395323072986,-0.00239358555818972,-0.0025564086630413,-0.00263141789459825,-0.0024563270139987,-0.00180215798473146,-0.00127234505392795,-0.000442738762088252,0.000400207766351676,0.00149093384198266,0.00218281513964481,0.0026524044473896,0.00262518126939905,0.00240086286530569,0.00201376950179252,0.00168498597588101,0.00113185108965717,0.000272690860447029,-0.000233359455934138,-0.000495078594999894,-0.000772209522274352,-0.000798411233340896,-0.000820519809785071,-0.000812497505552234,-0.000924438942850547,-0.000663228518190815,-0.000458944702954607,0.000259802320472673,0.000782638103399486,0.00106559248082851,0.00121531830427329,0.00115545609276598,0.00121535376103069,0.00103457372288233,0.00103317328212969,0.000904438538132209,0.000729681706210739,0.000633848047358471,0.000337578587367972,2.37580256780764e-05,-0.000337570833090918,-0.000604168497504075,-0.000818197375661418,-0.00115239091326197,-0.00168623334215641,-0.00173233160084644,-0.00149336667818264,-0.00122367858799735,-0.000785191447610604,-1.78836803120062e-05,0.00119105472257226,0.00230822921274287,0.00287548373366378,0.00334385941572743,0.00385163702858508,0.00464705469510576,0.00532975070534412,0.00549766615752219,0.00515579098608335,0.00371663206160414,0.00316929134991684,0.0029358887081689,0.00264849425365754,0.00233279252395154,0.00243449903789858,0.00263528509650045,0.00269049957249494,0.00274961887487085,0.00287527180315009,0.00286890455000131,0.00266478103837058,0.00239171619211716,0.00220086341259616,0.00209259742873789,0.00197321068395385,0.00180896057981018,0.00166547408443868,0.00154691137758271,0.00126581334787661,0.00105790057249935,0.000934889194781116,0.000811489210616675,0.000613832190847027,0.00052328584214871,0.000326981271212105,0.000197172371501166,-5.1759076311976e-05,-0.000182480379155213,-0.000179208434306403,-0.000100365628095761,-5.15426982331535e-05,-0.000168348470080654,-6.63249134472133e-06,0.000380374665978539,0.000907480584330711,0.00172061155993428,0.00280706115656076,0.00367254782770307,0.00445253315286966,0.0050093455926218,0.00564180537555217,0.00636756531065563,0.00717935748900578,0.00821450336458998,0.00821450336458998
0.00154358834108229,0.000767446440079145,2.33709760621148e-05,-0.000637936700374875,-0.00122850158512275,-0.0016898528039615,-0.00192414552792919,-0.00207868835519853,-0.00190531395046237,-0.00145682035041894,-0.00113379382235532,-0.00079102316570101,-0.000436551416542752,2.435418054339e-05,0.000630962608819952,0.0013466405818354,0.00180306359055324,0.00208858420462168,0.00216094058814056,0.00201045205708216,0.00156701049843091,0.000878624869282245,0.000131192014415322,-0.000392266841774798,-0.00070395410671014,-0.000900682006682436,-0.00092530706494319,-0.0009101250322225,-0.000895314132642919,-0.000946691870505875,-0.000983525510003941,-0.000761381867599137,2.34550637615485e-05,0.000689802568263134,0.00105863145168644,0.001255307852606,0.00117393491109027,0.00112037162000127,0.00116723986709748,0.0010455752807958,0.000922472123609006,0.000738773478650319,0.000549618268612391,0.000296416980714587,-3.20191606102277e-05,-0.000362156708696298,-0.000662739560475398,-0.000887162742317101,-0.00121185004008505,-0.00173415838379469,-0.0019344649501498,-0.00180871767471627,-0.00154686942479552,-0.00111096301591484,-0.000132035326494664,0.00133063048244551,0.00228600600997888,0.00283696420610995,0.00327263491092519,0.0036984473218112,0.00424566359460021,0.00504043543590441,0.00510752596622768,0.00429725030098415,0.00357773632906972,0.00320370922306528,0.00289688354258044,0.00262861395477214,0.00263462993562094,0.00267112137515682,0.00276773721396914,0.00277547212785541,0.00279480089596497,0.00285317673481845,0.00276115357195265,0.00262750411016578,0.0026386352854451,0.00237914373410963,0.00225769336302042,0.0020674645959415,0.00190656933321748,0.00174722328617009,0.00157274015254674,0.00129839403721768,0.00103826179529276,0.000751103882052073,0.000571927937353542,0.000352863771003076,0.000145016610664558,-6.76021449892913e-05,-0.000248476317501592,-0.000314082795622499,-0.000450997689855771,-0.000494961171554967,-0.000430028090470463,-0.000345752464933985,-0.000405118923958614,-0.000610152224977067,-0.000294187302527255,0.000152462569952883,0.000740207569148998,0.00151505634994731,0.00252872025422607,0.00354090390743328,0.0045492242181279,0.0053814706620104,0.00617931541267464,0.0071294684910623,0.00822181929912583,0.00822181929912583
0.00268643009675576,0.00170684114732275,0.000852148825079668,0.000101343678078902,-0.000425966023426427,-0.000752217054003079,-0.000924033457476214,-0.000856293834453847,-0.000684008959821847,-0.000419528405295938,-0.000131872385956078,0.000174441799657699,0.000494510611914967,0.000870938450994008,0.00128211267837414,0.00168945883391927,0.00213425269956816,0.00240039331091071,0.00247983745424424,0.00228067369230911,0.00165025169772665,0.00105592243833726,0.000513385694969816,1.98763290740478e-05,-0.000335829123327261,-0.000496894872661524,-0.00053901702656925,-0.000553654507502055,-0.000565227319030429,-0.000540742040963063,-0.000495845812867726,-0.000351227650118024,3.00247451537061e-05,0.000427535191353013,0.000688607780445133,0.000870118990313806,0.000897786047389992,0.000817182402513231,0.000885984156426045,0.000730450928305794,0.000619008809426128,0.000351068076767422,0.000114730759617626,-0.000134137676123955,-0.000409480288287342,-0.000669398861555856,-0.000988808108668887,-0.00130833979457387,-0.00157533553629167,-0.00186505984239874,-0.00180418136746431,-0.00167573124232561,-0.00110211131222939,-0.000473922728393018,0.000459678532541315,0.00141590058316576,0.00213766606361398,0.00266403137105421,0.00315561417034536,0.00360953368084074,0.00395740831922811,0.00415249329525555,0.00429130438351045,0.00398240550621744,0.00377720051183168,0.0035322412259103,0.00327690475919952,0.00308430681855221,0.00305999250536182,0.0030736122280479,0.00304646821712139,0.00296772050785476,0.00285653344286745,0.00278504093268341,0.00263214154522666,0.00254855272021483,0.00241935190477768,0.00224704380749917,0.00207907161845709,0.00189168399985042,0.00170508377642122,0.00151720960323853,0.00132214112517524,0.00105487174770723,0.000775930342516745,0.000452865216294507,0.000140229383990956,-0.000120144381493853,-0.000370907018942546,-0.000564911285020508,-0.000718863228177317,-0.000865103973352932,-0.00100478657695398,-0.00109450074367834,-0.00111964977191881,-0.00115818986836991,-0.00126351273141051,-0.00144108020959058,-0.00134299370667776,-0.00118625662753688,-0.000760758515070736,-0.000117125731413592,0.000661126792551342,0.00166033745098185,0.00272320506608256,0.00384133656901858,0.00496850066030333,0.00611715432670917,0.0073143695086558,0.0073143695086558
