-0.00756073789451023,-0.00750220496420427,-0.0074736109586715,-0.00743056977217159,-0.00739498859678173,-0.00736529797533528,-0.00733789706253592,-0.00732020109887406,-0.00730767304379764,-0.0073037108808536,-0.00730782731001045,-0.00733007413820103,-0.00738737316741088,-0.00752743142384641,-0.00766756296331657,-0.00780221004374927,-0.00794088163921446,-0.00807480407476618,-0.00819714476307491,-0.00829628116485242,-0.00833139183390012,-0.00833114119187961,-0.00829888284861762,-0.00824850829956103,-0.00818514041054604,-0.00809668281315037,-0.00799591745875676,-0.00788652291673371,-0.00777780958995717,-0.00767737993800622,-0.00756497458547751,-0.00743972110265069,-0.00731226401997524,-0.00716814863571498,-0.00701464400080004,-0.00683507939870739,-0.00663955792697286,-0.00642488547569315,-0.00615485160040456,-0.0058348992292859,-0.00543412742640035,-0.0050971229861613,-0.00476822397092599,-0.00445515615098209,-0.00412109734548475,-0.0038123703800088,-0.00348546677136205,-0.00315028246495165,-0.00279451916218256,-0.00250096950756973,-0.00226488512140725,-0.00207384925773165,-0.00189308279824135,-0.00167850573023818,-0.00145737083731591,-0.00133840759629732,-0.00141935972846596,-0.00161626132794524,-0.00182624066915012,-0.00202496347684728,-0.00228263747315628,-0.00255976602505689,-0.00284795837334254,-0.0031984834874332,-0.00367864657190914,-0.00404061948980732,-0.0040337763540778,-0.00405315022073487,-0.00400872390061774,-0.00396992688435666,-0.00388580961653533,-0.00373339373628523,-0.00360546594565572,-0.0035482262360651,-0.00349490286693105,-0.00342135814776506,-0.00338075810702665,-0.0034191081124601,-0.00351618442638929,-0.00367400472298035,-0.00390879669359628,-0.00439283141217961,-0.00481085149789356,-0.00482684013728368,-0.00472614558652062,-0.00456148942481953,-0.00430770684868817,-0.00397167833050782,-0.00361403529457638,-0.00314253511430801,-0.00253898959365412,-0.00197492524758525,-0.00147419426201056,-0.00069910695324743,-0.000226084010477856,-0.000112228616086285,-0.000246913889370703,-0.000604191927104369,-0.00112918685850527,-0.0019180462599574,-0.00306031453643618,-0.00419655428997123,-0.00482639919414707,-0.00500887392598315,-0.00475284319825264,-0.00417325490973353,-0.00332762661767405,-0.00215654086150585,-0.000712333434493173,-0.00073165156794297
-0.0072584635984321,-0.00722569155818597,-0.00719723674529827,-0.00717943122978951,-0.00717062926578226,-0.00717046667789586,-0.00717922091833197,-0.00719463017174514,-0.00721541998629474,-0.00724232577956156,-0.00727765323146505,-0.00732410096633987,-0.0073871530882367,-0.00747460031532346,-0.00761730112069427,-0.00780675076912822,-0.00801357068645324,-0.00820025994108547,-0.00834708985020551,-0.0084644232045985,-0.00854721362575211,-0.00855962836414393,-0.00851677739518889,-0.00844090661409175,-0.00835899779220474,-0.00824534656832524,-0.00811919890599512,-0.00795780136099774,-0.00782230599958988,-0.00772377557622874,-0.00760532642633959,-0.00745415897669655,-0.00732471285447387,-0.00717897490022099,-0.00701897544625822,-0.00684113615395373,-0.00663556277836059,-0.00638974176257246,-0.00613036070732626,-0.0058233869823225,-0.00548905015350627,-0.00512168240554322,-0.00475616964470178,-0.0043999923363322,-0.00407876708455534,-0.00377266154702583,-0.00345536810928574,-0.00311486015401436,-0.00273720266411549,-0.00239629619985293,-0.00213711874079751,-0.00194209349911198,-0.00176996039841302,-0.00155775308416361,-0.00129988111644995,-0.00114043715880454,-0.00122711923575708,-0.00143369102558916,-0.00164037701629691,-0.00188420063161773,-0.00217952222434105,-0.00245024669291238,-0.00271112117646576,-0.00305099262756408,-0.00352186446898764,-0.0038463719088634,-0.00379746192602987,-0.0037724627322509,-0.00365542033865701,-0.00354773768283612,-0.00339609022240071,-0.00309605635812056,-0.00286434330116078,-0.00253910388595496,-0.00183960511468167,-0.00120921415405573,-0.00165551432268549,-0.0020138539993611,-0.00247722006381262,-0.00243130198276817,-0.00273813922021227,-0.00338046717814178,-0.00378966612973328,-0.00395538270758722,-0.00412798177787002,-0.00439329748918874,-0.00456689671130409,-0.00474799277068294,-0.00476023973808853,-0.00506268486502209,-0.00476328868809184,-0.00400277639816909,-0.0026530469330317,-0.00191302092347556,-0.00163527980375866,-0.00155422834782429,-0.00184960412479146,-0.00265723154530562,-0.00377819555963277,-0.00502124825999306,-0.00625888002464436,-0.00714838255215688,-0.00785755076225536,-0.00787447917068718,-0.00779513469367465,-0.00733928999397671,-0.00585689379065779,-0.00376858495278759,-0.00202776672862615,-0.00204614274521003
-0.00699861529643245,-0.00698083948601375,-0.00696426463613691,-0.0069446492553367,-0.00694518275021747,-0.00694806689550224,-0.00697684213923903,-0.00702284442166806,-0.00707518927955347,-0.00713403169583356,-0.00719691442543878,-0.00726212526226459,-0.00733478847654531,-0.00744037362827162,-0.00758582086796043,-0.00777163460122657,-0.00798556645157051,-0.00821861437882657,-0.00840160026171989,-0.00849904735762768,-0.00859491302703698,-0.00870460850848839,-0.00871410271894688,-0.00861391614369141,-0.00851581816046464,-0.00842241043761425,-0.00830504776642135,-0.00815490905208605,-0.00801862001138065,-0.00788131697715139,-0.00775779521426302,-0.00763976062036321,-0.00747307192959011,-0.007328749293984,-0.00713149517110792,-0.00694324283848815,-0.0067431641319101,-0.00651417903510445,-0.00623642562057585,-0.00592944376938636,-0.00561448400648344,-0.00529193881671403,-0.0049054689434162,-0.0045154201142628,-0.00416998369054104,-0.0038415520628791,-0.00351430290425307,-0.00317109805527166,-0.00282485231082061,-0.00245485522251394,-0.00216687183898098,-0.0019892933865823,-0.00179120215047414,-0.00154138593934948,-0.00133277010696254,-0.00124681042629787,-0.00122789235693048,-0.00127803572172742,-0.00142495586465592,-0.0016904922478234,-0.00212807051415645,-0.0024988348787523,-0.0027726666054683,-0.00308680509120344,-0.00350072216727326,-0.00368641581330045,-0.00377593646906722,-0.00383318536827922,-0.00366539765344561,-0.0034911836371967,-0.00335134752956232,-0.00315114220889864,-0.00289543613733927,-0.00251708934955293,-0.00190583048277983,-0.00136666142160191,-0.00162124655731044,-0.0018818839836959,-0.00250040361303532,-0.00290698643100704,-0.00361658008165482,-0.00399047366664583,-0.0041934953550344,-0.00439752323310721,-0.0044909316442385,-0.00434414292615151,-0.00447673715562835,-0.00449200951090431,-0.00466807507190367,-0.00518292568589107,-0.0062991589586619,-0.00542187317161352,-0.00346000219551235,-0.0026617983002673,-0.00224047187663712,-0.00203517933797688,-0.00240881357073947,-0.0030044422444373,-0.00404350513444057,-0.00444671755440929,-0.0052874671844485,-0.00669268806288609,-0.00742953331551799,-0.00755454565603647,-0.0071765109201441,-0.00582291581687538,-0.00458208888000833,-0.0038079812628572,-0.00205607773175764,-0.00207301965987239
-0.00676328088419918,-0.00676269409232419,-0.00675941146488012,-0.00675528730556961,-0.00674725351786137,-0.00673995922148552,-0.00675557717592559,-0.00679261889044262,-0.00685529656693028,-0.00693507882238517,-0.00702249355965543,-0.00710859114733309,-0.00720127596798563,-0.00727922982337537,-0.00737886293135871,-0.00756203080597751,-0.00778753608472307,-0.0079749617010826,-0.00818852189848932,-0.00834215314959538,-0.00844756341895607,-0.00855840815356089,-0.00867395597348284,-0.00865280536618733,-0.00862145437906619,-0.00852776089974269,-0.00844346947919746,-0.00835014302992112,-0.00823229542395101,-0.00811178992534536,-0.00800958957430424,-0.00788714636018015,-0.00773654707455085,-0.00755986313538754,-0.00735485278909623,-0.00711888751592806,-0.00694855734063804,-0.00671050503686484,-0.00643048966457148,-0.00614164066690635,-0.00580034597268653,-0.00547903200602598,-0.0051527147051666,-0.00479423687788496,-0.00444285678145979,-0.00409527382958669,-0.00374007281918013,-0.00336976285547119,-0.00300270174329746,-0.00266647818382556,-0.00234402518338012,-0.00204464187404575,-0.00179997729492193,-0.00161367432707734,-0.00148862469400456,-0.00146602380619927,-0.00146454713162605,-0.00148618917278073,-0.00160500098065949,-0.00186555996696603,-0.00220951887065939,-0.00265329555777044,-0.00301929684475264,-0.00338238453605463,-0.00365387906230214,-0.00379176203024716,-0.00388084820580133,-0.00395572656892668,-0.00398364165071564,-0.00383368536550992,-0.00363802240659911,-0.00346209657496224,-0.0031855215419337,-0.0027680913030346,-0.00238902517922597,-0.00209539693812845,-0.00219094754175607,-0.00246542770475058,-0.00283447626492683,-0.00326791088187489,-0.00377831264997884,-0.00407287492657307,-0.00425826830888501,-0.00430269234895921,-0.00404729149525322,-0.00367732410347922,-0.00366908558255865,-0.00375991472852123,-0.00406394685533017,-0.00425843832762063,-0.00442855184931984,-0.00426261306218728,-0.00348537230579432,-0.00282548601805022,-0.00241733858743876,-0.00226302258459093,-0.0023602357728566,-0.00263467971480824,-0.00267074904193207,-0.00249835167516285,-0.003404539789506,-0.00379824862194555,-0.00433568686570832,-0.00447432583251167,-0.00408804184159828,-0.00407447440201614,-0.00392412200229592,-0.00324026762099217,-0.00186640945766725,-0.00188321018513754
-0.00654415947298351,-0.00660844975125805,-0.00660263197634486,-0.00656973059757012,-0.00654159570512711,-0.00652662006852842,-0.00652007003503929,-0.00652297165887175,-0.00656671039907455,-0.00663314497086657,-0.00672364953794202,-0.00680729850872341,-0.00690560892687951,-0.00698950868169506,-0.00707763517741719,-0.00719080249895852,-0.00734470449650973,-0.00753805402608716,-0.00776569005484614,-0.00802585514536615,-0.00824247794948372,-0.00839385529487701,-0.00856014266423073,-0.00859985176365188,-0.008629603236582,-0.00856656108637448,-0.00850254382548357,-0.00843478024326778,-0.00835069730502014,-0.00825040440311443,-0.00813655553692883,-0.00801243003863404,-0.00787474342774016,-0.00772760831239963,-0.00755400988717298,-0.00735568590348567,-0.00714270168410851,-0.00689530631451294,-0.00661896729248749,-0.00632440210439771,-0.006030526823306,-0.00573306196665095,-0.0054374378922897,-0.00513392180550452,-0.00482006391576877,-0.00449057771962092,-0.00414580353970912,-0.00378151412504706,-0.00338605067715211,-0.00300972302513912,-0.00267414765278641,-0.00231677937466381,-0.00202347828422466,-0.00186341814702082,-0.00177483003125884,-0.00172201027641853,-0.00172823483126308,-0.00179298868334463,-0.00190341931533269,-0.00214550371461996,-0.00252340558385897,-0.00291526977778594,-0.00334752828729839,-0.00374134531654439,-0.00401709468979708,-0.00417041255337432,-0.0042535599233356,-0.00430713871980251,-0.00434151713405625,-0.00429939401175267,-0.00415595878342031,-0.00392842144567273,-0.00363728817760481,-0.00342098030099179,-0.00313068194473571,-0.00300980721511345,-0.00290099853706148,-0.00306030535566693,-0.00320350132949535,-0.00343846709409294,-0.00388430387626862,-0.00410432449644629,-0.0042281802453593,-0.00416378674954197,-0.00389724565197652,-0.0035381334263688,-0.00338110866158042,-0.00338046796821764,-0.00313069997529947,-0.00283061465687899,-0.00245904609177274,-0.00196224641147797,-0.00167615007452224,-0.00139100759044314,-0.00114291703815442,-0.000880624625783366,-0.000608423786899709,-0.00016929940250282,0.000265792495108386,0.000415816695904958,5.89186899333516e-05,-0.000524556020801481,-0.00105303925208766,-0.00115900579450834,-0.00134101341576204,-0.00193710654241308,-0.00197932033482806,-0.00189348641974957,-0.00080991689904597,-0.000827060016542092
-0.00647413939752456,-0.00652166970247158,-0.00659604075659936,-0.00655403479588437,-0.00647227559641095,-0.00637905032450501,-0.00630390345550735,-0.00625930476551845,-0.00623387692692404,-0.00622156278756453,-0.00625003100898881,-0.00629177868754304,-0.00636923140091763,-0.00648743638245161,-0.0066116063158154,-0.00673903889846697,-0.00689298949909221,-0.0070720503304542,-0.00730982130702786,-0.00764231892306188,-0.00793857705196953,-0.00820066321330941,-0.00843816779434941,-0.00856877109444919,-0.0085674785567387,-0.00851683185577581,-0.0084756595251057,-0.0084242273553575,-0.00836182692957879,-0.00827838039358082,-0.00818286962967981,-0.00806748192010916,-0.00794065858977648,-0.00780121888138434,-0.00764263536823068,-0.00746469719245481,-0.00725811929003765,-0.0070159583322904,-0.00674624421225553,-0.00647866726030234,-0.00621722373778473,-0.00593790131220855,-0.00567641724382232,-0.00542418842262985,-0.00515521988137365,-0.00486673232572092,-0.00456899903216279,-0.00420823147593766,-0.00379897878087504,-0.00335867118304117,-0.00295091887792911,-0.00255283752490573,-0.00232410377388161,-0.00218784672070479,-0.00208473348160935,-0.00204256975603966,-0.00205326393652999,-0.0021289950927923,-0.00225721483350031,-0.00241272076968308,-0.00271240537147286,-0.00316592149012226,-0.0036677034884167,-0.00405019176043973,-0.00427666296848451,-0.00445213921356138,-0.00460394846323071,-0.00476217363156597,-0.00488000446535837,-0.00492640644740704,-0.00471991782995616,-0.00460828910656776,-0.00443384592667209,-0.00434185984910701,-0.00432162487148471,-0.00434910151849427,-0.00448459716488997,-0.004683201269263,-0.00489039570211067,-0.00490651956887586,-0.00486521949873306,-0.00481119696527262,-0.00495540805139587,-0.00474439745303179,-0.00431797470402068,-0.00379619066503667,-0.00314100525023772,-0.00244228707538419,-0.00189530712091113,-0.00140440292056832,-0.000794124339771884,-0.000170067616544145,0.000422896721146093,0.000770986122675635,0.00086147884450535,0.000863646419038473,0.000902108051394977,0.00124041782289988,0.00114242008024723,0.00117313623105209,0.00127268411729753,0.00107104255123913,0.000673997717302532,-0.000416266431156304,-0.0015658822316231,-0.00222866985946883,-0.00241952331561972,-0.00218386648995973,-0.00152443179134601,-0.00154333305266642
-0.00638116642257609,-0.0066173670220399,-0.00676015474430106,-0.0067941852793913,-0.00675586125987324,-0.00660812022841699,-0.00637930036966139,-0.00613929551143383,-0.00595632926558005,-0.00586227611356796,-0.00583135375378151,-0.00580330045830381,-0.00574334913730015,-0.00572220413497221,-0.00563747922997439,-0.00578386187739311,-0.00611978954450364,-0.00633309895207818,-0.00661342935815816,-0.00696102573381864,-0.00747741542289642,-0.0079209683537567,-0.00823349073912536,-0.00839665505880074,-0.00845256263113824,-0.00842673291029884,-0.00839880789164648,-0.00835170535440648,-0.00829843862664204,-0.00824023950659014,-0.00816595208709175,-0.00807257095160149,-0.00797229965206767,-0.00782788370774666,-0.00766322878791231,-0.00752086634714657,-0.00734046384541074,-0.00710667036708252,-0.00685863058359142,-0.00660356554834141,-0.00635153493165659,-0.00612179112156059,-0.00591506072624694,-0.0056883454597494,-0.00547009411923548,-0.00524809403298664,-0.00497971771143395,-0.00462944701511743,-0.00419344511281286,-0.00376633141303633,-0.00329842115620357,-0.00294910569272441,-0.0026968758948002,-0.00252559569166769,-0.00243261579116846,-0.00242426809102277,-0.00242045016571546,-0.00246194374677554,-0.00256114618593244,-0.00278039744470276,-0.00310613148316836,-0.0035079244557162,-0.00391583016669387,-0.00422118243611967,-0.0044974553248332,-0.00469175809992575,-0.00488826112495289,-0.00502357925307256,-0.00516181357337209,-0.00520834596982904,-0.00513826748286428,-0.00505929973042013,-0.00497539024596527,-0.00484593183883122,-0.00481273846382382,-0.00478198848847569,-0.00475920296404753,-0.00469248875687833,-0.00484513132319303,-0.00504873554061691,-0.00505030955513422,-0.00499038877460369,-0.00487787901286656,-0.00470420121616721,-0.00431686828995044,-0.00379433128004387,-0.00306098614406561,-0.00235028893546001,-0.00132673506414227,-0.000757896091643395,0.000349076518250613,0.000974661279039085,0.00139785917557564,0.00159038393606678,0.00149133279813284,0.00192209009702025,0.00249658845709935,0.00209167045825141,0.00110181049407095,0.000764026369804285,0.000390057365959318,6.16270089215387e-05,-0.000813819657754788,-0.00166780929921656,-0.00243928193574966,-0.00314092562337609,-0.0037956926975885,-0.00365450801873615,-0.00266995900585361,-0.00269022015442159
-0.00639052689204779,-0.00681719308870636,-0.00709702182058104,-0.00724128138770599,-0.00725395337116999,-0.00709338415780414,-0.00676591709460361,-0.00630245530158936,-0.00596381546260787,-0.00578218068977897,-0.00570952065054266,-0.00560496507563297,-0.00548356652893689,-0.00545717971637845,-0.00528818360417363,-0.00523230934442629,-0.00519960999815962,-0.00532421780177891,-0.0057064166038934,-0.00616020171522409,-0.00660267260872244,-0.00714446095986406,-0.00766641094706654,-0.00796806079985211,-0.00812136212391378,-0.00820047562110588,-0.00823642475774212,-0.00820692267301286,-0.00816065964694794,-0.00814984661947148,-0.00810431116477909,-0.00805639604331116,-0.00796795623784731,-0.00783157095717905,-0.00761557577773318,-0.00751954583165343,-0.00734252173391429,-0.00717303023822456,-0.00695811660040529,-0.00675870883967184,-0.00657094010179235,-0.00643185236849677,-0.00625492120322016,-0.00599864319202849,-0.00577582077557314,-0.00554870657057547,-0.00531878323768561,-0.0050575667368267,-0.00473181813526135,-0.00434576850511211,-0.00393651540044414,-0.00357798492423176,-0.00323345770294088,-0.00295988182422352,-0.00278347959763731,-0.00271439074345046,-0.00267549373117,-0.00264079766574673,-0.00265715815277638,-0.00277312609993372,-0.00303974933111686,-0.00324345365691311,-0.00346874231303671,-0.00374250944055462,-0.00395171818579044,-0.00414884943964994,-0.00431405816994379,-0.00448028281089385,-0.00464946719697448,-0.00490269597273889,-0.00495452724963083,-0.00472772712915222,-0.00434566211671691,-0.00414391721062418,-0.00402883874701578,-0.00397129349088758,-0.00395967846938546,-0.00384783609422991,-0.00353506314883498,-0.00415594863391369,-0.00443124044263997,-0.00446621413730082,-0.0044499115322944,-0.00406492376211792,-0.00371483437613718,-0.00330586379249556,-0.0029761796936523,-0.00238069125863821,-0.0018815073718581,-0.00130346796335807,-0.000612966684885714,0.000224945110142191,0.00123945108006321,0.0023011403230369,0.00319769216505149,0.00358198907108377,0.0019760174164494,0.000242021830837151,-0.000964407191498807,-0.00186231489828998,-0.00176509736218852,-0.00219745886408325,-0.00291118542426737,-0.00349503759863848,-0.00383301072731743,-0.00404485932458384,-0.00420156428137039,-0.00386726666498115,-0.00284454274497685,-0.00286616119837813
-0.00699585183642021,-0.00747695804246248,-0.00781602575188958,-0.00800449032251394,-0.00801968769535896,-0.00788379648331711,-0.00749508761766943,-0.00691119198011959,-0.00632468295214082,-0.00586463386871312,-0.0055440382276247,-0.00537746221930206,-0.00523137858376074,-0.00498576440708958,-0.0049354527110124,-0.00500368683523761,-0.00524611755626225,-0.00555796086931506,-0.00575745194509156,-0.00595364142815418,-0.006162487694313,-0.00646839313865257,-0.00688643575936348,-0.00728236202284618,-0.00757674817101939,-0.00774882563885711,-0.00786338567916877,-0.00790913536651129,-0.00791069740933736,-0.00788000794312561,-0.00781780402707998,-0.00773309361478989,-0.00761839584737889,-0.0074655788588484,-0.00733936884931647,-0.00718205096376405,-0.00701847793181378,-0.00688346720040771,-0.0067454719805249,-0.00661772663546058,-0.00648001549242771,-0.00631125252813303,-0.00612059142233256,-0.00591091205930576,-0.00571899391148383,-0.00548974451226341,-0.00524816553645751,-0.00502608138266716,-0.00478979694090527,-0.00451419521947685,-0.00419941670017925,-0.00383926227301601,-0.003562122010845,-0.00321165780986318,-0.00296372742413601,-0.00274917690576709,-0.0025271484796365,-0.00238287096799149,-0.00247695101764093,-0.00241535985620748,-0.00237601283620179,-0.00244767564617159,-0.00255457025915489,-0.00271338448558606,-0.00288539242730758,-0.00301630179010102,-0.00314503798004734,-0.00330055155241316,-0.00348327928360525,-0.00365004845313521,-0.00359905033483437,-0.00351299428491891,-0.00317987761992879,-0.00296845330504441,-0.00281216051805765,-0.00270118014823764,-0.00264183018097087,-0.00244761307857207,-0.00230268619723772,-0.00248616923074339,-0.0027658295294722,-0.00313041859508763,-0.00337664716975294,-0.00358679210384748,-0.00354946551788814,-0.00323646913348077,-0.00309791890225224,-0.00289323566420722,-0.0026138998671057,-0.00230613163440825,-0.0019721178275475,-0.00152217078772526,-0.000783937905555733,-0.000175096108037114,-0.000357662744850405,-0.00106663100723896,-0.00182916840294978,-0.00245178684355663,-0.00283629728832729,-0.00264797579259908,-0.00260262395096623,-0.00285990394407881,-0.00315649265911495,-0.00348146035299551,-0.00373323334923562,-0.00385675521653326,-0.0037826407002203,-0.00351565888297317,-0.00277380033339765,-0.00279528231552292
-0.0085667702047226,-0.00875461166640212,-0.00878963090415499,-0.00877287849546812,-0.00866679626106193,-0.00845479029979276,-0.00809518443998272,-0.00747872636637045,-0.00690441186978896,-0.00638424991644441,-0.00592240753375577,-0.00555868099900703,-0.00529040990594076,-0.00516553558378467,-0.00509744341683291,-0.00529908680358287,-0.00547529219728054,-0.0055805125942325,-0.00564845424936017,-0.00574374824076687,-0.00589004857040526,-0.0061196858455964,-0.00643133504667562,-0.00671602282082215,-0.00693834626023683,-0.00711097005260796,-0.00728939924267752,-0.00733283782215451,-0.00735437944371135,-0.00732531893708019,-0.00722995021770628,-0.00710526119691898,-0.00694122304338381,-0.00677808022831944,-0.00662961738824725,-0.00650883887934367,-0.00641555945793932,-0.0063208487630488,-0.00626831292935489,-0.00621995396334855,-0.00613760030324855,-0.00600833106635156,-0.005847455159431,-0.00565816826187218,-0.00547798340252528,-0.00530903833810905,-0.00510763724114733,-0.00491399539406316,-0.00470111067237033,-0.00449104375286934,-0.00425251407105386,-0.00400741753081947,-0.0036601448885392,-0.00310784083679072,-0.00253714727617294,-0.0020542732392134,-0.00171486925468263,-0.00137820238492594,-0.00110503818256486,-0.000889201008509272,-0.000772523119684621,-0.000779272635351871,-0.000874356167982192,-0.00100523017603058,-0.00112879844051058,-0.00121317338110142,-0.00127580713715224,-0.00133276806920409,-0.00138878437575072,-0.00144080274602532,-0.00148862632674455,-0.00152107900641601,-0.00154280596478022,-0.00156069968443659,-0.00151665807174631,-0.0013908450038903,-0.00127733236050713,-0.00113063670991486,-0.00116692081115899,-0.000993576113599844,-0.00088197588579976,-0.00125513398160282,-0.00182219034500701,-0.00219114340744439,-0.00232404917025698,-0.00239743193046175,-0.00251492687040966,-0.00270551867244184,-0.00269159661086735,-0.00251297008035663,-0.00229061923961583,-0.00202544373143798,-0.00175759771906989,-0.00163461538506979,-0.00166029656449403,-0.00183391496662509,-0.00211073197166373,-0.00222073321796397,-0.00225114589031887,-0.00203712508233906,-0.00166923245423856,-0.00172144847373548,-0.00183946540349175,-0.00189765655041474,-0.00204974024734345,-0.00224996751362738,-0.00247182474433671,-0.00264984143378,-0.00241759844749473,-0.00244066724843484
-0.00893587467008954,-0.00881492182193332,-0.00872154243534071,-0.00850129866928576,-0.00825292997212405,-0.00799021957118867,-0.00761973475986596,-0.0070275558042691,-0.00641522356911263,-0.00588110571363043,-0.00550453439455295,-0.00525210306971338,-0.00502597589015862,-0.00492843831744548,-0.00519892548856307,-0.00540547811071842,-0.0054778491674378,-0.00551969627252768,-0.00552271158607034,-0.00559616354372696,-0.00575735423455201,-0.00597312084283739,-0.00627573672167974,-0.00654050159795835,-0.00669367577829323,-0.00678178511709626,-0.00683643710643699,-0.00683629299530307,-0.0067991039233049,-0.00664319607953794,-0.00657865809192961,-0.00641621623217626,-0.00623101719366189,-0.00605586663137506,-0.00593906129992052,-0.00586601935628394,-0.00581549461169934,-0.00578421083607492,-0.00580303257687548,-0.00581284263610249,-0.00582295017861515,-0.00581068159587867,-0.0057571488025243,-0.00560947253356802,-0.00546432201162492,-0.0053131641643599,-0.00512306387877662,-0.00490047651038299,-0.00467120114689859,-0.00443107741589666,-0.00413312449098992,-0.00377633395566383,-0.00336565932223287,-0.00288876962301774,-0.00222024801168655,-0.00164742306232423,-0.00123217868510639,-0.000821786507493089,-0.000421568500954726,-0.000162858732884942,-3.24712635762399e-05,-5.05348346775784e-05,-0.000133860287996584,-0.000226268113547309,-0.000318792330150901,-0.000379267193294435,-0.000383440543009067,-0.000359808869920479,-0.00029477731282191,-0.000278928855686179,-0.000240835721025762,-0.000260390928663867,-0.000261465143134396,-0.00023484821301608,-8.92742117934997e-05,0.000137017004015222,0.000247211780150094,0.000158297068578978,-3.45083424707418e-05,-0.000267781806412321,-0.00029373963129227,-0.000615961847211556,-0.00100078872364436,-0.00132336327295655,-0.00146982578026185,-0.00154421071353189,-0.00159050433346897,-0.00169305420836374,-0.00178879233314425,-0.00184143586731114,-0.00197632715313571,-0.00196184567358422,-0.00180836992527879,-0.00170946854001149,-0.00164249840128336,-0.00163711186113066,-0.00152362925253982,-0.00134627332235768,-0.00114593684365633,-0.00083322326321985,-0.000203256705002694,0.000453771168806912,0.000209764616171122,-0.000201029843859279,-0.000806925250132984,-0.00150303720740483,-0.00242384749841856,-0.00344404016899647,-0.00304743604234289,-0.0030784635633318
-0.00654971717351872,-0.00663802967933231,-0.00667693131298762,-0.00661709341173589,-0.00642057246121897,-0.0062300055241836,-0.00591222666940531,-0.00559200718904146,-0.00533215761998559,-0.00508073877324981,-0.00477682564268936,-0.00449929176416821,-0.0042124470933633,-0.00422221202230157,-0.00454228092156189,-0.0047375898097246,-0.0049454565388369,-0.0051746657996347,-0.00538177174210303,-0.0055218083747008,-0.00559371921464558,-0.0057480266897153,-0.006045322548198,-0.00627391208866468,-0.00641229044575684,-0.00653785259595635,-0.00662153397986619,-0.0066401256406663,-0.00658502853726231,-0.00644813034594266,-0.0062084164814286,-0.00593374048290535,-0.00573306883595967,-0.00560665207428262,-0.00554026124060486,-0.0055173794730828,-0.00554080768424385,-0.00554349580724824,-0.00560247072328024,-0.00564641303240643,-0.00568217989346884,-0.00573173938689663,-0.00578240748021289,-0.00584527598146805,-0.00569405483207455,-0.00547653180097428,-0.0052428585409852,-0.00490953687840521,-0.00458474621670397,-0.00428643175536793,-0.00397132742997613,-0.00363110955217234,-0.00326830625016366,-0.00283173959786387,-0.00225431320841804,-0.00153157749040059,-0.00101818590680991,-0.000595256821398774,-0.000210458970450324,3.21495453517694e-05,0.000120798097370176,0.00016964717723426,0.000165817824514213,0.000167009604086672,0.000150504704196877,0.000139167738312795,0.000174414342678716,0.000224960308893907,0.000311977203333348,0.000443138006702939,0.000441047377319731,0.000437301574044022,0.000380671279931181,0.000292103513361008,0.000178691112552119,0.000113623143565503,3.13282714629326e-05,-0.000176544117070718,-0.000392377955917299,-0.000627522623269153,-0.000806865439726301,-0.000978976553529159,-0.00109756801820204,-0.00113975463452875,-0.00108541187194512,-0.00107494311047866,-0.00114974187922234,-0.00117361518606243,-0.00113753485688883,-0.00102789922576189,-0.000931438000605266,-0.0007935328445315,-0.000635849950369693,-0.000508081931120938,-0.000290456813235744,-0.000222220503017248,3.22677086633943e-05,0.000297701681602709,0.000701725224331665,0.00111709089225089,0.00129302812270551,0.00128231196690096,0.0012590142451137,0.00113595630730331,0.000647178416642157,-6.60283620531887e-05,-0.00074292199497919,-0.00133209635518022,-0.00180674710137922,-0.00184559386937554
-0.00445773197444276,-0.00434585120691683,-0.00431235009715872,-0.00438284298907478,-0.00451528889372019,-0.00453279462044494,-0.00435100040145905,-0.00418064166011075,-0.00400964049287762,-0.00381096613240316,-0.00355002327167472,-0.00308489110095742,-0.00237489650367309,-0.00268011765900209,-0.00321684395204303,-0.00347995803910843,-0.00377407923128322,-0.00407337088536537,-0.00436860047377783,-0.00474534293121473,-0.00509811771178181,-0.00529290150721554,-0.00552374680787647,-0.00576225843837873,-0.00590565491587599,-0.00605522969006294,-0.00618827181438323,-0.00626781144638495,-0.00627388034496686,-0.00618906816556474,-0.00602985497516589,-0.00580853157000203,-0.00559602630621799,-0.0054660649549661,-0.00536675531586356,-0.00527954239222891,-0.00532772439230894,-0.00535409394446803,-0.00546635563219425,-0.00558209919451104,-0.00566101267289882,-0.00574404062034069,-0.0058191901603074,-0.00592330491359559,-0.00579845033736272,-0.00549409224283065,-0.00516810025341038,-0.00482037140663891,-0.00451329316976577,-0.00422194005436178,-0.00393555856609341,-0.00362411846760736,-0.00324838089207563,-0.00277852281675268,-0.00218638684280817,-0.00158996194853682,-0.00110284052619363,-0.000767371700503984,-0.000433371903440189,-4.16079397930376e-05,0.000217210257735457,0.000492281953630443,0.000469237973177265,0.000428526523747898,0.000280456618974481,0.000185916818055958,0.000174922877922312,0.000197515227228294,0.000267124057306795,0.000335630821238393,0.000298277551112437,0.000218241553595424,7.21881743000023e-05,-0.000104743758070062,-0.000342341120273227,-0.000621894029239733,-0.00092889644330606,-0.0012838863593853,-0.0014722290711768,-0.00157544574006467,-0.00182767140238342,-0.00201652945320536,-0.00219675923812256,-0.00212844692817667,-0.00192025143080302,-0.00161675460196554,-0.00136458868620139,-0.00108968257719613,-0.000795526318725988,-0.000489060605161309,-0.000148865102203834,0.000190717580418165,0.0006012688997531,0.00112497707669617,0.00149353043232496,0.00183476586105726,0.00216761943380953,0.0024860848870728,0.00272337197340578,0.00279142776377536,0.0026506921695473,0.00237596674030696,0.00202939765713898,0.0016368987089512,0.00117261923031246,0.000618707639674837,-9.33845946452933e-05,-0.000825088385736351,-0.00148543201324728,-0.00152103519264665
-0.00286249351550283,-0.00260534023504017,-0.00247740776853982,-0.00238900289509308,-0.00236049278903142,-0.00229938798810045,-0.00213326210307671,-0.00197844807020256,-0.00188381985265858,-0.00178528057418842,-0.00169414343184694,-0.00161220713428353,-0.00138736614041211,-0.00123159449367306,-0.00154490961319276,-0.00183970054333164,-0.0022541215901728,-0.00263545322391632,-0.00315033511025244,-0.00368427666593968,-0.00420611928201297,-0.00457215041761837,-0.00488961308835168,-0.00515010431362062,-0.00535427693276959,-0.00554769535620931,-0.00571634921570078,-0.00582270705965521,-0.00589926107756079,-0.00590317595701217,-0.00584864662759456,-0.0057380071217807,-0.00559448505509332,-0.0054820763934586,-0.0053774066933117,-0.0052576388338533,-0.00521803032952198,-0.00527053533097323,-0.0054352825183208,-0.00557185543475316,-0.0056775136555473,-0.00575584523736122,-0.00584403004971117,-0.00588947749038452,-0.00576212889119619,-0.00548479136420008,-0.0051849362871872,-0.00491737131773281,-0.00463045937655234,-0.00434402840598138,-0.00408445783775468,-0.00377361505577616,-0.00339778094843924,-0.00286212745829449,-0.00225845928340541,-0.00174015091539006,-0.00142106997921771,-0.00112659852817906,-0.000875686707661107,-0.000721922704627122,-0.000509509530807398,-0.000450611047791181,-0.000479397682847577,-0.000550482067178695,-0.000608988969084064,-0.000640053675156634,-0.000625246254720206,-0.000577670665769081,-0.000524665688297378,-0.000485990091117118,-0.000526312394998434,-0.000676745967883209,-0.000902131217757454,-0.00114734657627499,-0.00139868895366239,-0.00169322858350184,-0.00209011701704982,-0.00245600740784851,-0.00267291476027399,-0.00289160696325405,-0.00313234233190125,-0.00332097992097947,-0.00332600067746994,-0.00327531153148861,-0.00301163115810944,-0.0025634554009128,-0.00199702775140857,-0.00133723587997416,-0.000414801074820698,0.000359316829116482,0.000961314937310796,0.00152367631040587,0.0020320726671323,0.00255695632282359,0.00297099078378323,0.00344978703377829,0.00417748797538764,0.00448630169441919,0.00442519171671733,0.004052393600301,0.00360571081082676,0.00309465108637846,0.00252037938638107,0.00187706548152677,0.00118553140689053,0.000491204881092784,-0.000218292047184039,-0.000921832473377515,-0.00154085528119033,-0.00157096065292003
-0.00130636386263477,-0.00111722641047067,-0.0010437913851301,-0.00101624110672649,-0.000958948182824382,-0.000891653832056222,-0.000840790996205112,-0.000807493898339284,-0.000788445610868299,-0.000812092031858717,-0.000880027108862001,-0.00086150818038392,-0.000717910973918531,-0.000520568983171734,-0.000595364770962555,-0.00082374669767447,-0.00112157470760901,-0.00146423961300912,-0.00193770901260357,-0.00263454615699005,-0.00333270502686798,-0.00387055227765472,-0.00425477170442849,-0.00461549514652861,-0.00485037017144604,-0.00503901491371107,-0.00520284132485434,-0.00534383001274663,-0.00545890998872214,-0.00554470844974658,-0.00559330395032861,-0.00560260284687345,-0.00558295549274176,-0.00553537379534888,-0.0054738701616818,-0.00544021860831947,-0.00538279314821905,-0.00537671932544401,-0.00542928113478122,-0.00550959733090078,-0.00562949446995189,-0.00572407850664967,-0.00580778535803031,-0.00577805607930534,-0.00562656757326243,-0.00549389634656064,-0.00527719732758008,-0.00502238471634665,-0.00475125227362152,-0.00443803716511233,-0.00412645839466454,-0.00378139687746571,-0.00334249792809978,-0.00277945882970559,-0.00219901847676886,-0.00192902025229918,-0.00175662359415215,-0.00167352004173252,-0.00161486105986056,-0.00156499349194979,-0.0015669132166432,-0.00161321759292073,-0.00169938598838206,-0.00180561982245265,-0.00179923379801617,-0.00172043327347433,-0.00161246667806112,-0.00148923883763327,-0.00138482932741191,-0.00131770531656413,-0.00131502223295376,-0.00143766927036017,-0.00161520133792804,-0.00183362343975596,-0.00205303331517273,-0.00229166712962754,-0.00256539625696597,-0.00277011774115589,-0.00288861254332263,-0.00297703663548657,-0.00307390530939028,-0.00307935188590308,-0.00318601712800088,-0.00342416139734241,-0.00327427762359748,-0.00271980732419002,-0.00204734092718378,-0.00122481720377367,-0.000170558878434307,0.000924852675348802,0.00170351495805195,0.00231829982583441,0.00285351202926903,0.00329362261389386,0.00379033994804447,0.00437340314278328,0.00510476640565119,0.00518161125287218,0.00482367201358737,0.00418216423881304,0.00372264560011108,0.00303979533839414,0.00226671631742155,0.00151720388898545,0.000825414014830363,0.000140790088108085,-0.000455737640586297,-0.000922185307760767,-0.0011862731261893,-0.00121122359804676
-0.00096149172560801,-0.000673740478524611,-0.000413491290553521,-0.000177309790162179,-2.75012801101773e-05,-3.59010930873517e-05,-0.000206752847708089,-0.000408340766350559,-0.000541077253945664,-0.000736218381629329,-0.000993933278520071,-0.000935570644581078,-0.000595799220549385,-0.000424567571384949,-0.000397918046473295,-0.000606081161730573,-0.000788414002412705,-0.000968341104948043,-0.00129373087055742,-0.00182417214852851,-0.00247916721144948,-0.00307262863921892,-0.00358407971466715,-0.00401011095475185,-0.00438145257683473,-0.00462725005893908,-0.00482618966464296,-0.00501443766067069,-0.00518457796601651,-0.00535065517272064,-0.00547482847289913,-0.00556818961944521,-0.00563361690365552,-0.00562983864560024,-0.00567557346877195,-0.00568713103682876,-0.0056430735951621,-0.00548619274696357,-0.00538228664955822,-0.00534221285568144,-0.00543850148155112,-0.00555343167220085,-0.00564596601037491,-0.00552582440926807,-0.00532475947853969,-0.00515000874637777,-0.00493418715545295,-0.0048009506395744,-0.00458644441949171,-0.00425083197351838,-0.00386393906120659,-0.00337284893783763,-0.00279159712178888,-0.00227645990397117,-0.00204428827575115,-0.00196452778563785,-0.00196331381485411,-0.00201246934406001,-0.00208897596889241,-0.00215143679204405,-0.00222923775323117,-0.00234190958681575,-0.00256660565900873,-0.00270847720659576,-0.00277204492789608,-0.00273193505500109,-0.00260475152252527,-0.00241799183512102,-0.00221515103318632,-0.00203798034660989,-0.00195942379813654,-0.00200554829675892,-0.00208312398782694,-0.00217503682800896,-0.0023369998438266,-0.00247404490638149,-0.00258854872623931,-0.00268184138720587,-0.00272204170517971,-0.00274148059948635,-0.00272241259354139,-0.00270585670003011,-0.00272695031678038,-0.00272100833835759,-0.00269559387750833,-0.00245762714378089,-0.00197394657610245,-0.00131184063319196,-0.000552943353312501,0.000441885783813246,0.00122720903258574,0.00174522601390305,0.00211932076979126,0.00251674387412643,0.00294839222790648,0.00334210657698195,0.00409015592122823,0.00457730967171196,0.0042470660309936,0.00362106665026186,0.00273710032646488,0.00198850359178195,0.00126614551046941,0.000598210954010567,9.23901829040785e-05,-8.81434030822748e-05,-0.000341266325261463,-0.000529858636232783,-0.00056847825116188,-0.000587053462060477
-0.000924680142171647,-0.000638280394037204,-0.000277603980296602,5.40704164352507e-05,0.000323908941935083,0.000331092740087677,-0.000311594953812694,-0.000990428117154486,-0.00181877774151112,-0.00150966261556726,-0.00121674089223758,-0.000857112322473393,-0.000544932821317387,-0.00036132613662182,-0.000315777557087753,-0.000370169299883541,-0.00043979579111143,-0.000612228745548473,-0.000893834085413573,-0.00129794134451192,-0.00185318633429705,-0.00240243788222083,-0.00301950019913011,-0.00357894871116877,-0.00403780531870962,-0.00439430215219636,-0.00467714578889716,-0.00493921992166891,-0.00512642771592809,-0.00533780191269118,-0.00550213433049413,-0.00564163680612941,-0.00574301589316993,-0.005898585311174,-0.00599275455488236,-0.00598517367496988,-0.00591883889496262,-0.0057084999074721,-0.00550120201942512,-0.00542302735346665,-0.00539706140121639,-0.00534927667101773,-0.00523722948166148,-0.00510763266656483,-0.00483648544555958,-0.00459287414091001,-0.00441018039865131,-0.00422612374738076,-0.00391884772548634,-0.00356352699789251,-0.00312430228312702,-0.00268949635531025,-0.00230138782561796,-0.00206400058212057,-0.00196978284907405,-0.00194156934812842,-0.00203486803068071,-0.00225686644293022,-0.00244504632694701,-0.00259442149959356,-0.00275965695451365,-0.00294321315677114,-0.0031577479373243,-0.0033698234484137,-0.00349748365327629,-0.00349125000383561,-0.0034081640434634,-0.00326112673002638,-0.00300778817219027,-0.00279292301613154,-0.00259292288435592,-0.00249615803143755,-0.00249390235289008,-0.0024492616101993,-0.0024667778846504,-0.00251555014103789,-0.00253453394925708,-0.00254847759551336,-0.00253513060539027,-0.00249676884687139,-0.00243996410058559,-0.00234195719182631,-0.00221016853263506,-0.00207656931654549,-0.00194812563435285,-0.00176215925998784,-0.00153637483389466,-0.00124093475293202,-0.000858196451829066,-0.00034778757976444,0.000262965833658028,0.000785260952709227,0.00103677389307636,0.00112425669367798,0.00116987342725549,0.00116265419504461,0.00100181891887913,0.000913216233966598,0.000633985804524652,0.000303054417646595,-1.17162722116926e-05,-0.000361648227814523,-0.000768153476585959,-0.00080016920502804,-0.000650238940883674,-0.000525704588041229,-0.000372930323105994,-0.00030214318955564,-0.000267130966608325,-0.000281810358099044
-0.00136003628768734,-0.00133940614247267,-0.000887314042388669,-0.000737747405972863,4.33190134815006e-05,0.00112266169477613,0.00139097328297477,0.000660500106936607,-8.17048148430526e-05,-0.000868449780576364,-0.000619405579292888,-0.000215236478721289,7.33072033204983e-05,0.000251626461949538,0.000321919822806948,0.000227768580961591,4.09814789167212e-05,-0.000260251984830602,-0.000649941341098376,-0.00107440030910396,-0.0015867772464276,-0.00211290743377241,-0.00270484659064589,-0.00330407569145149,-0.00384173135630851,-0.0042846855539027,-0.00462355091971259,-0.00488014868349586,-0.0051191134118795,-0.00533967124929336,-0.00554117267920777,-0.0057193139899225,-0.00594069109806457,-0.00610730058092287,-0.00625307522810715,-0.00628248512072818,-0.00624083464516582,-0.00616146426527009,-0.0060016418989167,-0.00572055143331145,-0.00547852231214121,-0.00520992713967005,-0.00486279539951631,-0.00448081048588773,-0.00413819161744823,-0.00381787338148909,-0.00347241607021287,-0.00305905024963993,-0.00261372002532813,-0.00217006577118572,-0.00205150957618137,-0.0018759921239348,-0.00172880216208051,-0.001640433671004,-0.00162721123876107,-0.00162876506706986,-0.00185600378181396,-0.00225785356894034,-0.00259250931474685,-0.00288378765334095,-0.00323589620722604,-0.00386260619076198,-0.0045487966622924,-0.00463995602799004,-0.00461357148756,-0.00461815635962274,-0.00461714110379801,-0.00452867019705993,-0.00413961258056869,-0.00364856607476786,-0.00328620245937569,-0.00303332788597806,-0.00285432030858526,-0.00271511815048181,-0.00258156648208457,-0.00246329617451385,-0.00238233362118374,-0.002331230225804,-0.00227175968974703,-0.00221235656710652,-0.0021197985355126,-0.00198296791965362,-0.00180239552790368,-0.00159723289103365,-0.00139082889165863,-0.00116196128004656,-0.000971978623343934,-0.000765688564517985,-0.000542160708592955,-0.000250553458890215,0.000100633430138143,0.000361514231172717,0.000282750395862612,-6.55600214003321e-05,-0.000398873984687131,-0.000679975610131042,-0.000888930669459682,-0.00103587794829614,-0.00115220308775915,-0.00128336381228438,-0.00143214254929016,-0.00159040096223011,-0.00161769401192641,-0.00133929131234466,-0.000950404121689473,-0.000393503440753513,8.95193063124369e-05,0.000288045875380505,0.000366191773898343,0.000348930387953791
-0.00236798703989795,-0.00221957169424647,-0.00167125566649354,-0.00100695139997326,-0.000493808244234922,-0.000480921550894122,-0.000470049317864958,-0.000612007830923151,-0.000699334174150575,-0.000372034713138833,0.000116730027194395,0.000481992535605819,0.000663782877291524,0.000591645435485698,0.000355257840418181,5.60023992752581e-05,-0.00026437309625222,-0.000592370466941168,-0.000904284361543268,-0.00124659660661562,-0.00164764462218522,-0.00212782441872453,-0.00264779674510831,-0.00320511939953604,-0.00376182613223232,-0.00423098698472615,-0.00459719079912675,-0.00490578147185366,-0.00516874489381299,-0.00540157057505574,-0.00563777088742509,-0.00588426476201754,-0.00613635817511426,-0.0063227620722707,-0.00644967348185733,-0.00652509781605842,-0.00656298245302228,-0.00652687164361053,-0.0063542601577148,-0.00604364263110467,-0.0055955565328195,-0.00502301742954001,-0.00443077521385325,-0.00385641268629321,-0.00330062316919908,-0.00277012065073543,-0.00228405251913609,-0.00186289704047236,-0.00149688710333022,-0.00125526668617395,-0.0011106222527447,-0.00106608406642966,-0.00110319055726997,-0.00126471496846591,-0.0014707670336583,-0.0017514747749925,-0.00212170811439058,-0.00258234464005288,-0.00307888421737584,-0.00343311095264291,-0.00407334251610976,-0.00483789823614338,-0.00532943075846727,-0.00533509928799487,-0.00532631558817127,-0.00533944119627536,-0.00529666672134636,-0.00517072486026743,-0.00493740272485142,-0.00456217393462013,-0.0040486928244458,-0.00366498589708914,-0.0033401651706464,-0.00306338262556969,-0.00276708088684581,-0.0024982932001227,-0.00235657357830005,-0.0022131752337272,-0.00208472275088231,-0.00194458864842376,-0.00178454407181165,-0.00155121984309392,-0.0013007255993215,-0.00105041680534695,-0.000805505683766443,-0.00060282078653453,-0.000445245583658276,-0.00032235171871469,-0.000206691139793515,-8.52118148780834e-05,6.45655939934767e-05,5.07913375124517e-05,-0.000189621997216022,-0.000451032215902974,-0.000662933923521477,-0.000870440955711678,-0.0010491425642982,-0.0012625077527668,-0.00147022030248728,-0.00131533343899598,-0.00126459016548003,-0.00111237818728411,-0.000838248049655557,-0.000453096583149235,4.139062885067e-05,0.0005966920604304,0.00104871732665519,0.00137102129970658,0.00149158808492255,0.00147161959077386
-0.00357373830819697,-0.00331794667630588,-0.0029842835808221,-0.00265898858213718,-0.00241477019947507,-0.00219439780779698,-0.00195284927185595,-0.00162443788571409,-0.00119803611916844,-0.000637522509789122,-0.000183066044204859,8.7723877671711e-05,0.000128209219859692,0.000130219033649211,-0.000119964332654696,-0.000460406495105769,-0.000808877159792588,-0.00119677790865774,-0.00148088500418326,-0.00165214746561073,-0.00191485451569176,-0.00231590052965458,-0.00280867249837917,-0.00337137239940566,-0.00394332019657631,-0.00439897049666306,-0.00475968267544991,-0.0050741806721521,-0.00539075010858382,-0.00565113678030831,-0.00594195549892411,-0.00624447044062404,-0.00649471507133245,-0.0066443612058925,-0.00674999418951503,-0.00679400588773188,-0.00677676118583067,-0.00668900904520905,-0.00642883451212456,-0.00604493637528595,-0.0055598806925251,-0.00499065531046798,-0.0043390346592823,-0.00376748607173775,-0.00310855871406814,-0.00252806323545552,-0.00202610843930385,-0.00153601583519188,-0.0012336024144743,-0.00102037340236942,-0.000833713833899324,-0.000761716628794054,-0.000938188770412031,-0.00124849659354621,-0.00165045373062062,-0.00207860796452186,-0.00254649025841553,-0.00304535812795982,-0.00353479702348112,-0.00403494137333679,-0.00452187412159807,-0.00489266930834732,-0.00505688826719197,-0.0052148936200096,-0.00524179641833193,-0.00522975172644671,-0.00522598422930985,-0.00519587802194105,-0.00510684763530307,-0.00487621665291502,-0.00449863700775721,-0.0041170472841158,-0.00377438676786776,-0.00345615217848735,-0.00312915803502113,-0.00278149111124897,-0.00248634676314978,-0.00224383121845132,-0.00203906959726523,-0.00185977229210667,-0.00164966498746563,-0.00137963773478437,-0.00106840156647503,-0.000735253687773268,-0.000443844537324387,-0.000147868811426977,8.55449781343763e-05,0.000224782228693291,0.000364879241604852,0.000522539145812627,0.000707646766958965,0.000547970484839879,0.000212173004089466,3.02697494069127e-05,-9.81258189119965e-05,-0.000164175355259961,-0.000194904429731539,-0.000194446250677398,-0.000169346218717146,-0.000111516054902218,-4.80696240127976e-06,0.000144784475002728,0.000346870980330684,0.000674772383956423,0.00105927315966774,0.00146472905784896,0.00182456138103084,0.00215903801266562,0.0024048106191928,0.00238347269871859
-0.00443294637128225,-0.00408275338029878,-0.0037038323846152,-0.00331619453181468,-0.00291556388315077,-0.00249102692960728,-0.00205691003648778,-0.0015908161041717,-0.00111006768212093,-0.000724840180495849,-0.000403362214750134,-0.000222082122151039,-0.000222826703360074,-0.00029319576565082,-0.000545639096533315,-0.000884347451090648,-0.00129380689268964,-0.00166561744607274,-0.00199112288553371,-0.0022729056944895,-0.00255427405659227,-0.00289823239599791,-0.00333882380199581,-0.00388290393076261,-0.00443960199659182,-0.00485889775446951,-0.00521265395172757,-0.00553619629087778,-0.00583962721348932,-0.0061354493200147,-0.00651163868085753,-0.00688768034957137,-0.00714308436445075,-0.00730254691371965,-0.00738209673303001,-0.00734462826059932,-0.00725247079106421,-0.00707150391641996,-0.00676439110666294,-0.00635044214511493,-0.00584630169080851,-0.0052770761516113,-0.00465909086822931,-0.00403080889631097,-0.00336456868833207,-0.00265182342194374,-0.00196089659463968,-0.00155138390410533,-0.00122074828039523,-0.00101566447213959,-0.00089908033502396,-0.000939529738507572,-0.00123790283363084,-0.00170772241167096,-0.00209830570291773,-0.00241378333755064,-0.00276779981504855,-0.00313069116927959,-0.00350941664714432,-0.0038774062595608,-0.00422180579008054,-0.0044486818704608,-0.00460991106382284,-0.00469137064593817,-0.00468726582491324,-0.00465062529696339,-0.00468169805239856,-0.00469813819106794,-0.00473570241859525,-0.00474072076390099,-0.00462689094209403,-0.0043642744090868,-0.00401850151203349,-0.00375352314599966,-0.00346563952663828,-0.00315895930230345,-0.00272062856678608,-0.00237768396187703,-0.00207580077509498,-0.00180598143903755,-0.0015289975676713,-0.0012447175551734,-0.000968772273406846,-0.000661772697158807,-0.000335283492708914,7.86086501069333e-06,0.000301644023082222,0.000562851469318447,0.000755426023682472,0.000970142094064974,0.00118350591844828,0.00122315926775246,0.00119739038688508,0.0011638667815839,0.0011577408804311,0.00111076451776773,0.00106241420586816,0.0011110212605531,0.00117050663263413,0.00121232150789629,0.00126465582637102,0.00137559813224722,0.00152723389677248,0.00171808683821344,0.00190647733561055,0.00211167873590006,0.00233054138316843,0.00253581104409824,0.00268336537578955,0.00266175918128807
-0.00483758612602783,-0.00448310127886169,-0.00405053422339548,-0.00367980072416509,-0.0033050112887256,-0.00296549966381675,-0.00251672024365605,-0.00199180961079309,-0.00150344630770781,-0.00115497551521682,-0.000841468170733755,-0.000656435203015686,-0.000613434045749386,-0.000735252620459153,-0.0010237353873764,-0.00139535927076951,-0.00172330206698237,-0.00204514649957967,-0.00246616453023986,-0.00271011302413245,-0.0029024561254754,-0.00317782498801273,-0.00358040841944459,-0.00407730979668939,-0.00462549395754831,-0.00505292364679008,-0.00542583974008195,-0.0057603769388912,-0.00606362791199604,-0.00638120500176402,-0.00674813662908348,-0.00709039275062023,-0.00731239670143398,-0.00742470251824882,-0.00749590403220912,-0.00741723329758674,-0.00735824921307926,-0.00713317612145702,-0.00686931521064014,-0.00653183584131178,-0.00601654771030407,-0.00545239949951824,-0.00484377474586586,-0.0041627265029945,-0.00341645311534967,-0.00252923332894365,-0.00174756859117368,-0.00138841011990586,-0.00117500658631375,-0.00106024279952301,-0.00104941251895068,-0.00111766865834965,-0.00135845882045589,-0.00185863961239001,-0.00240139117003798,-0.00268451323289402,-0.00294565807074381,-0.00317128971285012,-0.00335870941252352,-0.00360278350682264,-0.00389363409347097,-0.00417792268960891,-0.00430742758996092,-0.00429445396523623,-0.00423178619236214,-0.00403816715050134,-0.00380077013471744,-0.00385729913309711,-0.00416674928843649,-0.00441945036779902,-0.0045461930227564,-0.00451497444626123,-0.00433786325267868,-0.00404939699941975,-0.00355343974842181,-0.00306758029412426,-0.0025597819771503,-0.00212269635926378,-0.0017560132074969,-0.00149736212591176,-0.00136308024364384,-0.00116253872270107,-0.000917125577699207,-0.000615792460560892,-0.000300100011923292,1.19512365407038e-05,0.000305816629131358,0.000592784281758697,0.000802844375978833,0.00102678825340025,0.0012164396163745,0.0014444078754386,0.00161023217768722,0.00181857172586427,0.00214550711450653,0.00238729828958508,0.00235884978854202,0.00242113016328343,0.00254645289278836,0.00256013917812206,0.00258362872668674,0.00258680034217396,0.00262931886143507,0.00260840484949602,0.00268119723443848,0.00266469934029886,0.00273296775209733,0.00278100556738073,0.00276018132549546,0.00273827023275933
-0.00505681208756132,-0.00470376805704275,-0.00431742492626944,-0.00393636965694714,-0.00352183409991921,-0.00315282312927105,-0.00277263319950804,-0.00238100002439751,-0.00191363409704561,-0.00144623615731031,-0.00116210464866193,-0.00102775279665917,-0.00101289613337987,-0.00127236538889662,-0.00148871512858508,-0.00169529435749082,-0.00190997017910597,-0.00211486968427037,-0.00255959390866828,-0.00285845849383713,-0.00304395711337902,-0.00322307120138102,-0.00347192033026093,-0.00384808297019939,-0.00434070268662318,-0.00477073385456841,-0.00514170117848707,-0.00546784956580659,-0.00576600852156463,-0.00611663879760637,-0.00645510017473043,-0.00680956110447449,-0.00700512353151324,-0.00715787370580254,-0.00723201090829361,-0.0072870279520784,-0.00725189484698108,-0.00708654235249918,-0.00680042554032516,-0.00639102255593261,-0.00589230995687926,-0.00542015837880246,-0.00485470774501155,-0.00414830318383194,-0.00324446238913027,-0.00223237463685814,-0.00160468498944758,-0.00126143060856052,-0.00109481371579679,-0.00103235930003982,-0.00105967082616818,-0.00118014262011575,-0.00150931511887928,-0.00213516692589647,-0.0026325600394224,-0.00291583643217254,-0.00318690791572247,-0.0033665797122737,-0.00347048700414938,-0.00356487289766446,-0.00369031368319268,-0.00386133924784966,-0.00390420200630995,-0.00385363346301026,-0.00370911219084207,-0.00355558103824923,-0.00348258167194116,-0.0035556127196196,-0.00364803337444962,-0.00375379406233026,-0.00388458149254859,-0.00390287947024157,-0.00364114587284934,-0.00333770845589397,-0.00293911190760829,-0.00250727692271736,-0.00210918698471188,-0.00164141459671707,-0.00129189198288626,-0.000996505374097572,-0.000817909313044426,-0.000694378176474663,-0.000641212069221849,-0.000512640891716792,-0.000276959419002683,-0.000106866137215439,6.11650309779027e-05,0.000257930344908609,0.000468247383432635,0.000658799351435117,0.000876672763154367,0.00123565518467718,0.00157496300286608,0.00190435353089386,0.00231306221368693,0.00275375266597908,0.00323201425950075,0.00342822961752338,0.00360452902675755,0.00361713478474031,0.00356473422790311,0.00362673882106411,0.00361025118757578,0.00345993828228994,0.00336783329920974,0.00327522660601108,0.00316952421428733,0.00300478456830132,0.00277153111837701,0.00274890504392724
-0.00468070545222074,-0.00440741275563256,-0.0039659618112849,-0.00346917160294644,-0.00299653209307574,-0.0026338132433603,-0.00237801121074265,-0.00214818273558219,-0.00185397348149299,-0.00162043889049499,-0.00148361692155523,-0.0014805192615738,-0.00145834072586738,-0.00153568748351428,-0.00165820566346823,-0.00184174626442444,-0.00209756492209188,-0.00234882173953251,-0.00238813363769196,-0.00250359251643617,-0.00252808000460413,-0.00272207600688948,-0.00294544295613926,-0.00331025587376425,-0.00385593013829298,-0.00421476592838366,-0.00453068515886677,-0.00482989701583982,-0.00506887417385902,-0.00538495380384133,-0.00574004839467179,-0.00604582920180732,-0.00627299543325563,-0.00640846077407229,-0.00653226369245987,-0.00665563839274398,-0.0067190016481446,-0.00666111746759656,-0.00638228612170428,-0.00592127797357229,-0.00543168398489727,-0.00494108964010954,-0.00434455996894091,-0.003529586769,-0.00262488588106348,-0.00182561820335862,-0.00143429090380978,-0.00106906520055021,-0.000859808445742486,-0.000807442493818734,-0.000820765926850094,-0.000967856060204917,-0.00131574211341145,-0.00202321158136809,-0.00252385139010881,-0.00295465640146216,-0.00318514855104839,-0.00327953054119098,-0.00333991713124311,-0.003454821924891,-0.00354626195833447,-0.00357030708310702,-0.00345523635050047,-0.00332625642161532,-0.00325619574359615,-0.00323172116528239,-0.00317551994587198,-0.00317389139020596,-0.00305300367482472,-0.00295138538310896,-0.00283768557285867,-0.00267324596228231,-0.00235912414271729,-0.00204032296001712,-0.001691645959335,-0.00130541044835744,-0.000910024657189586,-0.000605185617792608,-0.000400318562081017,-0.000228647215466558,-0.000136174062041543,-7.26957757073788e-05,-9.11819140219433e-05,-0.000120288533068858,-0.000204568647006629,-0.000165722150727709,-9.05661526088386e-05,2.66697714950423e-06,0.000110368557896557,0.000215960887927786,0.000336408203657331,0.000575302375276775,0.0010562230001213,0.00150716572119409,0.00189994159067533,0.00242322707558747,0.00282901589701587,0.00323036819675654,0.00353761399956912,0.0037213358258117,0.00363441641888659,0.00361433217535504,0.00356579938938625,0.00351081353549495,0.00349021735254203,0.00339253904762357,0.00321058800023511,0.00290344344819289,0.00250940542108268,0.00248516545965423
-0.00385100260968838,-0.00368501899191249,-0.00328316931270477,-0.00271018496330754,-0.00202080279066092,-0.00140405661798144,-0.000864419753932832,-0.000849131107114218,-0.00105880881309104,-0.00137554489133516,-0.00183175002951576,-0.00212255056640685,-0.00224132922665627,-0.002248660350213,-0.0023207804529202,-0.00235985989962991,-0.00241021863008954,-0.00245845463061058,-0.00247333627468847,-0.00247258738772322,-0.00250672315510667,-0.00263708376128798,-0.00276209609196564,-0.00307388232484461,-0.00333290450006899,-0.0035955272500291,-0.0037590169445603,-0.00387919457573906,-0.00403040150864044,-0.00418534282670352,-0.00428990717516149,-0.00442591400369086,-0.00457699716785615,-0.00473949024950811,-0.00492208415084722,-0.0051107357477105,-0.00515716824209618,-0.00518154339212126,-0.0052278849609237,-0.0049051877907135,-0.00430815615622017,-0.00370030400822691,-0.00288820416038344,-0.002046335385594,-0.0013138865180733,-0.00097317482012171,-0.00079278368716185,-0.000622398794941556,-0.00041159957168836,-0.000365209705055958,-0.000447886243404334,-0.000653329428347179,-0.00111121186860218,-0.00165664229359705,-0.00214246889941812,-0.00266881774669832,-0.00299570840344759,-0.00322375627853027,-0.00340511596673534,-0.00354604987949389,-0.00364529811334522,-0.00366119447544931,-0.00352616171396035,-0.00331495260106044,-0.00316588485439473,-0.00302407294013162,-0.002850975618266,-0.00266911442846997,-0.00248753558480374,-0.00225000862224263,-0.00197570619858098,-0.00164162447102033,-0.00120716426311932,-0.000835820503388396,-0.000439542278865271,-5.55111362943903e-05,0.000267828429564971,0.000454659524154209,0.000555744301295369,0.000569069848239597,0.000557303234823819,0.000522436296368673,0.000440570625111512,0.000295944824198037,-4.96174820890948e-06,-0.000217095559159002,-0.000257770126973633,-0.000286253634989259,-0.00032706270302526,-0.000347247059092625,-0.000320241464725112,-0.000241341031371697,1.08631256365472e-05,0.000421540354181029,0.000859187362336003,0.00129559151713548,0.00180412232642895,0.00229013463175669,0.00245917072732173,0.00256321861922483,0.0026636411405531,0.00264475564212039,0.00271799327166065,0.00276373338037335,0.00279709916736688,0.00274639254078321,0.00259891589730946,0.00235718116586001,0.0020339378256763,0.00200641170405432
-0.00313580658449915,-0.00296393289235182,-0.00264914469087619,-0.0022756321910707,-0.00192947993976919,-0.00170310825874979,-0.00153597666936876,-0.00148972416787628,-0.00167744263120416,-0.00219783021177054,-0.00293931707969575,-0.00346389122842637,-0.00362553029606781,-0.00369980419492365,-0.0032266803595575,-0.00276271671807725,-0.00259030333825685,-0.0025359629681551,-0.0024407449681443,-0.00232347391446059,-0.00236389464397249,-0.00246868488846158,-0.00245641837338841,-0.00246658659475856,-0.002569951857166,-0.00269635265691228,-0.00273519712281428,-0.00271349757889021,-0.00272055015759372,-0.00270695512470614,-0.00272466168304543,-0.00276269383566565,-0.00281653553574934,-0.00284863409322111,-0.00286628602766784,-0.00292570529332619,-0.00305399834756091,-0.0031596420899348,-0.00334625135676786,-0.00339249777591227,-0.00301145213738763,-0.00203928780046249,-0.00117610974722326,-0.000498476296814354,-0.000130543318599513,8.76132618921082e-06,7.73802005556127e-05,0.000134999704135643,0.000171694109107773,0.000226524875953283,0.00010342121636122,-0.000308365490339352,-0.000947192160230531,-0.00159163427663144,-0.00216686719739632,-0.00265365700422508,-0.00300531440502182,-0.00327963119704699,-0.00353693616847268,-0.00374044485136037,-0.00384593277895017,-0.00386965326137011,-0.00378106191153622,-0.00358162057883172,-0.00318147481967413,-0.00284478266355197,-0.00256188429799461,-0.00226751649652319,-0.00198094430759173,-0.00168152997291835,-0.00134182130458591,-0.00095511171087485,-0.000480312012032879,-5.93822404711754e-06,0.000404813075807741,0.000841983411718898,0.0010982378949222,0.00120914706169801,0.00120372120394862,0.0011313245681191,0.00104145812297002,0.000946199797446746,0.000794164832360045,0.000563997558757729,0.000181782330887741,-0.000263819857568988,-0.000573212662476721,-0.000814945368413584,-0.00102320248889985,-0.00113346639233093,-0.00121917727550547,-0.00112637752768479,-0.000934542691736715,-0.000644036647767749,-0.000343401433910382,-1.37753969885787e-05,0.000436755074891082,0.00095586346255932,0.00139384493495217,0.00172150411140741,0.00193503828375087,0.00210211706116563,0.00221244490580799,0.00226746063659157,0.00229426657798458,0.00229628853834249,0.00222540671314689,0.00206547775608289,0.00177915594945512,0.00174921554061958
-0.00262092587163797,-0.00261230315377397,-0.00258803921405317,-0.00253751366659479,-0.00246947195031401,-0.00241613938145878,-0.00245496479988352,-0.00262812310287431,-0.00295416080353825,-0.00334422142866267,-0.00374536973479329,-0.00409549861551703,-0.00414792627224279,-0.00397888754716847,-0.00363261527816116,-0.00324743470349041,-0.00287569179435904,-0.00262324273211305,-0.00242925405091633,-0.00235687994638867,-0.00231619826228292,-0.00231530735469112,-0.00226941134708087,-0.00220088636118721,-0.00208906464329395,-0.00195767657251374,-0.00187201111345882,-0.00179564984014257,-0.00176860711910629,-0.00177233834916641,-0.0017841490121964,-0.00185034916483526,-0.00187509955467106,-0.00191600081406129,-0.00195177578640955,-0.00202035557715933,-0.00199752900560011,-0.00195767903371074,-0.00188586235150421,-0.00189881288367986,-0.00159945792989362,-0.000575173659964026,0.000234706921122557,0.000658028655151798,0.000856093510798297,0.000945720714808603,0.000964516997336063,0.000928386666743886,0.000875625546484454,0.000920909825874596,0.000928252073306403,0.000435151364713659,-0.000382486762716607,-0.00124233258429735,-0.00209375618854399,-0.00271631487676182,-0.00315104414485543,-0.00350008310933473,-0.00376654709991126,-0.00394725699349122,-0.00401823648956842,-0.00393980887719722,-0.00376204547566883,-0.00360248576169765,-0.00342412945945957,-0.00293711099121226,-0.00250620732124851,-0.00215920557478025,-0.00179481206274902,-0.00140708576000122,-0.00096612837044386,-0.000464130648020388,0.000101491274518621,0.000817875541804494,0.00137732212056774,0.00160667337271178,0.00178459672184906,0.00177078416298444,0.00174982335348838,0.00162815650938357,0.00150544705132275,0.00133607796964539,0.00108835750205231,0.000722725149839019,0.0001445146924431,-0.000431796247627687,-0.000889596090974961,-0.00128568381088319,-0.00159832696523961,-0.00188045589244974,-0.00193633356068332,-0.00186233580084611,-0.00165310555076777,-0.00138024045351682,-0.00112869846770833,-0.000802993833643904,-0.000422013119269679,3.0918900643132e-05,0.000425924136235993,0.00076591934286435,0.00104891188066231,0.00126142299664082,0.00145507534722395,0.00160186624256705,0.00170673362734231,0.00174838335671689,0.00177505564599248,0.00169644538905724,0.00145917998248247,0.00142877811441163
-0.00234513166313056,-0.00251344449858225,-0.00263783914168064,-0.00272305382093056,-0.00277709109924367,-0.00282405301081561,-0.00291019164094523,-0.00302043890686093,-0.00315815968487585,-0.003370784205509,-0.00354021508213982,-0.00371908681034031,-0.00374913727843633,-0.00372706074624642,-0.0035687415529964,-0.00331213564053061,-0.00312698439520907,-0.00292686398533555,-0.00271620924606567,-0.0025495342746442,-0.00240190739778267,-0.00229804696498954,-0.00219224650729918,-0.00207599916727529,-0.0019508817222241,-0.00178621798301319,-0.00159715574334014,-0.00145249104083523,-0.00141183098352398,-0.00143549047690744,-0.00145141462781413,-0.00149437404153819,-0.00153262328448461,-0.00158357840390276,-0.00162744928325657,-0.00166073100023989,-0.00162496261421125,-0.0014873673625344,-0.0012789606317615,-0.0010484624225408,-0.000665154307555392,0.000114863021751346,0.000692359732550173,0.00104371152343409,0.00126813114877629,0.00136872138938625,0.00132826754981082,0.00124932566604621,0.00116124663569237,0.00110115633258219,0.001178158066144,0.000898964782406777,0.00026092985672224,-0.00061681053521146,-0.00169172169345154,-0.00264394257609561,-0.00329046328148975,-0.00362585854072139,-0.0038977354800448,-0.0041130462789566,-0.00412875654367471,-0.00390493072294943,-0.00354303412576635,-0.0032319229611722,-0.00306247219549276,-0.00284164833476234,-0.0025099112951007,-0.00198266531390358,-0.00146036422807992,-0.000937004579709567,-0.000402992953388299,0.000183055783055059,0.000881925628887828,0.00154981172048058,0.00191487501907971,0.00215020787445218,0.00232803359136784,0.00232705168746581,0.0023322898294608,0.00220587192339548,0.00203512976827743,0.00179398571188942,0.00143006350995287,0.000778018422630982,7.27768935333216e-05,-0.000453419159000374,-0.000909055524299706,-0.00126185464117132,-0.00157615977258858,-0.00181814855007641,-0.00208861780834469,-0.0019594537155465,-0.00181494295592184,-0.00164058194185128,-0.00148564555549045,-0.00129159527702453,-0.00100376456247942,-0.000571723369232682,-7.87108352111724e-05,0.000257866813846901,0.000522898283009374,0.00074483824044986,0.000923692988951755,0.00106739446859738,0.00117365121523703,0.00126280526221727,0.00129843724967135,0.00132792746022446,0.00125033693243016,0.00122233868074367
-0.00166609378195467,-0.00205188132279805,-0.00241164566250253,-0.00274767674946677,-0.00307831554674175,-0.00338304553773651,-0.0036375944371793,-0.00381209111465019,-0.00396964840057693,-0.00398447750644661,-0.00400286644710015,-0.00403456293385733,-0.00398052543137912,-0.00384213956309067,-0.00358700951302376,-0.00343537206357464,-0.00335792064407988,-0.00320808014665418,-0.00298746418355495,-0.00278978854658286,-0.002626874185296,-0.0024579643536285,-0.00231054749759822,-0.00219795482631808,-0.00208583607433816,-0.00196846401790893,-0.00180931725413336,-0.00167418306733464,-0.00158908232286627,-0.00152591825264182,-0.00149293454102269,-0.00149947977144791,-0.00153414678342096,-0.00156754864772733,-0.00155867414680389,-0.00149391191790005,-0.00139505356150759,-0.00127349555069351,-0.00109522400078763,-0.000861775813502454,-0.00052518205310081,-0.000163028486479451,0.00023251152184399,0.000566014891502977,0.000802403995455652,0.00102188958077454,0.0010973448850395,0.00114270245232524,0.00114047016904404,0.00122160457680854,0.00138486486595819,0.00117330141010386,0.000539198714652438,-0.00024519324708257,-0.0012015988896236,-0.002124873134809,-0.00299611435320114,-0.0035204638260528,-0.00371333158920509,-0.00392757540218422,-0.00400864027197065,-0.00363846476256516,-0.00292863806796641,-0.00244224629138792,-0.00221680327495927,-0.00204417308096707,-0.00181652005868936,-0.00142387431305435,-0.000816652478891096,-0.0002354443814474,0.000305779351119003,0.000842741254282429,0.00134460648189239,0.00146769992184322,0.00162855636620122,0.00186420505573445,0.00204821111914535,0.00224096124370622,0.00243902092764557,0.00245559563395553,0.0023603746843281,0.0021407130423581,0.00173022521360891,0.00120116108062379,0.000660391552515261,5.62856490822104e-05,-0.000386056381775355,-0.000796076571993983,-0.0011170884312481,-0.00148826173349819,-0.00161684375566214,-0.00159610122454864,-0.00130232370674601,-0.00121129728712006,-0.0011491017275237,-0.000994161524907603,-0.000813722793584217,-0.000538660142108561,-0.000246713522507772,7.11124194907172e-05,0.00040650295229381,0.000667339721571708,0.000846681677767303,0.00097776089104866,0.00103789646980978,0.00107352419116963,0.00108268545482176,0.00106097793337387,0.000997548586809571,0.000971727757638706
-0.000670757237362742,-0.00123359726971304,-0.00181047612081713,-0.00238779635616709,-0.00297824910057447,-0.00350454703791583,-0.00394258592977068,-0.00427317630049494,-0.00452562594423503,-0.0046650239525441,-0.00469334754199167,-0.00462776549292641,-0.00450856463796973,-0.00428495003987463,-0.00404725123357289,-0.00395567721719269,-0.00380956755830606,-0.00369369722436589,-0.00342241853086117,-0.00316949156940791,-0.00296356869689609,-0.00280620962304769,-0.00266676031129625,-0.00255093973795485,-0.00245107787782671,-0.00236407456938778,-0.00229501201462269,-0.00226005578854336,-0.00226435509241868,-0.0022577864102715,-0.00221653397995666,-0.00215465903314274,-0.00205752073628071,-0.0018942054234024,-0.00177311038659438,-0.00174719541011678,-0.00169434020990866,-0.00167372949670936,-0.00155060593004607,-0.00134254777510154,-0.001161639259992,-0.000893600981675652,-0.000563502858292958,-0.000281007539551323,-3.48642888617981e-05,0.000177856497611937,0.000420447255984372,0.000766412940088228,0.000968213631593239,0.00122888492158003,0.00141924352041055,0.00101689582696205,0.000518085179049956,-2.83654372225956e-05,-0.000600953188739983,-0.00128150143984094,-0.00215360966661791,-0.00303500927911338,-0.00356520470427131,-0.00369607112325356,-0.00334943297274814,-0.00275079883840832,-0.00202180542367398,-0.00151124098113876,-0.00127904329607178,-0.00110150769526933,-0.000930510165374771,-0.000699086515054945,-0.000376831870481792,3.56793256337303e-05,0.000287722584398378,0.000443283354927433,0.000607337231915092,0.000780589631699812,0.00096896388905526,0.00117941589153022,0.00141724334254783,0.00169093485791418,0.00203737932485883,0.00221847542201209,0.00212018688048412,0.00198380089559191,0.00180184862862052,0.00153870734352211,0.00127508367153962,0.000960014443831682,0.0006645904554113,0.000388550537359583,0.000259884464391555,-0.000120452530747005,-0.000148921827760346,-0.000193644192988589,-2.12659357183139e-05,2.1153203730675e-05,5.63525164468384e-05,0.000107574602983425,0.000177046568744276,0.000253036051100109,0.000389459235336228,0.000551921384057629,0.000699893909797461,0.000793407769214361,0.000830848836104082,0.000873772623631135,0.000906727053331348,0.000918204362677264,0.000915316253333093,0.000863795533517878,0.000727908456660637,0.000704667310966512
-0.000258840895317074,-0.000711503887375661,-0.00124526359559798,-0.00186490087170497,-0.00253618027275665,-0.00323180469559475,-0.00381474650289306,-0.0042728499607175,-0.0046034432377556,-0.00488128353111591,-0.00501270957923383,-0.0049728816930464,-0.00479354020036246,-0.00450328788571138,-0.00437689578944234,-0.00429516084603233,-0.00421544769892031,-0.00404608338731289,-0.00377287073427399,-0.00349332970133412,-0.0032969620010321,-0.00316619559747958,-0.00309471178499583,-0.0030031220111187,-0.00293437914851106,-0.00287971027118152,-0.00286008275671885,-0.00288411777975489,-0.00292568581121938,-0.00297913447164706,-0.00303659620433391,-0.00309227578412184,-0.00310920056033434,-0.00314687129492112,-0.00313998223578845,-0.00314462469792292,-0.00318000156898931,-0.00314753336584568,-0.00287061200513096,-0.00253003223257144,-0.00217847917198215,-0.00187374401384175,-0.001514111893543,-0.00108380432771099,-0.000708549970857654,-0.000398371244025301,-0.000103893352486409,0.000336233821707659,0.000983519516085079,0.00148921789100914,0.00138364012041151,0.00101113397425669,0.000667214774409733,0.000210752752873911,-0.000330868495956985,-0.000864283518781654,-0.00144497618940745,-0.00208614245751817,-0.00239540467445459,-0.00220655754542174,-0.00193843462633226,-0.00160960351201936,-0.00119408934187415,-0.000854802663898647,-0.000708280476405971,-0.000730121918077766,-0.000720857093752404,-0.000740170041699104,-0.000731965060247747,-0.000727928562332239,-0.000603262529689004,-0.000484489424941551,-0.00013662874363481,0.000167169516766465,0.000412113139280221,0.00064533495796116,0.000886608625653554,0.00109759331366455,0.00135934943936205,0.00167093205380331,0.00186512255999048,0.00190660740529921,0.00185863564790105,0.00176472908863581,0.00163869467444214,0.0014308458201866,0.00126000337312746,0.00117566061849089,0.00112138773203931,0.00106577872762259,0.000981188200182939,0.000900339160651863,0.000915246583326489,0.000848686436414605,0.000798462480460041,0.000695418905124168,0.000716010618602088,0.000727118316549227,0.000822117961820223,0.000945710051972362,0.000981821066744526,0.000962556105341985,0.00092596851126666,0.000861907411269274,0.000821517260854793,0.000821529954188448,0.000756666974455623,0.000616946222081742,0.000395280159100057,0.000374073735920237
-9.39776979002292e-06,-0.000434685336146694,-0.000881657770530876,-0.00154623872132409,-0.00218025531150903,-0.00282409330483879,-0.00357917389959998,-0.00412156599615815,-0.00450538412802914,-0.00497967748641788,-0.00525191930171294,-0.0055552594480944,-0.00546435858924432,-0.00500645504348641,-0.00471132425894386,-0.00450470721543499,-0.00433989426197086,-0.00411406015787928,-0.00383065846050455,-0.00359764540877217,-0.00339407579201546,-0.00335922497192418,-0.00332315369731148,-0.00328181342096877,-0.00325245633743499,-0.00324001921841447,-0.00326228947463159,-0.00331305084244845,-0.00338106528965797,-0.00347625230648421,-0.00359355709638588,-0.0037334140468635,-0.00389668475207275,-0.004066542758562,-0.00428469457745085,-0.00455949232759955,-0.0046483180115429,-0.00465212875334127,-0.00446649118058615,-0.00392602607616548,-0.00346012298473981,-0.00287144633240152,-0.00227946334033372,-0.00178555777273893,-0.00131973566736443,-0.000904861015329581,-0.000482340726643074,0.00010027074045045,0.00108542599341638,0.00138504066613168,0.00140692550268233,0.00122923212101672,0.000964545247993266,0.000624929329490277,0.000235026098200407,-0.000134935808116366,-0.000446924140637894,-0.000779021857561382,-0.000933514018839931,-0.000933697627132085,-0.000918234033977063,-0.000876237488798668,-0.000740199485310462,-0.000719546280763726,-0.000873672056850236,-0.00103668104917612,-0.00109974678222181,-0.00116033298722582,-0.00120440222017831,-0.00126855192205905,-0.00128187357022328,-0.00119663731093342,-0.000947777383316616,-0.000604830755095487,-0.000293948753904556,-2.27253651206129e-05,0.000233716473511371,0.000470330339880484,0.000759937457949599,0.00110289202724168,0.00148199600649041,0.00181330824485779,0.00191082167496716,0.00192254512041251,0.00178878469942816,0.00164986305879283,0.00148366109145581,0.00135101032694122,0.00125616357678319,0.00123189725893064,0.0012049486492754,0.00107264309090464,0.000930345411535595,0.000866526768848564,0.000874790156519941,0.000993902599543487,0.00115324424483483,0.00133718310510285,0.00159623533062977,0.00158626078499959,0.00153683679219618,0.00150814702963641,0.0014557950816349,0.00133230658242146,0.00117642393028062,0.00111246147229405,0.000953529521129703,0.000739820996608631,0.000488411623743107,0.000468601048822292
0.00121413289641955,0.000846829019335856,0.000338908499860294,-0.000231551732287262,-0.000774818779079464,-0.00174600319068632,-0.00290759304274106,-0.00370182923225955,-0.00434234470875324,-0.00490601144124283,-0.00532524946620306,-0.00559412497438382,-0.00566219705504161,-0.00553762315155561,-0.00506824120915544,-0.00477735382700409,-0.00449994851048919,-0.00418404781760843,-0.00381708194501747,-0.00351053895784211,-0.00330704105400352,-0.00318819798259689,-0.00320009327783302,-0.00319813121836958,-0.0032507996137759,-0.00327135277048184,-0.00336752205538183,-0.00345217024450806,-0.00355647624204375,-0.00368831389692407,-0.00383777235106796,-0.00400849741879656,-0.00428433772699039,-0.00451459665017668,-0.00473918593150033,-0.00496783024621974,-0.00517559476738519,-0.0051636075279603,-0.00503243317842754,-0.00487073932759177,-0.00445066354764517,-0.00382799928350914,-0.0033161843887932,-0.00269586606220217,-0.00201642154589653,-0.00145500847978804,-0.000791843176750231,-0.000138047582200312,0.000671057155235851,0.00126345479690467,0.00138189789872992,0.00133391345715155,0.00122807868702069,0.00111712151030257,0.000913345865173686,0.000748008092157052,0.000493704489594911,0.000149360430083401,-8.11088407991038e-05,-9.38030916156039e-05,-7.00297826699246e-05,-5.4368830277843e-05,-0.000100081634388922,-0.000333205672986931,-0.000636464992924549,-0.000867530272915997,-0.00108244087062434,-0.00130863517808255,-0.00153639170631123,-0.00171866893670593,-0.00187440625224728,-0.00185815507514057,-0.00171292703714138,-0.00163387081864605,-0.00149375501416757,-0.00127122581238136,-0.00095613312451436,-0.000526883807662406,-4.37012630354651e-05,0.000468698878286623,0.00097118567625535,0.00146629099697349,0.00165932585313927,0.00170690744219212,0.00163414325427934,0.00146710619450473,0.00121744442143048,0.00104291260522035,0.000918178306402728,0.000844495182708006,0.000790000381463644,0.000566841989390689,0.000432091507161425,0.000584707532111702,0.000869411031231053,0.00120161491367091,0.00145329720320935,0.0018358308125024,0.00260747582429079,0.00293990352437328,0.00282958687149585,0.00279980752985829,0.00266185389172436,0.00254894122348599,0.00233164215995044,0.00202381669866288,0.00169495648104789,0.00137931887841374,0.00108865238824118,0.00106871093188803
0.00325561460038213,0.00256846616004637,0.00192323752424615,0.00117250951748453,0.000311137504985529,-0.000363932698100575,-0.00149768055261722,-0.00264785960461877,-0.00380347617979222,-0.00479809239482835,-0.00543671319103746,-0.00585370046057293,-0.0060174419327597,-0.0056925916587025,-0.00511770932261481,-0.00469885696509388,-0.00441069873388248,-0.0041431633987934,-0.00387254351211532,-0.0035824919440852,-0.00333094108115882,-0.00311476872650484,-0.00293019503634633,-0.00283573181417241,-0.00290017764621899,-0.00305126488583285,-0.00313858704505907,-0.00330757735909262,-0.00342501536583823,-0.0035572498678053,-0.00371890192794726,-0.00392559568446877,-0.00416489343238302,-0.00441945127476387,-0.0046631870786194,-0.00485788967357953,-0.00509975921137053,-0.0052427959880696,-0.00520910869692468,-0.00505154606744803,-0.00483939231469752,-0.00440700729521771,-0.00377279476897721,-0.00299394462325015,-0.0022646987601537,-0.00165596533955928,-0.00107848000902471,-0.000542139013143732,-4.60781730989902e-05,0.000562564366643953,0.00102743607438141,0.00132203633591175,0.00144349402363354,0.00149041846264522,0.00144769000531947,0.00125924051329954,0.000973229654198743,0.000643513389795486,0.000452929164623028,0.000460836741139311,0.000499265796018987,0.000517427584751692,0.000346007256194116,3.1270291187593e-05,-0.000400873661372027,-0.000887555600210974,-0.00133968482639881,-0.00175136760952611,-0.00211620605643427,-0.00241007614485392,-0.00264211356631517,-0.00279615652070971,-0.00279671831626493,-0.00271030731792112,-0.00256664123012032,-0.00233628250014367,-0.00200233207769855,-0.00154650865472415,-0.000975615667436827,-0.000295724962357279,0.000386906912421401,0.00081377590894626,0.00108641070939581,0.00116495406384507,0.00105943369487008,0.000901912306256453,0.000641350634037753,0.000312676678643767,1.81503287447031e-05,-0.000317595381273345,-0.000862745942639746,-0.0012109679324113,-0.00119550289797001,-0.000982753535247438,-0.000654129929501677,-0.000184911863573157,0.000593845363146866,0.00171887120054709,0.00291773467957713,0.00346955081612266,0.00384775343089235,0.00388202241497392,0.00378563126519688,0.00332985280137644,0.00294752117341793,0.00256471247126788,0.00218108928834385,0.00177346819887169,0.0013795708412301,0.00135905177130517
0.000423522558461613,0.000871443440691851,0.000610293307422571,-0.000224237194421217,-0.00121107156355671,-0.00209934574268154,-0.00302445864966198,-0.00382605138494299,-0.00461250008647132,-0.00530639215412096,-0.00577796275969919,-0.00596192453259124,-0.00574809264557354,-0.00523449405467819,-0.00471318261467586,-0.00433653599036881,-0.00408548157741797,-0.00385082060827596,-0.00361874595880368,-0.00338364988260952,-0.00316643302014897,-0.0030037871413323,-0.00293344299330429,-0.00285839839667892,-0.00278742367993829,-0.00273815014269599,-0.00273382115102702,-0.00288449028340452,-0.00303808727961512,-0.00318531019634955,-0.00332390149846041,-0.00350194071039117,-0.0036947054998713,-0.00390650878842238,-0.0041298891475933,-0.00438643522446314,-0.00455739080353642,-0.00471156586936026,-0.00471448046174118,-0.00460287809361258,-0.0044308581477524,-0.00411029374627175,-0.00373081173885739,-0.00314965535851304,-0.0025852815647373,-0.00193282132924218,-0.00120891653809352,-0.000627760211244392,-0.000294327009646874,-1.24085770055252e-06,0.00047456499031325,0.000906268242703566,0.00109343827144331,0.0011420774218163,0.00107833412069708,0.00094911041424668,0.000830554192283943,0.000799650255766142,0.000773173369561746,0.00069764345705063,0.00057904633496568,0.00039532797267232,7.62908739515402e-05,-0.00042151047703351,-0.00103633829591441,-0.00151774693918916,-0.00190081289264879,-0.002260002847534,-0.00257733059384752,-0.00289222950946867,-0.00307414892447039,-0.00316056489446083,-0.00322857020267809,-0.00312466685387999,-0.00291486361545589,-0.00267291719961632,-0.0023811879517235,-0.00197781255767906,-0.00146870824100358,-0.000956804910054345,-0.000500433459450922,-7.87461509891519e-05,0.000337682881927273,0.000600583416110682,0.000573276165511536,0.000317404610738309,-6.27767843693261e-05,-0.000577431110095636,-0.00115107545409705,-0.00191848715761122,-0.00257537830093752,-0.00299139140936764,-0.00325065665203901,-0.00328649902616149,-0.0027623999899261,-0.00236430424214073,-0.00140804691711372,0.000120725168153301,0.00136788113073174,0.0020537104424736,0.00253955149420325,0.00290072049398492,0.00299531705808828,0.00323931987019186,0.00300685397952572,0.00226372593160874,0.0013214630032321,0.00058267225089783,3.71416222265664e-05,1.66090098969243e-05
-5.31591520699787e-05,-0.000475001120326862,-0.00116701342082418,-0.00198934506427828,-0.00277043438645985,-0.00338001313460456,-0.00388411673129992,-0.00430227538496269,-0.00463031000501746,-0.00488794064381029,-0.00504316041102099,-0.00503477016897399,-0.00489243984108258,-0.00456930860561882,-0.00415582070428927,-0.00390268688993585,-0.00370087309846343,-0.0034683902117695,-0.00320088870393821,-0.00297517835340101,-0.00278822525408259,-0.00268473414457364,-0.0026491040797568,-0.00259792576329369,-0.00254775446435913,-0.00250626872204554,-0.00246346184083219,-0.00243286560814181,-0.00243674744886828,-0.00247989945196183,-0.00258413376409095,-0.00269854946690687,-0.00281196125418907,-0.0029583022849036,-0.00314495749264716,-0.00336055167576337,-0.00354631499730429,-0.00370787256428421,-0.00375101144658677,-0.00365582722301049,-0.00343560275214982,-0.00313475616215302,-0.0028007106329648,-0.00243187842161647,-0.00205548786470946,-0.00161471983136854,-0.00129435551336076,-0.00101601513940088,-0.00077924157241591,-0.000520626463399489,-0.000273544633810142,-3.55305003329233e-05,0.000233689537352167,0.000220096264058076,-4.3494173652941e-05,-0.000217821069003689,-0.000174297609472191,-4.87268450535669e-05,1.41171020352944e-05,-0.000154665583061531,-0.000578268388276263,-0.000870870559441109,-0.00123132959504685,-0.00157725330743438,-0.00190112998091118,-0.00220355913129975,-0.00240943371962226,-0.00256089512426934,-0.00269962493583114,-0.00282026446595277,-0.0028871760164273,-0.00290221246306465,-0.00275873447678019,-0.00264702712164957,-0.00245417951234491,-0.00217616855370183,-0.00182285889823994,-0.00145068059842708,-0.00108816305731726,-0.000758682577437173,-0.000466311640780457,-0.000329639603732891,-0.000110986291738509,7.21124322793261e-05,-6.22133112002446e-05,-0.000451147953509819,-0.00102827885604105,-0.00169221390342868,-0.00255883660684974,-0.00309730267931223,-0.00365561461970931,-0.00390455121326203,-0.00409808281951154,-0.00395522775223703,-0.00332068100096205,-0.00257906530530399,-0.00158049911755582,-0.000677839955430561,3.59910493825388e-05,0.000677106414888412,0.00121111079710277,0.00146659661874817,0.00148613622357723,0.00133061339726252,0.00100170964783082,0.000531443196183444,-0.000104086157936892,-0.000794481972040611,-0.00129093933130481,-0.0013107260053681
-0.000801171031931946,-0.00136827616659835,-0.00200932538265956,-0.00258785179491455,-0.00308279521294717,-0.0035121144595021,-0.00385844423397433,-0.00397374010114336,-0.00422792122712667,-0.00427286839030311,-0.00436643486121764,-0.00422992600957253,-0.00413528600081539,-0.00387227321151009,-0.00359172247041073,-0.00341589328169423,-0.00326260165914151,-0.00301357605653933,-0.00271101053455257,-0.00249316513400822,-0.00230623163037204,-0.00221628765156871,-0.00215593006971211,-0.00210155873186083,-0.0020509626162271,-0.00200103547015542,-0.00194448290400939,-0.00187549778126375,-0.00181350063048617,-0.00174656095714488,-0.0016932235368178,-0.00164888351525713,-0.00162757887462628,-0.00163584522344365,-0.00168119933724476,-0.00173086323527411,-0.00179414644196185,-0.00197633552020088,-0.00192969970877172,-0.00185031404237921,-0.00177981767502579,-0.00169349787514342,-0.00159475231678314,-0.00147567805173877,-0.00138288586180077,-0.0012015158909305,-0.00102237500686447,-0.000860783577331783,-0.00069440532205442,-0.000584891632544965,-0.000547828658787646,-0.000577497377140142,-0.000770051370602565,-0.00130096424432959,-0.00166651449115203,-0.00160736383756696,-0.00147256926364785,-0.00136700753685427,-0.0013575489127398,-0.00118073131382851,-0.00119886236313634,-0.00176665636189638,-0.00184290174634345,-0.00186053775748581,-0.00199101052783894,-0.00212349452343779,-0.0022198857670482,-0.00226079516162853,-0.00230429503658665,-0.00228962435869101,-0.00215704441402436,-0.00189492319198437,-0.00170818105660333,-0.00149558679333907,-0.00126732052887809,-0.000930342580102295,-0.000700900484942648,-0.000439490564036722,-0.00019022972528732,5.92467607868456e-05,0.000240144534017774,0.000332219642338726,0.000347516966290017,0.0003025999725349,9.68533374544438e-05,-0.000322285755446378,-0.000850684800455248,-0.00136054502320156,-0.00185625012048273,-0.00287130632428006,-0.00341629506568021,-0.00360712572171656,-0.00339270886348238,-0.00314876325184914,-0.00282085348993164,-0.00233971030617979,-0.00153839181317626,-0.000973996792118521,-0.000467061780635214,5.48040702831737e-05,-1.74191302707016e-05,0.000165719923106308,0.00020694645128469,0.000102546902960989,-0.000143352413515166,-0.000506008507014212,-0.000979236065278159,-0.00151803220284821,-0.00188654992321707,-0.00190592971126186
-0.00150825225597992,-0.00192807340872979,-0.00229648779469178,-0.00259045385688868,-0.0028304885311751,-0.00295391298055532,-0.00311201353006156,-0.00308492136745413,-0.00313055125776708,-0.00319941851660678,-0.00319415919525698,-0.00318021616135378,-0.00315693137087945,-0.00296234746008396,-0.00276307510638751,-0.00270167071355933,-0.00261770888722677,-0.00254307012854503,-0.00233859002457716,-0.00218118520109356,-0.00206482098059908,-0.00195145488731132,-0.00184469310160905,-0.00173575903168598,-0.00167014186928022,-0.00159503340644783,-0.0015007101847515,-0.00138772285822483,-0.00125905696699114,-0.00114099674495329,-0.00104851016875287,-0.0009528840126251,-0.000865854825455238,-0.00077061580195518,-0.000687560545712881,-0.000621575150016892,-0.000570685676875758,-0.000530012689623015,-0.00050207260694795,-0.000486043340220473,-0.000491686913193575,-0.000520481683175166,-0.000536682425174899,-0.000539751205784337,-0.000523373571455679,-0.000512961170596946,-0.00050074131690328,-0.000509820300874535,-0.000519961935004367,-0.000562979059695809,-0.000712500592536294,-0.000941351634707951,-0.00125252066023279,-0.00147076182386512,-0.00174475756002774,-0.00174064259444971,-0.00163193852299341,-0.00153569460596836,-0.00165356558463191,-0.00165043462087794,-0.00161417356399473,-0.00168540315048851,-0.00175229760492515,-0.00158598878134622,-0.00145881041012754,-0.00146669562343866,-0.00151632366759974,-0.00152398012330875,-0.00145119006590677,-0.00131970075768251,-0.00114188504570439,-0.000939403097791549,-0.000698570087698242,-0.000447791930167346,-0.000253803285834577,-8.75358513123606e-05,8.86204150728626e-05,0.000294028312403872,0.00053284572541866,0.000750231950116507,0.000911979832149429,0.000967128784767225,0.000873413053650367,0.000686768358442336,0.000457228947779829,0.000222039209806277,7.76587733248776e-06,-0.000250467550495258,-0.000541895801448374,-0.00104436412270522,-0.00173320252423624,-0.00222756116179996,-0.00236035467091786,-0.00222077238666104,-0.00201804257935447,-0.0017044408548353,-0.00107067954230398,-0.000761761823429991,-0.000616108675129054,-0.000649808566264481,-0.000718275282438563,-0.000843779011444237,-0.00106165742788167,-0.00136692519118804,-0.0015083782629042,-0.00203203358079436,-0.00249068533253208,-0.00243726557065649,-0.00232000525102849,-0.00233870901994424
-0.00122390058876454,-0.00151477837493041,-0.00175222470818001,-0.00187090067012008,-0.00192939443348,-0.00208605983902112,-0.0021958291563722,-0.00222956664556866,-0.00223140194610678,-0.0021997655283277,-0.00211346806037472,-0.00195880398135895,-0.00171587935796002,-0.00145751294446481,-0.00157017841745957,-0.00181368814994089,-0.00194316346665798,-0.00204563600740353,-0.00211849887114852,-0.00211280674088893,-0.00197537610400269,-0.00186171517974795,-0.00174838766253628,-0.00158161027436221,-0.00139307473160249,-0.00122836308356641,-0.00108472976562491,-0.000957519283792436,-0.000841173125210284,-0.000714920804640237,-0.000580323146604347,-0.000436005601918595,-0.000297781649009971,-0.000167022223917348,-5.54053155937366e-05,2.81297115467365e-05,8.17979635190135e-05,0.000102804713994121,9.7729489192136e-05,0.000103389123397224,0.000101636593788175,0.000136753044528653,0.000141215784308828,0.000172155519811418,0.000102423144621723,3.74159480133092e-05,-5.13653856193778e-05,-0.000185359518769685,-0.000355344999114829,-0.000568294329659312,-0.000790119390320174,-0.000947353107343202,-0.00107069709879248,-0.00121705895733215,-0.00121873413883182,-0.00113318781334395,-0.0010866417702095,-0.00110470159600408,-0.0011339263796182,-0.00111156126892569,-0.00108993369538478,-0.00108663571292803,-0.00107287214530059,-0.000900568458035864,-0.000765950851109316,-0.000635079409264883,-0.000574331167127854,-0.000497336291689868,-0.000345908603168363,-0.000185344498472232,-1.50645101480822e-05,0.000163822280299805,0.000333803264414626,0.000462918283222584,0.00058301233512395,0.000637821008156354,0.0007249653479625,0.000836432872962541,0.000966558223325732,0.00106910600779116,0.00113629731082172,0.00110246451749368,0.00100890625560834,0.000890893574850539,0.000783653808660776,0.000699433614419766,0.000589739860602586,0.000493906931747785,0.000341838010663394,0.000129410638240721,-8.59481142252774e-05,-0.000336344918381901,-0.000599073647122861,-0.000700491793275804,-0.000620067009758765,-0.000592036136480512,-0.000436758213535421,-0.000235248756110529,-0.000285648618244511,-0.000411587882722372,-0.000589035584028313,-0.000774801332492282,-0.00116261212076562,-0.00174145804383322,-0.00207239555663663,-0.00227508318716317,-0.00230923815344687,-0.00217862486824387,-0.00188290476979544,-0.0019022348676293
-0.00118547222719803,-0.00137055020796295,-0.00147804732940415,-0.00154885276843864,-0.00158753708549841,-0.00159343176243545,-0.00157260854151847,-0.0015248191093028,-0.00145472692088462,-0.00130745211331101,-0.000977804251030237,-0.000647410589666962,-0.000384564320797084,-0.000251680526533009,-0.00029118354436436,-0.000965205543077149,-0.00146126467188844,-0.00176566286003239,-0.00206291935445751,-0.00225511872502303,-0.00244724853392964,-0.00226549470824521,-0.00209196653031063,-0.00187394856176353,-0.0015745663128885,-0.0012588538910086,-0.000973708310077596,-0.000734615066092065,-0.000511810388096778,-0.00031426468366055,-0.000116232384578526,8.58054128978873e-05,0.000242838390906792,0.000345753399729422,0.000409212723798392,0.000459955896077505,0.000489914487428725,0.000502028908614421,0.000501944046836077,0.000501892546828923,0.000478329064189202,0.000460003265564016,0.000442092957925719,0.000446453428716258,0.000435929255141118,0.000438648513702712,0.000378111223676245,0.000245413911934826,7.48513812393777e-05,-0.000115981378937507,-0.000266748323662008,-0.000461823399147247,-0.000600802128667963,-0.000733553653969305,-0.000828828627968054,-0.000816091519102603,-0.000749388084742149,-0.000667639631243548,-0.000641362789704136,-0.000615078539701512,-0.000581687107600169,-0.000541434074440005,-0.000408512735305277,-0.000103800165963387,0.000176533388204616,0.000417481045028988,0.000651592883821214,0.000906613645498554,0.00117752761866452,0.0014212520752952,0.00162551796571708,0.0016764620318956,0.00161186896790043,0.00159098063063886,0.00152074122614463,0.00134529948569689,0.00118095861932911,0.00108781220968047,0.0010721256324671,0.00106523699353502,0.0010716881204236,0.00106478524610667,0.00107743400384302,0.00110204861425492,0.0010881348592792,0.00108160080179513,0.00107789572491753,0.00103158541548105,0.00093714614568885,0.000860580295259063,0.000767947653862074,0.000630123109060327,0.000460830616894288,0.000325310800378717,0.0002736895722876,0.000323967936419881,0.000504832665391156,0.000523829013962099,0.000311593882471969,2.06710233736744e-05,-0.000489978617936968,-0.00131036148063261,-0.001733898891131,-0.00172837038201595,-0.00169767584372738,-0.00166525641443089,-0.0015555001894063,-0.00133458832769837,-0.00116825539638948,-0.00118827490933512
-0.00182250743712406,-0.00183708162898391,-0.00180020456476976,-0.00170163958159453,-0.00156883702030755,-0.00143344054337222,-0.0012706196226025,-0.00102372403190135,-0.000692037098491624,-0.000270829296328805,8.02632599886839e-05,0.000356199451410057,0.000395070571493038,0.000170948438236618,-0.000262654100788989,-0.000928604541372509,-0.00164845555509906,-0.00215227205559096,-0.00264809587211872,-0.0030253177946752,-0.00317969019965025,-0.00302207500306704,-0.00252399911581494,-0.00214761432248159,-0.00176853536166607,-0.00136218511914291,-0.000983221333040119,-0.000692715433828529,-0.000438256065213794,-0.000122811282059607,0.000201202713287947,0.000451431954354748,0.000626928972068532,0.000649379664696397,0.000531096355813004,0.000525167489929241,0.00052022991387639,0.000556710530493692,0.000605127929410377,0.000644541419280107,0.000657648473551137,0.000648084459766288,0.000602132394726325,0.000503982417657487,0.000411410482254047,0.000337618385976981,0.000326330864795606,0.000292476229289584,0.000353509958275183,0.000212356785459264,6.76085958460915e-05,-4.59658988453682e-05,-0.000132820856014654,-0.000204827988588729,-0.000267644042236628,-0.000339399226460091,-0.000260979048128981,-0.000117842465062116,2.07163954064303e-05,0.000146710802922405,0.000376614599451004,0.000565960588793078,0.00074591051861863,0.000973297957251328,0.00128439375436328,0.00158501174814601,0.00188973788113959,0.00219810842183905,0.00249226019523166,0.00274438333157144,0.00291458962352335,0.00295610275964706,0.00265611582415035,0.00229799307586823,0.00194461141410821,0.00161061777770112,0.00121099545919869,0.00091352725380759,0.000785484153820092,0.000689559588516062,0.000590875140642044,0.00055500644685667,0.000580506839656378,0.000673270378239477,0.000763656267582749,0.000861091156955783,0.000966014250489484,0.00110749203518802,0.00127881817815474,0.00155195021216142,0.00177684981977264,0.00179936977496901,0.00163599692085956,0.00144621389006244,0.00131452563084807,0.00122074433234622,0.00122111747280325,0.00107940782870715,0.000789841890854293,0.000407554087518289,-5.01375365580467e-05,-0.000456768697028848,-0.000639814193473892,-0.000921114542109386,-0.00131297613884027,-0.00166439452612108,-0.0017570983962889,-0.00149541895116806,-0.00104506483381586,-0.00106478148676656
-0.00271935326487437,-0.00257133465855422,-0.00242101744994691,-0.00214861386594542,-0.0017470771579722,-0.00132058153870486,-0.000913510874851073,-0.000580198055621914,-0.000286317809874689,-0.000126372705676649,-3.44091936373518e-05,8.53749823351872e-05,7.70623672595987e-05,-0.000174736266391059,-0.000608623253674414,-0.00111313381698852,-0.001557891376611,-0.00240116776688373,-0.00282921784139506,-0.00272176262874692,-0.00263358662688325,-0.00254184933832435,-0.00235423284626835,-0.00207421840556669,-0.00191488066002341,-0.00165796894331058,-0.00124020175329436,-0.000787775246471169,-0.000361464535502246,-6.85151160388069e-05,8.35679906022067e-05,0.000221975896119777,0.000434404201265367,0.000460041494977434,0.000562903824622948,0.000519299439863191,0.000442639840709936,0.000488733593783423,0.00057971688354675,0.000623406150932391,0.00060216764963823,0.000455111690184595,0.000338419803377349,0.000184019874369545,3.73662449968562e-05,-0.000110925656711878,-0.000277602021265085,-0.000465205763486145,-0.000519052829607626,-0.000406932597806751,-0.000156298265924767,-0.000104633141953945,-7.46507572049991e-05,-2.85224714571611e-05,2.7132769103929e-05,8.65334104488691e-05,0.000185922608614048,0.000353786792752086,0.000609520540305133,0.000909841926357967,0.00120096324374495,0.00147668939165948,0.00170982227000286,0.00187818805289629,0.00204401813412748,0.00223056938580234,0.00251614157802959,0.00289287181480805,0.00320685009338306,0.00334908172079405,0.00323150420521975,0.00311403910857833,0.00293470288596404,0.00233330740298464,0.00146357133933729,0.000794341810216313,0.00027605770097403,-0.00013775569393306,-0.000381073096298359,-0.000447603920287941,-0.000374308676127913,-0.00043465431041648,-0.000526512169094457,-0.000495086541522118,-0.000395813238773135,-0.00019975317459428,0.000140735978342299,0.000522662366556789,0.00100152862404838,0.0013863026417148,0.00147493278176239,0.00121863519616334,0.000760654629860365,0.000614490039572535,0.00132454956828985,0.00180434715493002,0.00121630354900838,0.000944293130093921,0.000620974175265507,0.000280557320454185,0.000114596173394351,-0.000319333361597736,-0.00085640854026317,-0.00129866317675907,-0.00168318322483064,-0.00192989576536923,-0.00200878462812296,-0.00188932104643062,-0.0015120283142547,-0.00153014055975034
-0.00313198319730033,-0.00313132060867173,-0.00300284465831223,-0.00273365147865593,-0.00236217758777754,-0.00186938767194993,-0.00116713652938336,-0.000426966775699353,-9.95226431808466e-05,0.000299574733718125,0.000641760768779434,0.000765252152035281,0.000720685154071879,0.00033644791770128,-0.00014693327533858,-0.000578698103014474,-0.00113066087183911,-0.00141138472746812,-0.00147481925163515,-0.00161853860514401,-0.00164964717954312,-0.00170314275496718,-0.00171757077062923,-0.00178845062812898,-0.00184902217469393,-0.00174396080969791,-0.00152763839273866,-0.00109727472692876,-0.000515233098605344,-8.89709999267376e-05,3.90233522038581e-05,0.000101793067317345,0.000227565437661778,0.000364717575680591,0.000543986419488242,0.000602776434099534,0.000528719735612741,0.000498719138312273,0.000526386756406786,0.00045739267482647,0.000339182793247246,0.000133002017607554,-0.000180198216678237,-0.000402137412384401,-0.000541243412134403,-0.000731381863865177,-0.000968220127754601,-0.00115036379948468,-0.00116643834179634,-0.00112197081890772,-0.000927951041281893,-0.000465292557676571,-8.57065715861235e-05,7.13665017549499e-05,0.000248374518901365,0.000456407646335907,0.000691759635502588,0.000978052311090693,0.00129394097284426,0.00164603379958926,0.0019912775893772,0.00218667616890322,0.0022595140409028,0.00237229313112752,0.00251060743868562,0.00250948155889398,0.0026764080966384,0.00286223648937544,0.00289116598716303,0.00289651724619014,0.00282493760091732,0.0026637715353217,0.00235970398224911,0.00179346869906929,0.00100136089293088,0.000452658515450045,2.43978575467721e-05,-0.000388230258085646,-0.000710695735871833,-0.000897476733162157,-0.00101476640949125,-0.00105969989246808,-0.00121563689348889,-0.00135554649223012,-0.00111527318920413,-0.000759054739455367,-0.000256588148135617,0.00032763972064739,0.00092355385285888,0.00106821702368825,0.000943185656768143,0.000277764726148176,-0.00118146500068669,-0.00142069866867829,-0.000979449020721862,-5.95594784601784e-05,0.000739734125525637,0.00068909203060627,0.000783436913262131,0.000967083383524248,0.000295315155533299,-0.000445878500512351,-0.000883835619120421,-0.00115392604597285,-0.0013765798642426,-0.00153491230269935,-0.00160201504699112,-0.00156769447417689,-0.00144781444951367,-0.00146629425402334
-0.00298097969343995,-0.0030428629345966,-0.00299749814701981,-0.00285733802262621,-0.0025923740202228,-0.00221625974891819,-0.0017525535069034,-0.00115307861831345,-0.000479883756242444,0.000228784184598124,0.000798607645370542,0.00130726014295501,0.00151826682805084,0.00145047972248619,0.00109011193774033,0.000655063903932135,0.000171735187797686,5.97270921595672e-06,-0.000136246203460234,-0.000281169544003611,-0.000443031748494365,-0.000677593571155904,-0.000844174181088828,-0.000964284670020091,-0.00103963926451923,-0.001068887035263,-0.00102586976861591,-0.000818342287502282,-0.000456224615628536,-0.000183975542470225,-7.45046201567658e-06,0.000127842460273612,0.000260230121344604,0.000428164400370292,0.000626924334286664,0.000847306522804719,0.000913142009081825,0.000806229421623299,0.000730573179800116,0.000633530285177913,0.00045061068549793,0.000212541135134199,-0.000196476176202109,-0.000556398866330528,-0.000825492122510318,-0.00106359267691448,-0.0012660746523627,-0.00141883508167129,-0.00152154610948493,-0.00146139425447309,-0.00128614915289491,-0.000952879282405374,-0.000501114234534441,1.99035558086508e-05,0.000418684634202242,0.000767507879544591,0.00114438301981018,0.00155825220045692,0.00203743300612184,0.00250989285390235,0.00280743263183513,0.00295644588976489,0.00302323271411113,0.00302145334626609,0.0028704737989546,0.00258975605074237,0.00236602745546009,0.00229696434812535,0.00234372737529109,0.00236532298371146,0.00232650258145471,0.00223351732833525,0.00207396385745383,0.0017121743190058,0.00126607052008768,0.000795400340344227,0.000343924225890434,-3.14110446579391e-05,-0.000342309364917442,-0.000513048480875834,-0.000901749973453492,-0.0011658308502796,-0.00121874565107073,-0.000935636625036068,-0.000775503110561671,-0.000551028741545386,-0.000224328101802514,0.00025711162719382,0.000838241198569531,0.000845734270718859,0.000743646067434552,2.81493747433352e-05,-0.00165515324096301,-0.00239232301763079,-0.00226996330162432,-0.00195051909940258,-0.00154111661900802,-0.000730961534091329,0.000401327998506978,0.000864763052520839,0.000766264244312337,0.000446804977077331,0.000139250261330548,-2.24012860148837e-05,-0.000135141992019028,-0.000235561641544646,-0.000322204289668282,-0.000460080096893467,-0.000543596253669065,-0.000563176227131451
-0.00264911845898033,-0.00278789068495633,-0.00288209128398054,-0.00290212619043251,-0.00278135875191193,-0.00249144080950156,-0.00207363174826428,-0.00154069283115252,-0.000831263888991726,8.59241008466932e-06,0.000782752013820637,0.00131599687328088,0.00170223529691299,0.00202230476484505,0.00202847287672253,0.00165890069906771,0.00129692067510206,0.00108331064015776,0.000918362915867638,0.000723986750608308,0.00046543111412093,8.45513239483217e-05,-0.000244698103005252,-0.0004751603609848,-0.000664813240741496,-0.000848959772279216,-0.00086154800091956,-0.000720000084907656,-0.000487887502423033,-0.00026282559467185,-7.49901430020395e-05,0.000102636183029522,0.000294691662988473,0.000507739299412127,0.000708380460602268,0.000871863829248622,0.00102766151714536,0.00107322074930971,0.000982461437707858,0.000842044373405465,0.00066942999013064,0.000426143975428415,0.000102808361639468,-0.000305979579515003,-0.000629622377331433,-0.000854270602031679,-0.00107802995254584,-0.00142220488560646,-0.00161110161040755,-0.00151838358246818,-0.0013562456367272,-0.00108239313947524,-0.000663623361362005,-7.25891890544679e-05,0.000538420106090939,0.0010204201251055,0.0014296392879551,0.00191546957704092,0.00257110695120909,0.00309783092820572,0.00341368823233576,0.00354995444671,0.00363808461993282,0.00366652046351497,0.00343701074164309,0.00290091088072532,0.00255703572534583,0.00234186616745795,0.00228577633729025,0.00226814606239072,0.00223601014821495,0.00226750325747108,0.00224523414248,0.00207810774543292,0.00176515798403627,0.00135772885140913,0.000985572569808534,0.000730045467938308,0.000553640736642172,0.000402733611648623,0.000215857373891475,-0.00010416019506063,-0.00022520587406441,-0.000130491511231075,-2.13346053131169e-05,0.00013839786928704,0.000282702231122037,0.000570802459102661,0.000791532415940072,0.000834379402222007,0.000594544723666582,0.000201276054008399,-0.00039102314675625,-0.00122986448849401,-0.00152260024433142,-0.00147350477738901,-0.00145690118917929,-0.00104143859428349,-0.000160784591124563,0.000775175474766576,0.00114671837518271,0.00135481815119309,0.00153998514804332,0.001651110416656,0.00171850600926332,0.00171373778618106,0.00167635343730774,0.00166199309041984,0.00162951035300996,0.00160784710481562
-0.00195017196066383,-0.00211702283633686,-0.00225853696342543,-0.00236949873006509,-0.0024198696075538,-0.00240773932250343,-0.00231236413710112,-0.0020860232970098,-0.00172751984966182,-0.00115433576576666,-0.000121674192707304,0.000746070130647813,0.00123673783866945,0.0017571382699712,0.00217142538747089,0.00227762358391409,0.00216116841145023,0.00191516536007885,0.00174967750688275,0.00158738881534529,0.00127979422687464,0.0006826953203431,0.000206359918665779,-0.000149217515856268,-0.000393420668015468,-0.000642726509689346,-0.000652238167870883,-0.000625858061046917,-0.000556602709892051,-0.000342514552937464,-0.000148467421324445,5.47903349216675e-05,0.000251256568805265,0.000482558330382549,0.00072249651264813,0.000954450676371963,0.00111937343750943,0.00115139075266629,0.00110886443233832,0.00098439980280466,0.00080186292911285,0.000582332252979875,0.000284867915255014,-7.0581650671829e-05,-0.00045701289231468,-0.00077614879004163,-0.00103133057058903,-0.00128410261815097,-0.00150549816148269,-0.00155188055660785,-0.00136746393841921,-0.00109229601883992,-0.000701106571422236,-0.00018679199185382,0.000486144786023157,0.00121941756276159,0.00192577764972336,0.00257063480180064,0.00302942301473669,0.00347096095129986,0.00393916938807346,0.00414039537572175,0.00439727969738951,0.00451038359293245,0.00367338991252675,0.00312088869218428,0.00274830659277105,0.00246045221502789,0.00228059179495113,0.00231613091340683,0.00242671378495085,0.00245132136435516,0.00244263094829799,0.00234681183673442,0.00210856664685185,0.00178987556429112,0.00148401588528957,0.00125677244477991,0.00114654772783578,0.00105679192076451,0.000927047201409008,0.000757415331162338,0.000611875279440767,0.000432370057949709,0.000403342905057405,0.000419614137405676,0.000516271293647917,0.000599990122147537,0.000648747908298219,0.000689429705782944,0.000499865783622846,0.000246372814026143,-7.23641752568838e-07,-0.000157767264043471,-0.000395726404413349,-0.000610153318416018,-0.000379980527973223,-4.49459598109991e-05,0.000460722831032136,0.00126761387734602,0.00211046209939534,0.00256439802893077,0.00285621783322373,0.0030682176036223,0.00333037438730005,0.00352737574436932,0.00368035352844226,0.00387303347009429,0.00409080491004282,0.0040667356529481
-0.000982173745822795,-0.00132210527420967,-0.00163483940538556,-0.00190639377296806,-0.00217677814883346,-0.00232153841255781,-0.0024263062408246,-0.00248563839903265,-0.00244951717648081,-0.00216707112872239,-0.00141384039295309,-0.000518618453593273,0.000196221149513717,0.00106991512874918,0.00194334778560648,0.00276916869697577,0.00307211425137688,0.00249547057018661,0.00219677737315838,0.00199270162939864,0.0016911700004586,0.00110982418543904,0.00040133701573106,-4.99359448852127e-05,-0.000296541165610453,-0.000524993081830178,-0.0006051229244285,-0.000634676579587809,-0.000593679541547067,-0.000508487263044118,-0.00026349838124495,7.34460438920129e-07,0.000356884567940696,0.000630308983185654,0.000892055619252097,0.00108201583765923,0.00117272116437319,0.00126194048464734,0.00121943658855393,0.0010034432988358,0.000852926079915529,0.000696351080835262,0.000455580273724212,0.0001496342022847,-0.000193396844621397,-0.000496583345325768,-0.000736718033851252,-0.000979426991982061,-0.00137468190338625,-0.00156149285678738,-0.00148735389261555,-0.00117433482455107,-0.000861767505420923,-0.000387131271164968,0.000334093979443031,0.00132540837715967,0.00218521873424287,0.00277622377642157,0.00334562208661325,0.00388290012354141,0.00454396001092348,0.00492517273999987,0.00520409241464488,0.00482953856980772,0.00382775947042219,0.00320062396528365,0.00285736468563266,0.00257035147809397,0.00242316698849298,0.00241638566429996,0.0025404801007474,0.00257562883044204,0.00266224815615664,0.00270925898546752,0.00256124447797537,0.00227513123252171,0.00198945254738964,0.00180079705928659,0.00170550144387566,0.00160115842213496,0.00146007800474922,0.00128406905532652,0.00118503750128077,0.000980382984995268,0.000899747581144736,0.00083924748989235,0.000774944959640991,0.000708382251135328,0.000765724397535292,0.000635594207916368,0.000399423973724805,0.000161749073531628,2.66957302383769e-05,-3.50403005256322e-05,-5.65936290059799e-05,-0.000127387634255974,-0.000126955025352843,0.000183552611879245,0.000641690790488092,0.00130011134359787,0.00228202412398586,0.00319731240181685,0.00370200096131135,0.00413160003928131,0.00461199312961605,0.00502318578310448,0.00564105999634157,0.00621324268251747,0.00674941018479483,0.00672488004740801
0.000235294498994704,-0.000335052528057378,-0.000860727747897166,-0.00132276182111568,-0.00176260829673003,-0.00209972127783473,-0.00236793340925798,-0.00252927406677894,-0.00260263953634934,-0.00242558014203961,-0.00176904052178686,-0.00123627354065753,-0.000404386854498201,0.000441175364327431,0.00153378186887058,0.00222571311107775,0.00269488763219999,0.00266687443238539,0.00244213312649696,0.00205511836168546,0.00172661606807415,0.00117435792709053,0.000317276035715113,-0.000187023212628952,-0.000447384673847293,-0.000723171691567057,-0.000748334743280205,-0.000769534222599066,-0.000760599141646404,-0.000871362229505554,-0.000609200437712131,-0.000404175733025775,0.000314999100277318,0.00083825315661494,0.00112165410411193,0.00127174157451905,0.00121205601709949,0.00127211576136296,0.00109136064402208,0.00109011332134348,0.000961485514575072,0.000786810448620903,0.000691089243490567,0.000394817521769397,8.09548144036706e-05,-0.000280426758211633,-0.000547030718936775,-0.000761091563210151,-0.00109550102335414,-0.00162976730294322,-0.0016758473062859,-0.00143668154370059,-0.00116682519988395,-0.000728059018904997,3.99255578580424e-05,0.00124947722721189,0.00236686040796915,0.00293449763007188,0.00340340365182764,0.00391169687387356,0.00470751639812292,0.00539008872304161,0.00555790137851137,0.00521618606136605,0.00377789621374835,0.00323085932396855,0.00299758182779305,0.00271039663527597,0.00239495625515886,0.00249661037534543,0.00269712691530931,0.00275201978813622,0.002811025159154,0.00293644811918676,0.00292976351701341,0.00272499510836039,0.00245114849599472,0.00225966131084673,0.00215092869096745,0.00203130346362683,0.00186724639471586,0.00172468466604143,0.00160702411273525,0.00132670814347004,0.00111962888405755,0.000996804656285669,0.00087246705770451,0.000672761555847112,0.000580760343171824,0.000381850792499916,0.000249566803891786,-2.610047661597e-06,-0.000135937325652341,-0.000134600122033812,-5.80498921262246e-05,-1.26374394575079e-05,-0.000133772045811054,2.5865288921012e-05,0.000411484049768984,0.000936920649522638,0.00174983259726225,0.00283987981218495,0.00370792450676451,0.00448783009067352,0.00504297177948428,0.00567282666464131,0.00639561953281967,0.00720427446074312,0.00823630304856227,0.00821450336458998
0.0015606183896523,0.000785810924981117,4.29349327145945e-05,-0.000617018271266201,-0.00120615319604037,-0.00166577704594642,-0.00189813193084942,-0.00205071477947621,-0.00187518498085743,-0.00142463717609673,-0.0010995561831659,-0.000754694375542903,-0.000398051170404867,6.48311607499008e-05,0.000673882090413358,0.00139106715404144,0.00184718050685651,0.00213248486511698,0.00220467101210624,0.00205389264178107,0.00161052011665804,0.000922175805236739,0.000175811846725955,-0.000346095544353265,-0.000656476240977522,-0.000852052039448589,-0.000875620690267857,-0.000859538287621815,-0.000843864351838378,-0.000894330979150357,-0.000930154868680477,-0.000707104070706899,7.8276999630273e-05,0.000745200981725237,0.00111460966520693,0.00131169569755588,0.00123038080517073,0.00117688189940043,0.00122389354336257,0.00110229289938418,0.000979282510531185,0.000795653187614029,0.000606568318558119,0.00035339644932629,2.49707666580973e-05,-0.000305197272901701,-0.000605809934473962,-0.000830250253510009,-0.0011551278078019,-0.00167783996847801,-0.00187825720474014,-0.00175240918300053,-0.00149042445872037,-0.00105429828541069,-7.47389572955779e-05,0.00138862354337698,0.00234446511034265,0.00289587956626928,0.0033319921514772,0.00375832396760126,0.0043060971447904,0.00510118396090343,0.00516838769440135,0.00435847571000998,0.00363930945773797,0.00326544929618628,0.00295876903161508,0.00269061389476162,0.00269661074405511,0.00273304281458719,0.00282951240224996,0.00283709890353625,0.00285620937911168,0.00291433520365262,0.00282173990379997,0.00268743712775665,0.00269777967997546,0.00243796079018854,0.00231617084098334,0.00212616770453578,0.00196629561192345,0.00180791935797793,0.00163424552613291,0.00136055738267828,0.001101250897952,0.000815088489468832,0.000636004960108141,0.000415538216143999,0.000205995788954819,-8.80553308901799e-06,-0.000192031288211762,-0.000259816778536093,-0.000399892811265692,-0.000446309866772091,-0.000383563020004807,-0.000302074378856973,-0.00036538378787207,-0.000575503506342917,-0.000261160286672973,0.000183336790110344,0.000769321443450405,0.00154319248847484,0.00255771949403674,0.00357056240439416,0.00457789502316425,0.00540795213786861,0.00620265413880951,0.00714913834523187,0.00823792996143291,0.00822181929912583
0.00270218171064388,0.00172393448219693,0.000870354187072014,0.000120975552595659,-0.000404524187795435,-0.000728796492164174,-0.000898675045281377,-0.000828975614492078,-0.000654944474850483,-0.000388915380396926,-9.98685824253887e-05,0.000207790785693079,0.000529311158078027,0.000907121617865103,0.00131955680926066,0.00172808209638833,0.00217385981947665,0.00244057873636797,0.00252023118642539,0.0023211977282125,0.00169152773949445,0.0010976837011365,0.000556095875590419,6.37612241282115e-05,-0.000290604637895993,-0.000450190380709467,-0.000490866602697398,-0.000504252290109267,-0.000514805354334055,-0.000489390839671824,-0.000443516681729497,-0.000297859571142756,8.42127499248654e-05,0.000482460145465779,0.000744183789882391,0.000926124425777997,0.000954008021653074,0.000873479064267879,0.000942458657121698,0.000786962166807875,0.000675620264549412,0.000407690729990973,0.000171415031106584,-7.73989235160755e-05,-0.000352698175593205,-0.000612578725581139,-0.000932048266597985,-0.00125170644648735,-0.00151882869125699,-0.00180875958958268,-0.00174781645639628,-0.00161928879099649,-0.00104532857714199,-0.000416774636774836,0.00051735251487554,0.00147406954573277,0.00219618489810358,0.00272293213824009,0.00321495272975477,0.00366933205102433,0.00401759454125442,0.00421306718457667,0.00435216794329538,0.00404354350928055,0.00383843221375588,0.00359351221054355,0.00333822450750912,0.00314567114754515,0.00312129989450383,0.00313480505175008,0.00310753105275118,0.00302863660109527,0.00291720096771061,0.00284537109143994,0.00269200508904565,0.00260795891576869,0.00247839759522631,0.00230602187201208,0.0021382663458385,0.00195148015778873,0.00176630938192478,0.00157964285926747,0.00138563955210907,0.00111897797269396,0.000840993104004456,0.000519136402806847,0.000207655162407172,-5.25110474055984e-05,-0.000304614450054724,-0.00050002106128598,-0.000655304880973866,-0.000803343103695696,-0.000945458592402124,-0.00103819022103974,-0.00106587322911846,-0.00110673663369515,-0.00121468084314239,-0.00139589720131506,-0.00130181682450609,-0.00114929588444226,-0.000726859982558031,-8.56078425122142e-05,0.000690347215515891,0.00168726840500186,0.00274759456299781,0.00386289465189948,0.00498669792111989,0.0061314107878119,0.00732445679712221,0.0073143695086558
